legacy_item_id,slug,product_code,name,description,category_slug,subcategory,size_display,thickness_in,width_in,material_raw,price,seo_title,seo_description,image_url,legacy_views,status,legacy_post_slug
1487,sho-moulding-sho305f,SHO-305F,305 Shoe Rail,,UNASSIGNED,,"3/4 X 3""",0.75,3.0,wood,,,,https://www.royalwoodshop.com/wp-content/uploads/2017/07/Mouldings/SHO-305F-3d.jpg,0,published,
1523,architrave-pediment-arc401,ARC-401,"Architrave Header Cap Moulding for door header 4-3/4"" arc-401","This is a one piece architrave is also called a door and window header or pediment. It is the top horizontal trim piece over the door or window. It will be wider and thicker than the casing. It has a commanding architectural presence. You do not mitre the casing around the door when you use architrave. The casing comes up each side of the door and butts into the bottom of the architrave. Architrave moulding is a very classic look and can come as a one piece mould, or often built up out of three or more separate trim pieces.",trim-mouldings,Architrave,1-3/4 x 4-3/4,1.75,4.75,wood,,"4-3/4"" Architrave 401",,https://www.royalwoodshop.com/wp-content/uploads/2017/07/Mouldings/ARC-401-3D-architrave-pediment-header.jpg,643,published,architrave-pediment-arc401
1525,backband-moulding-bac1d2,BAC-1D2,Plain Bevel Backband Mould bac-1D2 York Region,This simple and modern bevel design backband mounts to the outside edge of the casing and ads width and depth to the casing. It is rabetted to accomodate a 3/4″ thick casing,trim-mouldings,Backband,13/16 x 1-3/8,0.8125,1.375,wood,,"1-3/8"" Backband Mould 1D2",,https://www.royalwoodshop.com/wp-content/uploads/2017/07/Mouldings/BAC-1D2-3D.jpg,280,published,backband-moulding-bac1d2
1526,large-modern-transitional-backband-moulding-bac1l0,BAC-1L0,Large Poplar Backband 1L0 Primed,This modern and transitional design backband mounts to the outside edge of the casing and adds 1″ of width and 1-5/16″ depth. It is rabbeted to accommodate a 3/4″ thick casing,trim-mouldings,Backband,1-5/16 x 1-5/16,1.3125,1.3125,Primed wood,,"1-5/16"" Backband Mould 1L0",Explore our premium %%title%% & transitional mouldings for timeless elegance. Exceptional craftsmanship at Royal Wood Shop.,https://www.royalwoodshop.com/wp-content/uploads/2017/07/Mouldings/BAC-1L0-3D-large-modern-transitional-backband.jpg,413,published,large-modern-transitional-backband-moulding-bac1l0
1527,backband-moulding-bac102,BAC-102,Poplar Backband Trim bac-102,This versatile design backband mounts to the outside edge of any style of casing and ads width and depth to the casing. It is rabetted to accomodate a 3/4″ thick casing,trim-mouldings,Backband,3/4 x 1-1/4,0.75,1.25,wood,,"1-1/4"" Backband Mould 102",,https://www.royalwoodshop.com/wp-content/uploads/2017/07/Mouldings/BAC-102-3D-backband-moulding.jpg,344,published,backband-moulding-bac102
1528,backband-moulding-colonial-bac121,BAC-121,Coventry Backband Mould bac-121 York Region,This classic coventry Backband trim mounts to the outside edge of any traditional style casing and ads width and depth to the casing. It is rabetted to accomodate a 3/4″ thick window trim.,trim-mouldings,Backband,13/16 x 1-9/16,0.8125,1.5625,wood,,"1-9/16"" Backband Mould 121",,https://www.royalwoodshop.com/wp-content/uploads/2017/07/Mouldings/BAC-121-3D-colonial-backband.jpg,351,published,backband-moulding-colonial-bac121
1529,backband-moulding-modern-transitional-bac154,BAC-154,"Contemporary Backband Trim for depth, character, and architectural detail","This modern and transitional design backband mounts to the outside edge of the casing and adds width and depth to the casing. It is rabetted to accomodate a 3/4″ thick casing. Backband moulding is an excellent way to add depth, character, and architectural detail to standard door and window trim. Installed around the outside edge of casing, it creates a more substantial, custom-built appearance that enhances both traditional and upscale transitional interiors. Backband moulding can also make trim profiles appear larger and more elegant without requiring wider casing boards. Whether you're renovating a heritage home or adding a touch of luxury to a new build, backband moulding delivers a timeless, high-end finish that increases visual appeal and perceived value.",trim-mouldings,Backband,3/4 x 1-1/4,0.75,1.25,wood,,"1-1/4"" Backband Mould 154",,https://www.royalwoodshop.com/wp-content/uploads/2017/07/Mouldings/BAC-154-3D-modern-transitional-backband.jpg,403,published,backband-moulding-modern-transitional-bac154
1530,backband-moulding-large-traditional-heritage-bac-174,BAC-174,Large Heritage Backband Moulding Poplar bac-174 Toronto,"Our in stock large Legacy, Heritage / Victorian-style backband adds bold depth and architectural richness to any door or window casing. Its layered, decorative profile enhances standard trim by creating shadow lines and dimensional detail that reflect classic Victorian craftsmanship. Ideal for traditional and heritage-inspired interiors, it elevates even simple casing into a more substantial, custom millwork feature. The larger scale of the profile makes a strong visual statement, helping to frame openings with elegance, presence, and timeless character. It is rabetted to accomodate a 3/4″ thick casing.",trim-mouldings,Backband,1-5/8 x 1-5/8,1.625,1.625,wood,,"1-5/8"" Backband Mould 174",,https://www.royalwoodshop.com/wp-content/uploads/2017/07/Mouldings/BAC-174-3D-large-backband.jpg,215,published,backband-moulding-large-traditional-heritage-bac-174
1531,two-inch-door-stop-moulding-bac200,BAC-200,"2"" Door Stop 200",This 2-inch backer strip is more comonly used as a large door shop or shoe moulding on large baseboards. It is also used as a decorative moulding for various cabinetry pieces.,trim-mouldings,Door Stop,"1/2 x 2""",0.5,2.0,wood,,"2"" Door Stop 200",,https://www.royalwoodshop.com/wp-content/uploads/2017/07/Mouldings/BAC-200-3D.jpg,109,published,two-inch-door-stop-moulding-bac200
1532,backerstrip-bac205,BAC-205,2-1/2 backer strip 205,2-1/2″ symmetrical backer strip moulding,trim-mouldings,Decorative,1/2 x 2-1/2,0.5,2.5,wood,,,,https://www.royalwoodshop.com/wp-content/uploads/2017/07/Mouldings/BAC-205-3D.jpg,173,published,
1533,backerstrip-bac405,BAC-405,"4"" Backer Strip 405",4″ symmetrical backer strip moulding,trim-mouldings,Decorative,"1/2 x 4""",0.5,4.0,wood,,,,https://www.royalwoodshop.com/wp-content/uploads/2017/07/Mouldings/BAC-405-3D.jpg,83,published,
1534,backband-moulding-builder-casing-bac4697,BAC-4697,Builder Casing Backband Trim Moulding 4697 York Region,"This colonial design backband mounts to the outside edge of 5/8″ builder casing and ads width and depth to the casing. It is rabetted to accomodate any 5/8″ thick casing and is great for when people upgrade to a thicker base, but not yet ready to change out the trim. This added backband to the trim will accommodate a thicker base and the shoe can but into the backband as well for a better fit and finish look.",trim-mouldings,Backband,5/8 x 1-5/16,0.625,1.3125,Raw FJ Pine,,"1-5/16"" Backband Mould 4697",,https://www.royalwoodshop.com/wp-content/uploads/2017/07/Mouldings/BAC-4697-3D-backband-for-builder-casing.jpg,198,published,backband-moulding-builder-casing-bac4697
1535,bar-railing-bar301,BAR-301,3-5/8 Bar Rail,Classic pub style bar rail used as the outside edge of the bar,trim-mouldings,Railings,1-1/4 x 3-5/8,1.25,3.625,wood,,,,https://www.royalwoodshop.com/wp-content/uploads/2017/07/Mouldings/BAR-301-3d-bar-rail.jpg,247,published,
1536,bar-railing-bar501,BAR-501,5-1/4 Bar Rail 501,Classic pub style bar rail used as the outside edge of the bar,trim-mouldings,Railings,1-3/4 x 5-1/4,1.75,5.25,wood,,,,https://www.royalwoodshop.com/wp-content/uploads/2017/07/Mouldings/BAR-501-3D-large-bar-rail.jpg,97,archived,
1537,baseboard-plain-5-inch-bas5ar,BAS-5AR,Plain and Modern Profile eased edge Baseboard Wood and MDF Primed Bas-5AR,This 5-1/4″ plain contemporary design baseboard is simple and clean with no profile other than an eased top edge. Baseboard ties the wall and floor together offering a visual foundation. It protects the walls from bumps and cleaning. The baseboard should compliment the style of casing and should be thinner and wider than the casing. Shoe mould often accompanies the baseboard if the floor is uneven or there is gaps between the baseboard and the flooring.,trim-mouldings,Baseboard,5/8 x 5-1/4,0.625,5.25,wood,,"5-1/4"" Baseboard 5AR",,https://www.royalwoodshop.com/wp-content/uploads/2017/07/Mouldings/BAS-5AR-3D-plain-baseboard.jpg,594,published,baseboard-plain-5-inch-bas5ar
1538,baseboard-regal-5-inch-bas5c9,BAS-5C9,"Poplar Regal Baseboard 5-1/4"" Bas-5C9",This 5-1/4″ regal baseboard offers another decorative option that compliments a classic design. Baseboard ties the wall and floor together offering a visual foundation. It protects the walls from bumps and cleaning. The baseboard should compliment the style of casing and should be thinner and wider than the casing. Shoe mould often accompanies the baseboard if the floor is uneven or there is gaps between the baseboard and the flooring.,trim-mouldings,Baseboard,5/8 x 5-1/4,0.625,5.25,wood,,"5-1/4"" Baseboard 5C9",,https://www.royalwoodshop.com/wp-content/uploads/2017/07/Mouldings/BAS-5C9-3D-regal-baseboard.jpg,116,published,baseboard-regal-5-inch-bas5c9
1539,baseboard-ornamental-5-inch-bas5e9,BAS-5E9,"5-1/4"" Baseboard 5E9",This 5-1/4″ ornamental baseboard offers a decorative substitute to the classic colonial style baseboard. It ties the wall and floor together offering a visual foundation. It protects the walls from bumps and cleaning. The baseboard should compliment the style of casing and should be thinner and wider than the casing. Shoe mould often accompanies the baseboard if the floor is uneven or there is gaps between the baseboard and the flooring.,trim-mouldings,Baseboard,5/8 x 5-1/4,0.625,5.25,wood,,,,https://www.royalwoodshop.com/wp-content/uploads/2017/07/Mouldings/BAS-5E9-3D-ornamental-baseboard.jpg,118,published,
1540,baseboard-modern-transitional-5-inch-bas5m7,BAS-5M7,Step Bevel Baseboard Wood & MDF Primed 5M7 5-1/4 York Region Toronto,"This modern transitional baseboard offers clean lines and is versatile for classic, contemporary, and transitional design styles. Some people call this profile a step bevel base. Hardwood and softwood species come in 5-1/4 height and MDF is 5-1/2 inch high. Baseboard ties the wall and floor together offering a visual foundation. It protects the walls from bumps and cleaning. The baseboard should compliment the style of casing and should be thinner and wider than the casing. Shoe mould often accompanies the baseboard if the floor is uneven or there is gaps between the baseboard and the flooring.",trim-mouldings,Baseboard,5/8 x 5-1/4 (5-1/2 MDF),0.625,5.25,wood & MDF,,5M7 BASE 5-1/4,baseboard-modern-transitional-5-inch-bas5m7,https://www.royalwoodshop.com/wp-content/uploads/2017/07/Mouldings/BAS-5M7-3D-modern-transitional-baseboard.jpg,575,published,baseboard-modern-transitional-5-inch-bas5m7
1541,baseboard-ogee-5-inch-bas5y0,BAS-5Y0,Ogee Baseboard 5-1/4 bas-5Y0 York Region,"The ogee profile Baseboard combines timeless elegance with refined architectural detail, making it a popular choice for traditional, transitional, and classic interiors. The graceful S-shaped ogee curve adds depth, character, and visual interest while creating a polished transition between the wall and floor. Its versatile styling complements a wide range of trim and moulding profiles, helping to create a cohesive, upscale look throughout the home. Beyond its decorative appeal, a quality ogee baseboard helps protect walls from scuffs and everyday wear while enhancing the overall value and appearance of your space. The 5-1/4 and 7-1/4 Versions are available in both primed MDF and Primed FJ Poplar 16' lengths.",trim-mouldings,Baseboard,11/16 X 5-1/4,0.6875,5.25,wood,,"5-1/4"" Baseboard 5Y0",,https://www.royalwoodshop.com/wp-content/uploads/2017/07/Mouldings/BAS-5Y0-3D-ogee-baseboard.jpg,269,published,baseboard-ogee-5-inch-bas5y0
1542,baseboard-regal-7-inch-bas7a1,BAS-7A1,"7-1/4"" Regal Poplar Baseboard 7A1",This large 7-1/4″ regal baseboard offers another decorative option that compliments a classic design. Baseboard ties the wall and floor together offering a visual foundation. It protects the walls from bumps and cleaning. The baseboard should compliment the style of casing and should be thinner and wider than the casing. Shoe mould often accompanies the baseboard if the floor is uneven or there is gaps between the baseboard and the flooring.,trim-mouldings,Baseboard,11/16 x 7-1/4,0.6875,7.25,wood,,"7-1/4"" Baseboard 7A1",,https://www.royalwoodshop.com/wp-content/uploads/2017/07/Mouldings/BAS-7A1-3D.jpg,99,published,baseboard-regal-7-inch-bas7a1
1543,baseboard-modern-transitional-7-inch-bas7a7,BAS-7A7,"Step Bevel Baseboard Wood and MDF BAS-7A7 7-1/4""","This modern transitional baseboard offers clean lines and is versatile for classic, contemporary, and transitional designs. Other names for this baseboard include Step-bevel base, and contemporary base. Hardwood, softwood and MDF species are 7-1/4 inches tall. Baseboard ties the wall and floor together offering a visual foundation. It protects the walls from bumps and cleaning. The baseboard should compliment the style of casing and should be thinner and wider than the casing. Shoe mould often accompanies the baseboard if the floor is uneven or there is gaps between the baseboard and the flooring.",trim-mouldings,Baseboard,11/16 x 7-1/4,0.6875,7.25,wood & MDF,,BAS-7A7 7-1/4,,https://www.royalwoodshop.com/wp-content/uploads/2017/07/Mouldings/BAS-7A7-3D.jpg,1492,published,baseboard-modern-transitional-7-inch-bas7a7
1544,baseboard-ogee-7-inch-bas7k2,BAS-7K2,"Classic Ogee Profile Baseboard 7-1/4"" Bas-7K2 GTA",This 7-1/4″ ogee style baseboard can be used in both modern and classic designs and is available in both Primed MDF and FJ Primed Poplar 16' lengths. Baseboard ties the wall and floor together offering a visual foundation. It protects the walls from bumps and cleaning. The baseboard should compliment the style of casing and should be thinner and wider than the casing. Shoe mould often accompanies the baseboard if the floor is uneven or there is gaps between the baseboard and the flooring.,trim-mouldings,Baseboard,11/16 x 7-1/4,0.6875,7.25,wood,,"7-1/4"" Baseboard 7K2",,https://www.royalwoodshop.com/wp-content/uploads/2017/07/Mouldings/BAS-7K2-3D.jpg,196,published,baseboard-ogee-7-inch-bas7k2
1545,baseboard-modern-7-inch-bas7k3,BAS-7K3,"Extra Step Bevel Base Trim Poplar 7-1/4"" Baseboard 7K3",A large 7-1/4″ modern transitional baseboard offers clean lines for a contemporary and linear design. Baseboard ties the wall and floor together offering a visual foundation. It protects the walls from bumps and cleaning. The baseboard should compliment the style of casing and should be thinner and wider than the casing. Shoe mould often accompanies the baseboard if the floor is uneven or there is gaps between the baseboard and the flooring.,trim-mouldings,Baseboard,11/16 x 7-1/4,0.6875,7.25,wood,,"7-1/4"" Baseboard 7K3",,https://www.royalwoodshop.com/wp-content/uploads/2017/07/Mouldings/BAS-7K3-3D.jpg,157,published,baseboard-modern-7-inch-bas7k3
1546,baseboard-plain-7-inch-bas7t2,BAS-7T2,"Plain Primed FJ Poplar and MDF Baseboard 7-1/4"" Bas-7T2 Greater Toronto Area and Muskoka",This large 7-1/4″ plain contemporary design baseboard offers a simple and clean design with an eased top edge and no profile. Baseboard ties the wall and floor together offering a visual foundation. It protects the walls from bumps and cleaning. The baseboard should compliment the style of casing and should be thinner and wider than the casing. Shoe mould often accompanies the baseboard if the floor is uneven or there is gaps between the baseboard and the flooring.,trim-mouldings,Baseboard,11/17 x 7-1/4,0.6471,7.25,wood,,"7-1/4"" Baseboard 7T2",,https://www.royalwoodshop.com/wp-content/uploads/2017/07/Mouldings/BAS-7T2-3D.jpg,508,published,baseboard-plain-7-inch-bas7t2
1547,basecap-moulding-bas100,BAS-100,Poplar Base Cap Moulding 100 York Region,"This classic profile of base cap moulding is used on top of dimensional baseboard to give a plain baseboard a more finished, and decorative look. It is also used in a wide variety of cabinet making and trimwork projects. Its often used as a large inset panel moulding on wainscotting panelled walls.",trim-mouldings,Base Cap,3/4 x 1-1/2,0.75,1.5,wood,,"1-1/2"" Base Cap 100",,https://www.royalwoodshop.com/wp-content/uploads/2017/07/Mouldings/BAS-100-3D.jpg,428,published,basecap-moulding-bas100__trashed
1549,baseboard-colonial-3-inch-bas300,BAS-300,"Thin Colonial Baseboard Poplar 3-1/4"" Bas-300",This is a 3-1/4″ small colonial style baseboard. Baseboard ties the wall and floor together offering a visual foundation. It protects the walls from bumps and cleaning. The baseboard should compliment the style of casing and should be thinner and wider than the casing. Shoe mould often accompanies the baseboard if the floor is uneven or there is gaps between the baseboard and the flooring.,trim-mouldings,Baseboard,5/16 X 3-1/4,0.3125,3.25,wood,,"3-1/4"" Baseboard 300",,https://www.royalwoodshop.com/wp-content/uploads/2017/07/Mouldings/BAS-300-3D.jpg,442,published,baseboard-colonial-3-inch-bas300
1550,baseboard-thin-flat-plain-3-inch-bas301,BAS-301,"3-1/4"" Thin Flat bullnose Baseboard 301",This is a 3-1/4″ small thin flat baseboard. Baseboard ties the wall and floor together offering a visual foundation. It protects the walls from bumps and cleaning. The baseboard should compliment the style of casing and should be thinner and wider than the casing. Shoe mould often accompanies the baseboard if the floor is uneven or there is gaps between the baseboard and the flooring.,trim-mouldings,Baseboard,5/15 x 3-1/4,0.3333,3.25,wood,,"3-1/4"" Baseboard 301",,https://www.royalwoodshop.com/wp-content/uploads/2017/07/Mouldings/BAS-301-3D.jpg,76,published,baseboard-thin-flat-plain-3-inch-bas301
1551,baseboard-two-step-3-inch-bas306,BAS-306,"3-1/2"" Baseboard 306",This is a 3-1/2″ 2-Step baseboard which is often used for other decorative purposes in millwork projects. Baseboard ties the wall and floor together offering a visual foundation. It protects the walls from bumps and cleaning. The baseboard should compliment the style of casing and should be thinner and wider than the casing. Shoe mould often accompanies the baseboard if the floor is uneven or there is gaps between the baseboard and the flooring.,trim-mouldings,Baseboard,5/8 X 3-1/2,0.625,3.5,wood,,,,https://www.royalwoodshop.com/wp-content/uploads/2014/08/BAS-306.jpg,104,published,
1552,baseboard-colonial-4-inch-bas400,BAS-400,"Classic 4-1/4"" tall Colonial Baseboard York Region Toronto","This is a classic colonial style baseboard available in primed FJ poplar 16' lengths, and solid unprimed poplar random lengths. Baseboard ties the wall and floor together offering a visual foundation. It protects the walls from bumps and cleaning. The baseboard should compliment the style of casing and should be thinner and wider than the casing. Shoe mould often accompanies the baseboard if the floor is uneven or there is gaps between the baseboard and the flooring.",trim-mouldings,Baseboard,5/8 X 4-1/4,0.625,4.25,wood,,"4-1/4"" Baseboard 400",,https://www.royalwoodshop.com/wp-content/uploads/2017/07/Mouldings/BAS-400-3D.jpg,617,published,baseboard-colonial-4-inch-bas400
1553,baseboard-contemporary-4-inch-bas405,BAS-405,"4-1/4"" Baseboard 405","This 4-1/4″ modern transitional baseboard offers clean sharp lines and is versatile for classic, contemporary, and transitional designs. Baseboard ties the wall and floor together offering a visual foundation. It protects the walls from bumps and cleaning. The baseboard should compliment the style of casing and should be thinner and wider than the casing. Shoe mould often accompanies the baseboard if the floor is uneven or there is gaps between the baseboard and the flooring.",trim-mouldings,Baseboard,5/8 X 4-1/4,0.625,4.25,wood,,,,https://www.royalwoodshop.com/wp-content/uploads/2017/07/Mouldings/BAS-405-3D.jpg,816,published,
1554,baseboard-plain-flat-4-inch-bas411,BAS-411,"4"" Baseboard 411",This is a 4″ thin flat baseboard. Baseboard ties the wall and floor together offering a visual foundation. It protects the walls from bumps and cleaning. The baseboard should compliment the style of casing and should be thinner and wider than the casing. Shoe mould often accompanies the baseboard if the floor is uneven or there is gaps between the baseboard and the flooring.,trim-mouldings,Baseboard,"3/8 X 4""",0.375,4.0,wood,,,,https://www.royalwoodshop.com/wp-content/uploads/2017/07/Mouldings/BAS-411-3D.jpg,274,published,
1555,baseboard-2-step-4-inch-bas412,BAS-412,"Two Step Victorian Baseboard in Primed FJ Poplar 4-1/4"" Bas-412","This 2-Step baseboard is a versatile profile and size and often used many decorative purposes in millwork projects. Sometimes it is used as a base on kitchen island cabinetry, or inverted at the top of wall units under the crown. Sometimes even as a door and window casing. Baseboard ties the wall and floor together offering a visual foundation. It protects the walls from bumps and cleaning. The baseboard should compliment the style of casing and should be thinner and wider than the casing. Shoe mould often accompanies the baseboard if the floor is uneven or there is gaps between the baseboard and the flooring.",trim-mouldings,Baseboard,5/8 X 4-1/4,0.625,4.25,wood,,"4-1/4"" Baseboard 412",,https://www.royalwoodshop.com/wp-content/uploads/2017/07/Mouldings/BAS-412-3D.jpg,409,published,baseboard-2-step-4-inch-bas412
1556,baseboard-colonial-5-inch-bas503,BAS-503,"Colonial Baseboard Poplar, MDF, Primed 5-1/2"" Bas-503 York Region",This colonial baseboard is a popular and a classic profile. Hardwood and softwood species come in 5-1/4 height and MDF is 5-1/2 inch high. Baseboard ties the wall and floor together offering a visual foundation. It protects the walls from bumps and cleaning. The baseboard should compliment the style of casing and should be thinner and wider than the casing. Shoe mould often accompanies the baseboard if the floor is uneven or there is gaps between the baseboard and the flooring.,trim-mouldings,Baseboard,5/8 x 5-1/4 (5-1/2 mdf),0.625,5.25,wood & MDF,,"5-1/2"" Baseboard 503",,https://www.royalwoodshop.com/wp-content/uploads/2017/07/Mouldings/BAS-503-3D-colonial-baseboard.jpg,734,published,baseboard-colonial-5-inch-bas503
1557,baseboard-bevel-5-inch-bas508,BAS-508,"Plain Rounded Bevel 5-1/4"" Baseboard Poplar bas-508 Toronto York Region",This is a plain beveled baseboard with no sharp lines and available in stock in Poplar. Baseboard ties the wall and floor together offering a visual foundation. It protects the walls from bumps and cleaning. The baseboard should compliment the style of casing and should be thinner and wider than the casing. Shoe mould often accompanies the baseboard if the floor is uneven or there is gaps between the baseboard and the flooring.,trim-mouldings,Baseboard,5/8 x 5-1/4,0.625,5.25,wood,,"5-1/4"" Baseboard 508",,https://www.royalwoodshop.com/wp-content/uploads/2017/07/Mouldings/BAS-508-3D.jpg,439,published,baseboard-bevel-5-inch-bas508
1558,baseboard-2-step-5-inch-bas509,BAS-509,"Two Step Tudor Victorian Baseboard Trim 5-1/4"" bas-509","This 2-Step baseboard is sometimes called a tudor base and available in Primed MDF and Poplar. The wood options are 5-1/4″ tall and the mdf is 5-1/2″ tall. Oak, Maple and Pine are special Order. Baseboard ties the wall and floor together offering a visual foundation. It protects the walls from bumps and cleaning. The baseboard should compliment the style of casing and should be thinner and wider than the casing. Shoe mould often accompanies the baseboard if the floor is uneven or there is gaps between the baseboard and the flooring.",trim-mouldings,Baseboard,5/8 x 5-1/4 (5-1/2 mdf),0.625,5.25,wood & MDF,,"5-1/4"" Baseboard 509",,https://www.royalwoodshop.com/wp-content/uploads/2017/07/Mouldings/BAS-509-3D-two-step-baseboard.jpg,582,published,baseboard-2-step-5-inch-bas509
1559,baseboard-1867-5-inch-bas518,BAS-518,"Vintage 1867 Confederation Baseboard Poplar 5-1/4"" bas-518","This Vintage style 1867 Confederation baseboard is a common profile in older homes. Sometimes it is placed on top of a piece of dimensional to add height. There is a 7-1/4"" tall version in stock as well. Baseboard ties the wall and floor together offering a visual foundation. It protects the walls from bumps and cleaning. The baseboard should compliment the style of casing and should be thinner and wider than the casing. Shoe mould often accompanies the baseboard if the floor is uneven or there is gaps between the baseboard and the flooring.",trim-mouldings,Baseboard,5/8 x 5-1/4,0.625,5.25,wood,,"5-1/4"" Baseboard 518",,https://www.royalwoodshop.com/wp-content/uploads/2017/07/Mouldings/BAS-518-3D-1867-baseboard.jpg,313,published,baseboard-1867-5-inch-bas518
1560,baseboard-builder-colonial-4-inch-bas0608,BAS-0608,"4-1/8"" Baseboard 0608",This is a standard builder colonial style baseboard. Baseboard ties the wall and floor together offering a visual foundation. It protects the walls from bumps and cleaning. The baseboard should compliment the style of casing and should be thinner and wider than the casing. Shoe mould often accompanies the baseboard if the floor is uneven or there is gaps between the baseboard and the flooring.,trim-mouldings,Baseboard,3/8 x 4-1/8,0.375,4.125,FJ-Pine,,,,https://www.royalwoodshop.com/wp-content/uploads/2017/07/Mouldings/BAS-0608-3D-builder-baseboard.jpg,251,published,
1561,baseboard-2-step-7-inch-bas701,BAS-701,"Victorian 2-Step Baseboard Poplar and MDF Primed York Region Toronto 7-1/4"" Bas-701",This 2-Step Victorian baseboard is sometimes called a tudor base. The wood and mdf options are 7-1/4″ tall. Baseboard ties the wall and floor together offering a visual foundation. It protects the walls from bumps and cleaning. The baseboard should compliment the style of casing and should be thinner and wider than the casing. Shoe mould often accompanies the baseboard if the floor is uneven or there is gaps between the baseboard and the flooring.,trim-mouldings,Baseboard,11/16 x 7-1/4,0.6875,7.25,wood & MDF,,"7-1/4"" Baseboard 701",,https://www.royalwoodshop.com/wp-content/uploads/2017/07/Mouldings/BAS-701-3D.jpg,483,published,baseboard-2-step-7-inch-bas701
1562,baseboard-1867-7-inch-bas702,BAS-702,"1867 Heritage Baseboard Poplar 7-1/4"" Bas-702",This 1867 baseboard is sometimes called a Victorian base or old farmhouse style base. Baseboard ties the wall and floor together offering a visual foundation. It protects the walls from bumps and cleaning. The baseboard should compliment the style of casing and should be thinner and wider than the casing. Shoe mould often accompanies the baseboard if the floor is uneven or there is gaps between the baseboard and the flooring.,trim-mouldings,Baseboard,11/16 x 7-1/4,0.6875,7.25,wood,,"7-1/4"" Baseboard 702",,https://www.royalwoodshop.com/wp-content/uploads/2017/07/Mouldings/BAS-702-3D.jpg,288,published,baseboard-1867-7-inch-bas702
1563,baseboard-colonial-7-inch-bas704,BAS-704,"Poplar MDF Colonial Baseboard 7-1/4"" Bas-704 York Region","This colonial baseboard offers a popular, classic profile. Hardwood, softwood species, and mdf are all 7-1/4 tall. Baseboard ties the wall and floor together offering a visual foundation. It protects the walls from bumps and cleaning. The baseboard should compliment the style of casing and should be thinner and wider than the casing. Shoe mould often accompanies the baseboard if the floor is uneven or there is gaps between the baseboard and the flooring.",trim-mouldings,Baseboard,11/16 x 7-1/4,0.6875,7.25,"wood 11/16 thick & MDF 1/2"" thick",,"7-1/4"" Baseboard 704",,https://www.royalwoodshop.com/wp-content/uploads/2017/07/Mouldings/BAS-704-3D.jpg,285,published,baseboard-colonial-7-inch-bas704
1565,baseboard-sharp-bevel-7-inch-bas712,BAS-732,"Plain Bevel Baseboard Primed MDF, Poplar, 7-1/4"" Bas732",This is a sharp beveled baseboard that can be used for both contemporary and farmhouse design. Baseboard ties the wall and floor together offering a visual foundation. It protects the walls from bumps and cleaning. The baseboard should compliment the style of casing and should be thinner and wider than the casing. Shoe mould often accompanies the baseboard if the floor is uneven or there is gaps between the baseboard and the flooring.,trim-mouldings,Baseboard,11/16 x 7-1/4,0.6875,7.25,wood,,"7-1/4"" Baseboard 732",,https://www.royalwoodshop.com/wp-content/uploads/2017/07/Mouldings/BAS-732-3D.jpg,626,published,baseboard-sharp-bevel-7-inch-bas712
1566,baseboard-ornamental-7-inch-bas773,BAS-773,7-1/4 Ornamental Poplar Baseboard bas-773,This 7-1/4″ ornamental baseboard offers a decorative substitute to the classic colonial style baseboard. It ties the wall and floor together offering a visual foundation. It protects the walls from bumps and cleaning. The baseboard should compliment the style of casing and should be thinner and wider than the casing. Shoe mould often accompanies the baseboard if the floor is uneven or there is gaps between the baseboard and the flooring.,trim-mouldings,Baseboard,13/16 x 7-1/4,0.8125,7.25,wood,,"7-1/4"" Baseboard 773",,https://www.royalwoodshop.com/wp-content/uploads/2017/07/Mouldings/BAS-773-3D.jpg,183,published,baseboard-ornamental-7-inch-bas773
1567,baseboard-antique-7-inch-bas-785,BAS-785,"7-1/4"" Baseboard 785",This antique style baseboard is seen in many old farmhouses. Baseboard ties the wall and floor together offering a visual foundation. It protects the walls from bumps and cleaning. The baseboard should compliment the style of casing and should be thinner and wider than the casing. Shoe mould often accompanies the baseboard if the floor is uneven or there is gaps between the baseboard and the flooring.,trim-mouldings,Baseboard,3/4 x 7-1/4,0.75,7.25,wood,,,,https://www.royalwoodshop.com/wp-content/uploads/2017/07/Mouldings/BAS-785-3D-antique-baseboard.jpg,204,published,
1568,baseboard-provincial-8-inch-bas803,BAS-803,"Tall Heritage 8-1/2"" Baseboard Poplar Bas-803","Our tall Heritage Poplar baseboard makes a bold architectural statement, adding elegance, scale, and character to any room. Its classic profile and increased height create a premium, custom millwork appearance that is especially well-suited to traditional, transitional, and heritage-style homes. Crafted from quality poplar, it provides a smooth, durable surface that paints beautifully for a refined finish. Beyond its decorative appeal, a taller baseboard helps visually anchor the room, enhance ceiling height, and elevate the overall design of the space. Baseboard ties the wall and floor together offering a visual foundation. It protects the walls from bumps and cleaning. The baseboard should compliment the style of casing and should be thinner and wider than the casing. Shoe mould often accompanies the baseboard if the floor is uneven or there is gaps between the baseboard and the flooring.",trim-mouldings,Baseboard,3/4 x 8-1/2,0.75,8.5,wood,,"8-1/2"" Baseboard 803",,https://www.royalwoodshop.com/wp-content/uploads/2017/07/Mouldings/BAS-803-3D.jpg,199,published,baseboard-provincial-8-inch-bas803
1569,baseboard-imperial-7-inch-bas6749,BAS-6749,"7-3/8"" Baseboard 6749",This imperial baseboard is also known as the prestige baseboard. It is thicker than normal which restricts your casing options unless you use a plinth block or a back band on the casing. Baseboard ties the wall and floor together offering a visual foundation. It protects the walls from bumps and cleaning. The baseboard should compliment the style of casing and should be thinner and wider than the casing. Shoe mould often accompanies the baseboard if the floor is uneven or there is gaps between the baseboard and the flooring.,trim-mouldings,Baseboard,7/8 x 7-3/8,0.875,7.375,MDF,,,,https://www.royalwoodshop.com/wp-content/uploads/2017/07/Mouldings/BAS-6749-3D.jpg,187,published,
1570,baseboard-colonial-4-inch-bas7706mdf,BAS-7706,"Standard Builder Colonial Baseboard Moulding 4-1/8"" Bas-7706",This is a standard builder colonial style baseboard. Baseboard ties the wall and floor together offering a visual foundation. It protects the walls from bumps and cleaning. The baseboard should compliment the style of casing and should be thinner and wider than the casing. Shoe mould often accompanies the baseboard if the floor is uneven or there is gaps between the baseboard and the flooring.,trim-mouldings,Baseboard,1/2 X 4-1/8,0.5,4.125,MDF,,"4-1/8"" Baseboard 7706",,https://www.royalwoodshop.com/wp-content/uploads/2017/07/Mouldings/BAS-7706-3D.jpg,345,published,baseboard-colonial-4-inch-bas7706mdf
1571,baseboard-1867-6-inch-bas8263mdf,BAS-8263,"Primed MDF Baseboard 1867 style 6-1/2"" bas-8263",This 1867 baseboard is sometimes called a Victorian base or old farmhouse style base and is available in primed MDF. Baseboard ties the wall and floor together offering a visual foundation. It protects the walls from bumps and cleaning. The baseboard should compliment the style of casing and should be thinner and wider than the casing. Shoe mould often accompanies the baseboard if the floor is uneven or there is gaps between the baseboard and the flooring.,trim-mouldings,Baseboard,5/8 x 6-1/2,0.625,6.5,MDF,,"6-1/2"" Baseboard 8263",,https://www.royalwoodshop.com/wp-content/uploads/2017/07/Mouldings/BAS-8263-3D.jpg,213,published,baseboard-1867-6-inch-bas8263mdf
1572,beadmould-bea001,BEA-001,"3/4"" Bead Mould 001",Inset decorative bullnose bead moulding,trim-mouldings,Bead,3/8 x 3/4,0.375,0.75,wood,,"3/4"" Bead Mould 001",,https://www.royalwoodshop.com/wp-content/uploads/2017/07/Mouldings/BEA-001-3D-small-bead-mould.jpg,127,published,beadmould-bea001
1573,beadmould-bea100,BEA-100,"1"" Bead Mould 100",1″ bullnose bead moulding,trim-mouldings,Bead,1/2 x 1,0.5,1.0,wood,,"1"" Bead Mould 100",,https://www.royalwoodshop.com/wp-content/uploads/2017/07/Mouldings/BEA-100-3D-bead-mould.jpg,90,published,beadmould-bea100
1574,beadmould-bea116,BEA-116,"1-1/2"" Bead Mould 116",1-1/2″ bead moulding,trim-mouldings,Bead,1/2 x 1-1/2,0.5,1.5,wood,,"1-1/2"" Bead Mould 116",,https://www.royalwoodshop.com/wp-content/uploads/2017/07/Mouldings/BEA-116-3D.jpg,126,published,beadmould-bea116
1575,bedmould-bed001,BED-001,3/8 Bed Moulding,Rise 3/8 Run 3/8 This is a small decorative bed moulding. A bed mould is similar to a crown or cornice mould but smaller in size.,trim-mouldings,Decorative,3/8 x 3/8,0.375,0.375,wood,,3/8 Bed Moulding,,https://www.royalwoodshop.com/wp-content/uploads/2017/07/Mouldings/BED-001-3D.jpg,145,published,bedmould-bed001
1576,bedmould-bed100,BED-100,1-1/2 Bed Moulding 100,Rise 1 Run 1 This is a small decorative bed moulding. A bed mould is similar to a crown or cornice mould but smaller in size.,trim-mouldings,Decorative,11/16 x 1-1/2,0.6875,1.5,wood,,1-1/2 Bed Moulding 100,,https://www.royalwoodshop.com/wp-content/uploads/2017/07/Mouldings/BED-100-3d-bed-mould.jpg,161,published,bedmould-bed100
1577,bedmould-bed201,BED-201,2-1/2 Bed Moulding,Rise 1-1/2 Run 1-1/2 This decorative bed moulding is similar to a crown or cornice mould but smaller in size.,trim-mouldings,Crown,3/4 x 2-1/2,0.75,2.5,wood,,2-1/2 Bed Moulding,,https://www.royalwoodshop.com/wp-content/uploads/2017/07/Mouldings/BED-201-3D.jpg,240,published,bedmould-bed201
1578,brickmould-bri103,BRI-103,Brick Moulding,Brick moulding is an exterior casing for doors and windows. It is quite thick and allows siding or brick to butt up against it.,trim-mouldings,Casing,1-1/4 x 1-5/8,1.25,1.625,wood,,Brick Moulding,,https://www.royalwoodshop.com/wp-content/uploads/2017/07/Mouldings/BRI-103-3D-brick-mould.jpg,76,published,brickmould-bri103
1579,brickmould-bri531-pvc,BRI-531,Brick Moulding pvc,Brick moulding is an exterior casing for doors and windows. It is quite thick and allows siding or brick to butt up against it.,trim-mouldings,Casing,"1-1/4 x 2""",1.25,2.0,wood,,Brick Moulding pvc,,https://www.royalwoodshop.com/wp-content/uploads/2017/07/Mouldings/BRI-531-PVC-3D-brick-mould.jpg,89,published,brickmould-bri531-pvc
1580,burlap-decorative-bur101,BUR-101,"1-1/4"" Burlap 101",5/15 x 1-1/4 Poplar and Oak Burlap in random lengths. Burlaps are often used to cover the joining line between two surfaces. Burlaps are sometimes referred to as battens and are symmetrical in design.,trim-mouldings,Burlap,5/16 x 1-1/4,0.3125,1.25,wood,,"1-1/4"" Burlap 101",,https://www.royalwoodshop.com/wp-content/uploads/2017/07/Mouldings/BUR-101-3D.jpg,69,published,burlap-decorative-bur101
1581,burlap-decorative-bur102,BUR-102,"1-1/4"" Burlap 102",Burlaps are often used to cover the joining line between two parallel flush surfaces. Burlaps are sometimes referred to as battons and are symmetrical in design.,trim-mouldings,Burlap,5/16 x 1-1/4,0.3125,1.25,wood,,,,https://www.royalwoodshop.com/wp-content/uploads/2017/07/Mouldings/BUR-102-3d.jpg,65,published,
1582,burlap-bullnose-bur105,BUR-105,"1-1/4"" Burlap 105",Burlaps are often used to cover the joining line between two parallel flush surfaces. Burlaps are sometimes referred to as battons and are symmetrical in design.,trim-mouldings,Burlap,5/16 x 1-1/4,0.3125,1.25,wood,,"1-1/4"" Burlap 105",,https://www.royalwoodshop.com/wp-content/uploads/2017/07/Mouldings/BUR-105-3D-burlap-moulding.jpg,54,published,burlap-bullnose-bur105
1583,burlap-bullnose-bur106,BUR-106,"1-5/8"" Burlap 106",Burlaps are often used to cover the joining line between two parallel flush surfaces. Burlaps are sometimes referred to as battons and are symmetrical in design.,trim-mouldings,Burlap,5/16 x 1-5/8,0.3125,1.625,wood,,"1-5/8"" Burlap 106",,https://www.royalwoodshop.com/wp-content/uploads/2017/07/Mouldings/BUR-106-3d.jpg,69,published,burlap-bullnose-bur106
1584,burlap-decorative-bur201,BUR-201,"2"" Burlap 201",Burlaps are often used to cover the joining line between two parallel flush surfaces. Burlaps are sometimes referred to as battons and are symmetrical in design.,trim-mouldings,Burlap,"5/16 x 2""",0.3125,2.0,wood,,,,https://www.royalwoodshop.com/wp-content/uploads/2017/07/Mouldings/BUR-201-3d.jpg,41,published,
1585,cap-mould-cap100,CAP-100,"1-1/8"" Cap Mould 100","A cap mould is a generic term for a moulding that is designed to cap something off. Examples would be a wainscoting cap mould and a header cap mould. A header cap mould is similar to an architrave only you mitre the casing on all three sides of the door, then add the cap on the top portion only to get a more neo-classic look.",trim-mouldings,Cap Moulding,3/4 x 1-1/8,0.75,1.125,wood,,"1-1/8"" Cap Mould 100",,https://www.royalwoodshop.com/wp-content/uploads/2017/07/Mouldings/CAP-100-3D.jpg,137,published,cap-mould-cap100
1586,cap-mould-cap104,CAP-104,"Poplar Cap Moulding with 5/8"" offset also used as backband trim CAP-104","This cap moulding will cap over the top of 5/8"" thick wall paneling, and often used as a backband for 5/8″ thick builder colonial casing. A cap mould is a generic term for a moulding that is designed to cap something off. Examples would be a wainscoting cap mould and a header cap mould. A header cap mould is similar to an architrave only you mitre the casing on all three sides of the door, then add the cap on the top portion only to get a more neo-classic look.",trim-mouldings,Backband,1-1/8 x 1-3/8,1.125,1.375,wood,,"1-3/8"" Cap Mould 104",,https://www.royalwoodshop.com/wp-content/uploads/2017/07/Mouldings/CAP-104-3D.jpg,496,published,cap-mould-cap104
1587,cap-mould-cap109,CAP-109,Adjustable Cap Moulding 109,"A cap mould is a generic term for a moulding that is designed to cap something off. Examples would be a wainscoting cap mould and a header cap mould. A header cap mould is similar to an architrave only you mitre the casing on all three sides of the door, then add the cap on the top portion only to get a more neo-classic look.",trim-mouldings,Cap Moulding,3/4 x 1-5/8,0.75,1.625,wood,,,,https://www.royalwoodshop.com/wp-content/uploads/2017/07/Mouldings/CAP-109-3D.jpg,156,published,
1588,cap-mould-cap200,CAP-200,"3/4"" Offset Header Cap Moulding 200","This is a decorative header cap mould which is usually the top piece of a 3 piece architrave, where a piece of dimensional is used as the middle piece, and a bead mould is used on the bottom. The three pieces together make the top portion of the door or window trim.",trim-mouldings,Cap Moulding,1-5/8 X 2-1/4,1.625,2.25,wood,,"3/4"" Offset Header Cap Moulding 200",,https://www.royalwoodshop.com/wp-content/uploads/2017/07/Mouldings/CAP-200-3D.jpg,256,published,cap-mould-cap200
1589,cap-mould-cap222,CAP-222,"3/4"" Offset Header Cap Moulding 222","This is a classic header cap mould which is usually the top piece of a 3 piece architrave, where a piece of dimensional is used as the middle piece, and a bead mould is used on the bottom. The three pieces together make the top portion of the door or window trim.",trim-mouldings,Cap Moulding,1-1/4 X 2-1/4,1.25,2.25,wood,,"3/4"" Offset Header Cap Moulding 222",,https://www.royalwoodshop.com/wp-content/uploads/2017/07/Mouldings/CAP-222-3D.jpg,131,published,cap-mould-cap222
1590,casing-regal-cas2f2,CAS-2F2,"2-3/4"" Casing 2F2",This 2-3/4″ Regal casing has a decorative sytle and classic design. Casing is used to trim around doors and windows. It covers the gap between the drywall and the jamb. Casing is often the most prominent trim feature in your home and should be thicker than the baseboard. To increase the width and depth of the casing you can add a back band.,trim-mouldings,Casing,3/4 X 2-3/4,0.75,2.75,wood,,"2-3/4"" Casing 2F2",,https://www.royalwoodshop.com/wp-content/uploads/2017/07/Mouldings/CAS-2F2-3D.jpg,62,published,casing-regal-cas2f2
1591,casing-cove-cas2f3,CAS-2F3,"2-3/4"" Casing 2F3",This 2-3/4″ Cove casing is sometimes used as a kitchen valance moulding. Casing is used to trim around doors and windows. It covers the gap between the drywall and the jamb. Casing is often the most prominent trim feature in your home and should be thicker than the baseboard. To increase the width and depth of the casing you can add a back band.,trim-mouldings,Casing,3/4 X 2-3/4,0.75,2.75,wood,,,,https://www.royalwoodshop.com/wp-content/uploads/2017/07/Mouldings/CAS-2F3-3D.jpg,48,published,
1592,casing-transitional-cas2m4,CAS-2M4,"2-3/4 Step bevel trim wood, mdf primed cas-2m4 GTA","3/4 x 2-3/4 modern transitional step bevel casing available in several paint grade and stain grade materials. The design offers clean lines and is versatile for classic, contemporary, and transitional design. Casing is used to trim around doors and windows. It covers the gap between the drywall and the jamb. Casing is often the most prominent trim feature in your home and should be thicker than the baseboard. To increase the width and depth of the casing you can add a back band.",trim-mouldings,Casing,3/4 X 2-3/4,0.75,2.75,primed poplar and mdf,,2-3/4,Explore contemporary window and door trim options that enhance your home's design with clean lines and versatile styles.,https://www.royalwoodshop.com/wp-content/uploads/2017/07/Mouldings/CAS-2M4-3D.jpg,599,published,casing-transitional-cas2m4
1593,casing-ogee-cas2u4,CAS-2U4,"2-3/4"" Casing 2U4","With its simple and ancient ogee profile, this casing can be used for modern or classic design. Casing is used to trim around doors and windows. It covers the gap between the drywall and the jamb. Casing is often the most prominent trim feature in your home and should be thicker than the baseboard. To increase the width and depth of the casing you can add a back band.",trim-mouldings,Casing,3/4 X 2-3/4,0.75,2.75,wood,,"2-3/4"" Casing 2U4",,https://www.royalwoodshop.com/wp-content/uploads/2017/07/Mouldings/CAS-2U4-3D.jpg,74,published,casing-ogee-cas2u4
1594,casing-plain-cas2x5,CAS-2X5,"2-3/4"" Casing 2X5","This is a simple, plain contemporary casing. Casing is used to trim around doors and windows. It covers the gap between the drywall and the jamb. Casing is often the most prominent trim feature in your home and should be thicker than the baseboard. To increase the width and depth of the casing you can add a back band.",trim-mouldings,Casing,3/4 X 2-3/4,0.75,2.75,wood,,"2-3/4"" Casing 2X5",,https://www.royalwoodshop.com/wp-content/uploads/2017/07/Mouldings/CAS-2X5-3D.jpg,189,published,casing-plain-cas2x5
1595,casing-plain-cas3ew,CAS-3EW,"Plain flat window and door trim 3-1/2"" Casing 3EW York Region","A simple flat trim with eased edges offers a clean, minimalist look that is highly sought after in contemporary, modern, and Scandinavian-inspired interiors. Its crisp lines create a sophisticated architectural appearance without the distraction of ornate profile details, allowing other design elements to take center stage. The subtle eased edges soften the overall look while providing a refined, finished appearance. Versatile and timeless, flat stock trim pairs beautifully with modern doors, large windows, and open-concept spaces, creating a seamless and uncluttered aesthetic.",trim-mouldings,Casing,3/4 X 3-1/2,0.75,3.5,wood,,"3-1/2"" Casing 3EW",,https://www.royalwoodshop.com/wp-content/uploads/2017/07/Mouldings/CAS-3EW-3D-plain-window-door-casing.jpg,298,published,casing-plain-cas3ew
1596,casing-ornamental-cas-3f5,CAS-3F5,"3-1/2"" Casing 3F5",This casing offers a decorative subsitute to the classic colonial style. Casing is used to trim around doors and windows. It covers the gap between the drywall and the jamb. Casing is often the most prominent trim feature in your home and should be thicker than the baseboard. To increase the width and depth of the casing you can add a back band.,trim-mouldings,Casing,3/4 X 3-1/2,0.75,3.5,wood,,"3-1/2"" Casing 3F5",,https://www.royalwoodshop.com/wp-content/uploads/2017/07/Mouldings/CAS-3F5-3D.jpg,86,published,casing-ornamental-cas-3f5
1597,casing-antique-cas3f6,CAS-3F6,"3-3/4"" Casing 3F6",This large decorative casing has classic lines and pairs up with any over sized decorative baseboard. Casing is used to trim around doors and windows. It covers the gap between the drywall and the jamb. Casing is often the most prominent trim feature in your home and should be thicker than the baseboard. To increase the width and depth of the casing you can add a back band.,trim-mouldings,Casing,3/4 X 3-3/4,0.75,3.75,wood,,"3-3/4"" Casing 3F6",,https://www.royalwoodshop.com/wp-content/uploads/2017/07/Mouldings/CAS-3F6-3D.jpg,90,published,casing-antique-cas3f6
1598,casing-regal-cas3j8,CAS-3J8,"3-1/4"" Casing 3J8",This 3-1/4″ Regal casing has a decorative sytle and classic design. Casing is used to trim around doors and windows. It covers the gap between the drywall and the jamb. Casing is often the most prominent trim feature in your home and should be thicker than the baseboard. To increase the width and depth of the casing you can add a back band.,trim-mouldings,Casing,3/4 X 3-1/4,0.75,3.25,wood,,"3-1/4"" Casing 3J8",,https://www.royalwoodshop.com/wp-content/uploads/2017/07/Mouldings/CAS-3J8-3D-regal-door-window-casing.jpg,72,published,casing-regal-cas3j8
1599,casing-bevel-cas3t2,CAS-3T2,Bevel Window and Door Trim Casing 3T2 York Region,"Our bevelled door and window casing 3t2 delivers a clean, simple profile that suits modern, transitional, and minimalist interiors. Its subtle beveled edge provides just enough definition to create soft shadow lines, adding a refined finish without ornamental detail. This straightforward design pairs easily with a wide range of baseboards, doors, and architectural styles, making it highly versatile throughout the home. Durable and timeless, it offers a crisp, uncluttered frame that enhances openings while maintaining a cohesive, understated aesthetic. Casing is used to trim around doors and windows. It covers the gap between the drywall and the jamb. Casing is often the most prominent trim feature in your home and should be thicker than the baseboard. To increase the width and depth of the casing you can add a back band.",trim-mouldings,Casing,3/4 X 3-1/2,0.75,3.5,wood,,"3-1/2"" Casing 3T2",,https://www.royalwoodshop.com/wp-content/uploads/2017/07/Mouldings/CAS-3T2-3D.jpg,220,published,casing-bevel-cas3t2
1600,casing-ogee-cas3v6,CAS-3V6,"3-1/2"" Ogee Profile Casing 3V6","With its simple and ancient ogee profile, this casing can be used for modern or classic design. Casing is used to trim around doors and windows. It covers the gap between the drywall and the jamb. Casing is often the most prominent trim feature in your home and should be thicker than the baseboard. To increase the width and depth of the casing you can add a back band.",trim-mouldings,Casing,3/4 X 3-1/4,0.75,3.25,wood & MDF primed,,"3-1/2"" Ogee Window Trim Casing 3V6",,https://www.royalwoodshop.com/wp-content/uploads/2017/07/Mouldings/CAS-3V6-3D-ogee-window-door-casing.jpg,96,published,casing-ogee-cas3v6
1601,casing-modern-linear-cas3x8,CAS-3X8,"3-1/2"" Casing 3X8","This modern transitional casing offers clean sharp lines for a contemporary, linear design. Casing is used to trim around doors and windows. It covers the gap between the drywall and the jamb. Casing is often the most prominent trim feature in your home and should be thicker than the baseboard. To increase the width and depth of the casing you can add a back band.",trim-mouldings,Casing,3/4 x 3-1/2,0.75,3.5,wood,,"3-1/2"" Casing 3X8",,https://www.royalwoodshop.com/wp-content/uploads/2017/07/Mouldings/CAS-3X8-3D.jpg,120,published,casing-modern-linear-cas3x8
1602,casing-builder-thin-colonial-cas203,CAS-203,"2-1/8"" Casing 203","This builder colonial casing was used in sub-division homes in the 1980’s. Not so much anymore, but we have it in stock if you need a match. Casing is used to trim around doors and windows. It covers the gap between the drywall and the jamb. Casing is often the most prominent trim feature in your home and should be thicker than the baseboard. To increase the width and depth of the casing you can add a back band.",trim-mouldings,Casing,3/8 x 2-1/8,0.375,2.125,wood,,,,https://www.royalwoodshop.com/wp-content/uploads/2017/07/Mouldings/CAS-203-3D.jpg,57,published,
1603,casing-colonial-cas206,CAS-206,"2-1/2"" Casing 206","This 2-1/2″ colonial casing was our first casing we had in stock when we opened our doors to the public in 1982. Its still a beauty, and still in stock today. Casing is used to trim around doors and windows. It covers the gap between the drywall and the jamb. Casing is often the most prominent trim feature in your home and should be thicker than the baseboard. To increase the width and depth of the casing you can add a back band.",trim-mouldings,Casing,3/4 x 2-1/2,0.75,2.5,wood,,"2-1/2"" Casing 206",,https://www.royalwoodshop.com/wp-content/uploads/2017/07/Mouldings/CAS-206-3D.jpg,175,published,casing-colonial-cas206
1604,casing-bevel-cas208,CAS-208,"2-1/4"" Casing 208",This thin flat bevel casing is plain and simple. Casing is used to trim around doors and windows. It covers the gap between the drywall and the jamb. Casing is often the most prominent trim feature in your home and should be thicker than the baseboard. To increase the width and depth of the casing you can add a back band.,trim-mouldings,Casing,3/8 X 2-1/4,0.375,2.25,wood,,,,https://www.royalwoodshop.com/wp-content/uploads/2017/07/Mouldings/CAS-208-3D.jpg,109,published,
1605,casing-2-step-cas213,CAS-213,"2-1/4"" Casing 213",This is a small two-step style casing and is sometimes refered to as tudor casing. Casing is used to trim around doors and windows. It covers the gap between the drywall and the jamb. Casing is often the most prominent trim feature in your home and should be thicker than the baseboard. To increase the width and depth of the casing you can add a back band.,trim-mouldings,Casing,3/4 X 2-1/4,0.75,2.25,wood,,"2-1/4"" Casing 213",,https://www.royalwoodshop.com/wp-content/uploads/2017/07/Mouldings/CAS-213-3D.jpg,117,published,casing-2-step-cas213
1606,casing-bevel-cas214,CAS-214,"Plain straight bevel casing poplar 2-1/2"" Cas-214",This 3/4″ thick flat bevel casing is plain and simple. Casing is used to trim around doors and windows. It covers the gap between the drywall and the jamb. Casing is often the most prominent trim feature in your home and should be thicker than the baseboard. To increase the width and depth of the casing you can add a back band.,trim-mouldings,Casing,3/4 X 2-1/2,0.75,2.5,wood,,"2-1/2"" Casing 214",,https://www.royalwoodshop.com/wp-content/uploads/2017/07/Mouldings/CAS-214-3D.jpg,84,published,casing-bevel-cas214
1607,casing-two-step-tudor-cas219,CAS-219,"2-3/4"" Casing 219",This is a two-step style casing and is sometimes referred to as Tudor casing. Casing is used to trim around doors and windows. It covers the gap between the drywall and the jamb. Casing is often the most prominent trim feature in your home and should be thicker than the baseboard. To increase the width and depth of the casing you can add a back band.,trim-mouldings,Casing,3/4 X 2-3/4,0.75,2.75,wood,,"2-3/4"" Casing 219",,https://www.royalwoodshop.com/wp-content/uploads/2017/07/Mouldings/CAS-219-3D-two-step-door-window-casing.jpg,124,published,casing-two-step-tudor-cas219
1608,casing-colonial-cas255,CAS-255,"2-3/4"" Colonial Casing 255",This is a 2-3/4 Colonial profile Casing. Casing is used to trim around doors and windows. It covers the gap between the drywall and the jamb. Casing is often the most prominent trim feature in your home and should be thicker than the baseboard. To increase the width and depth of the casing you can add a back band.,trim-mouldings,Casing,3/4 X 2-3/4,0.75,2.75,wood,,"2-3/4"" Casing 255",,https://www.royalwoodshop.com/wp-content/uploads/2017/07/Mouldings/CAS-255-3D-colonial-door-window-casing.jpg,262,published,casing-colonial-cas255
1609,casing-two-step-tudor-cas300,CAS-300,"3-1/4"" Casing 300",This is a two-step style casing and is sometimes refered to as tudor casing. Wood Options are 3-1/4″ wide and MDF is 3-1/2″ wide. Casing is used to trim around doors and windows. It covers the gap between the drywall and the jamb. Casing is often the most prominent trim feature in your home and should be thicker than the baseboard. To increase the width and depth of the casing you can add a back band.,trim-mouldings,Casing,3/4 X 3-1/4,0.75,3.25,wood & MDF,,"3-1/4"" Casing 300",Explore our premium %%title%% 2 Step Tudor Trim for timeless elegance. Exceptional craftsmanship at Royal Wood Shop.,https://www.royalwoodshop.com/wp-content/uploads/2017/07/Mouldings/CAS-300-3D.jpg,267,published,casing-two-step-tudor-cas300
1610,casing-modern-transitional-cas302,CAS-302,Step Bevel Contemporary Door and Window Trim wood and mdf Cas-302,"Modern Transitional Casing Our Modern Transitional Casing is one of our most popular interior trim profiles, combining clean, elegant lines with timeless versatility. Perfect for traditional, transitional, and contemporary homes , this casing enhances doorways and windows with a refined, sophisticated finish that complements virtually any interior design style. Available in premium Poplar, Pine, and Oak , this profile is offered in a 3-1/4"" width and supplied in random lengths. For a smooth, paint-ready option, we also stock 3-1/2"" MDF casing in convenient 7', 8', and 14' lengths . Whether you're building a new home, renovating a room, or upgrading your trim package, our Modern Transitional Casing delivers the perfect balance of style, durability, and value. Visit Royal Wood Shop for competitive pricing and expert advice on interior mouldings, trim, and millwork throughout the GTA and York Region.",trim-mouldings,Casing,3/4 X 3-1/4,0.75,3.25,wood & MDF primed,,"3-1/4"" Casing 302",,https://www.royalwoodshop.com/wp-content/uploads/2017/07/Mouldings/CAS-302-3D-modern-transitional-door-window-casing.jpg,494,published,casing-modern-transitional-cas302
1611,casing-symmetrical-heritage-cas305,CAS-305,"3-1/4"" Casing 305",This 3-1/4″ symmetrical casing offers an old farmhouse or heritage design. Usually corner blocks and plinth blocks are used with this style of casing. Casing is used to trim around doors and windows. It covers the gap between the drywall and the jamb. Casing is often the most prominent trim feature in your home and should be thicker than the baseboard. To increase the width and depth of the casing you can add a back band.,trim-mouldings,Casing,3/4 X 3-1/4,0.75,3.25,wood,,"3-1/4"" Casing 305",,https://www.royalwoodshop.com/wp-content/uploads/2017/07/Mouldings/CAS-305-3D.jpg,146,published,casing-symmetrical-heritage-cas305
1612,casing-large-colonial-cas314,CAS-314,Upgraded Traditional Colonial Trim Casing-314 York Region,"Casing 314 is an upgraded colonial-style trim which brings timeless elegance and architectural character to any home with its distinctive curves, stepped details, and refined proportions. Popular in traditional, transitional, and heritage-inspired interiors, this profile adds depth and visual interest around doors, windows, and throughout the room. Its decorative design helps create a more substantial, finished appearance while complementing a wide range of mouldings and millwork. Colonial trim is an excellent choice for homeowners looking to enhance the warmth, craftsmanship, and overall value of their space. It is a popular choice for many homeowners due to its elegant and decorative design. Wood options are 3-1/4′ wide and MDF is 3-1/2″ wide.",trim-mouldings,Casing,3/4 X 3-1/4,0.75,3.25,wood & MDF,,"3-1/4"" Casing 314",,https://www.royalwoodshop.com/wp-content/uploads/2017/07/Mouldings/CAS-314-3D-large-colonial-door-window-casing.jpg,232,published,casing-large-colonial-cas314
1613,casing-1867-cas318,CAS-318,"3-1/2"" Casing 1613",This 3-1/2″ 1867 style casing offers an old farmhouse or heritage design. Sometimes corner blocks are used with this style of trim. Casing is used to trim around doors and windows. It covers the gap between the drywall and the jamb. Casing is often the most prominent trim feature in your home and should be thicker than the baseboard. To increase the width and depth of the casing you can add a back band.,trim-mouldings,Casing,3/4 X 3-1/2,0.75,3.5,wood,,"3-1/2"" Casing 1613",,https://www.royalwoodshop.com/wp-content/uploads/2017/07/Mouldings/CAS-318-3D.jpg,70,published,casing-1867-cas318
1614,casing-symmetrical-heritage-cas400,CAS-400,"4"" Casing 400",This 4″ symmetrical casing offers an farmhouse or heritage design. Usually corner blocks and plinth blocks are used with this style of casing. Casing is used to trim around doors and windows. It covers the gap between the drywall and the jamb. Casing is often the most prominent trim feature in your home and should be thicker than the baseboard. To increase the width and depth of the casing you can add a back band.,trim-mouldings,Casing,"3/4 X 4""",0.75,4.0,wood,,"4"" Casing 400",,https://www.royalwoodshop.com/wp-content/uploads/2017/07/Mouldings/CAS-400-3D-symmetrical-door-window-casing.jpg,88,published,casing-symmetrical-heritage-cas400
1615,casing-4-inch-cas445,CAS-445,"4-1/4"" Casing 445",This is a very large and unique casing profile. You would not need a backband with this one. Casing is used to trim around doors and windows. It covers the gap between the drywall and the jamb. Casing is often the most prominent trim feature in your home and should be thicker than the baseboard. To increase the width and depth of the casing you can add a back band.,trim-mouldings,Casing,1-5/16 X 4-1/4,1.3125,4.25,wood,,,,https://www.royalwoodshop.com/wp-content/uploads/2017/07/Mouldings/CAS-445-3D.jpg,33,published,
1616,casing-colonial-bb-casing,CAS-4642,"3"" Backband Colonial Casing cas-4642 Primed",This is a 3″ builder upgrade colonial casing with a built-ing backband. It comes in primed Finjer Jointed Pine 15′ lengths. You would not need a backband with this one. Casing is used to trim around doors and windows. It covers the gap between the drywall and the jamb. Casing is often the most prominent trim feature in your home and should be thicker than the baseboard. To increase the width and depth of the casing you can add a back band.,trim-mouldings,Casing,"1-1/16 X 3""",1.0625,3.0,FJ-Pine,,"3"" Casing 4642",,https://www.royalwoodshop.com/wp-content/uploads/2017/07/Mouldings/CAS-4642-3D-backband-casing.jpg,288,published,casing-colonial-bb-casing
1618,casing-builder-colonial-cas7705,CAS-7705,"2-3/4"" Casing 7705",This is the current standard 2-3/4 colonial casing seen in most sub-division homes. Casing is used to trim around doors and windows. It covers the gap between the drywall and the jamb. Casing is often the most prominent trim feature in your home and should be thicker than the baseboard. To increase the width and depth of the casing you can add a back band. We do have a 5/8″ offset backband in stock that accomodates this profile.,trim-mouldings,Casing,5/8 X 2-3/4,0.625,2.75,FJ Primed Pine,,"2-3/4"" Casing 7705",,https://www.royalwoodshop.com/wp-content/uploads/2017/07/Mouldings/CAS-7705-3D-builder-colonial-casing.jpg,154,published,casing-builder-colonial-cas7705
1619,chair-rail-decorative-moulding-cha106,CHA-106,"1-3/8"" Chair Rail 106",This decorative moulding is coded as a chair rail but usually used for other applications.,trim-mouldings,Decorative,1/2 x 1-3/8,0.5,1.375,wood,,"1-3/8"" Chair Rail 106",,https://www.royalwoodshop.com/wp-content/uploads/2017/07/Mouldings/CHA-106-3D.jpg,84,published,chair-rail-decorative-moulding-cha106
1620,chair-rail-decorative-moulding-cha110,CHA-110,"1-5/8"" Chair Rail 110",This decorative moulding is coded as a chair rail but usually used for other applications.,trim-mouldings,Decorative,5/8 x 1-5/8,0.625,1.625,wood,,"1-5/8"" Chair Rail 110",,https://www.royalwoodshop.com/wp-content/uploads/2017/07/Mouldings/CHA-110-3D.jpg,86,published,chair-rail-decorative-moulding-cha110
1621,chair-rail-cha202,CHA-202,"2-1/8"" Chair Rail 202",Chair Rail is applied on the wall parallel to the crown and base. Often it is installed approximately one third the distance up the wall but can range anywhere from 28″ to 36” up the wall or even higher when paneling out a wall for wainscoting. Chair rail offers a traditional colonial look and can separate two wall colours in the room. Its original purpose was to protect the walls from the backs of chairs but is more commonly used for a visual effect.,trim-mouldings,Chair Rail,3/4 x 2-1/8,0.75,2.125,wood,,"2-1/8"" Chair Rail 202",,https://www.royalwoodshop.com/wp-content/uploads/2017/07/Mouldings/CHA-202-3D.jpg,84,published,chair-rail-cha202
1622,chair-rail-cha204,CHA-204,"2-1/2"" Chair Rail 204",Chair Rail is applied on the wall parallel to the crown and base. Often it is installed approximately one third the distance up the wall but can range anywhere from 28″ to 36” up the wall or even higher when paneling out a wall for wainscoting. Chair rail offers a traditional colonial look and can separate two wall colours in the room. Its original purpose was to protect the walls from the backs of chairs but is more commonly used for a visual effect.,trim-mouldings,Chair Rail,13/16 x 2-1/2,0.8125,2.5,wood,,"2-1/2"" Chair Rail 204",,https://www.royalwoodshop.com/wp-content/uploads/2017/07/Mouldings/CHA-204-3D-chair-rail.jpg,128,published,chair-rail-cha204
1623,chair-rail-cha209,CHA-209,"2-1/4"" Chair Rail 209",Chair Rail is applied on the wall parallel to the crown and base. Often it is installed approximately one third the distance up the wall but can range anywhere from 28″ to 36” up the wall or even higher when paneling out a wall for wainscoting. Chair rail offers a traditional colonial look and can separate two wall colours in the room. Its original purpose was to protect the walls from the backs of chairs but is more commonly used for a visual effect.,trim-mouldings,Chair Rail,3/4 x 2-1/4,0.75,2.25,wood,,"2-1/4"" Chair Rail 209",,https://www.royalwoodshop.com/wp-content/uploads/2017/07/Mouldings/CHA-209-3D.jpg,113,published,chair-rail-cha209
1624,chair-rail-or-picture-frame-moulding-cha224,CHA-224,"2-1/2"" Chair Rail 224","This chair rail has a 1/4″ rabett to allow for a picture frame, or to frame out a mirror in a bathroom. Chair Rail is applied on the wall parallel to the crown and base. Often it is installed approximately one third the distance up the wall but can range anywhere from 28″ to 36” up the wall or even higher when paneling out a wall for wainscoting. Chair rail offers a traditional colonial look and can separate two wall colours in the room. Its original purpose was to protect the walls from the backs of chairs but is more commonly used for a visual effect.",trim-mouldings,Chair Rail,1-1/16 x 2-1/2,1.0625,2.5,wood,,,,https://www.royalwoodshop.com/wp-content/uploads/2017/07/Mouldings/CHA-224-3D.jpg,139,published,
1625,chair-rail-large-cha308,CHA-308,"3-1/2"" Chair Rail 308","This Chair rail can handle a larger room or matches well when combined with larger trims such as baseboard, casing and crown moulding. Chair Rail is applied on the wall parallel to the crown and base. Often it is installed approximately one third the distance up the wall but can range anywhere from 28″ to 36” up the wall or even higher when paneling out a wall for wainscoting. Chair rail offers a traditional colonial look and can separate two wall colours in the room. Its original purpose was to protect the walls from the backs of chairs but is more commonly used for a visual effect.",trim-mouldings,Chair Rail,1-1/16 x 3-1/2,1.0625,3.5,wood,,"3-1/2"" Chair Rail 308",,https://www.royalwoodshop.com/wp-content/uploads/2017/07/Mouldings/CHA-308-3D-large-chair-rail.jpg,119,published,chair-rail-large-cha308
1626,chair-rail-cha310,CHA-310,"3-1/4"" Chair Rail 310",Chair Rail is applied on the wall parallel to the crown and base. Often it is installed approximately one third the distance up the wall but can range anywhere from 28″ to 36” up the wall or even higher when paneling out a wall for wainscoting. Chair rail offers a traditional colonial look and can separate two wall colours in the room. Its original purpose was to protect the walls from the backs of chairs but is more commonly used for a visual effect.,trim-mouldings,Chair Rail,13/16 x 3-1/4,0.8125,3.25,wood,,"3-1/4"" Chair Rail 310",,https://www.royalwoodshop.com/wp-content/uploads/2017/07/Mouldings/CHA-310-3D.jpg,105,published,chair-rail-cha310
1627,chair-rail-cha334,CHA-334,"3-1/8"" Chair Rail 334",Chair Rail is applied on the wall parallel to the crown and base. Often it is installed approximately one third the distance up the wall but can range anywhere from 28″ to 36” up the wall or even higher when paneling out a wall for wainscoting. Chair rail offers a traditional colonial look and can separate two wall colours in the room. Its original purpose was to protect the walls from the backs of chairs but is more commonly used for a visual effect.,trim-mouldings,Chair Rail,7/8 x 3-1/8,0.875,3.125,wood,,"3-1/8"" Chair Rail 334",,https://www.royalwoodshop.com/wp-content/uploads/2017/07/Mouldings/CHA-334-3D.jpg,114,published,chair-rail-cha334
1629,small-cove-moulding-cov001,COV-001,"1/2"" Cove Mould 001","Cove mould is an inside corner concave in shape and comes in various sizes depending on the application. Larger coves are used as crown or cornice mouldings. Smaller cove moulds are used as inside corners as a guard, or to hide a rough or jagged edge.",trim-mouldings,Cove,1/2 x 1/2,0.5,0.5,wood,,"1/2"" Cove Mould 001",,https://www.royalwoodshop.com/wp-content/uploads/2017/07/Mouldings/COV-001-3d.jpg,169,published,small-cove-moulding-cov001
1630,three-quarter-cove-mould-cov003,COV-003,"3/4"" Cove Mould 003","Cove mould is an inside corner concave in shape and comes in various sizes depending on the application. Larger coves are used as crown or cornice mouldings. Smaller cove moulds are used as inside corners as a guard, or to hide a rough or jagged edge.",trim-mouldings,Cove,3/4 x 3/4,0.75,0.75,wood,,"3/4"" Cove Mould 003",,https://www.royalwoodshop.com/wp-content/uploads/2017/07/Mouldings/COV-003-3D-cove-moulding.jpg,180,published,three-quarter-cove-mould-cov003
1631,cove-moulding-cov103,COV-103,"1-1/16"" Cove Mould 103","Cove mould is an inside corner concave in shape and comes in various sizes depending on the application. Larger coves are used as crown or cornice mouldings. Smaller cove moulds are used as inside corners as a guard, or to hide a rough or jagged edge.",trim-mouldings,Cove,1-1/16 x 1-1/16,1.0625,1.0625,wood,,"1-1/16"" Cove Mould 103",,https://www.royalwoodshop.com/wp-content/uploads/2017/07/Mouldings/COV-103-3d-cove-moulding.jpg,168,published,cove-moulding-cov103
1632,decorative-cove-moulding-cov221,COV-221,"2-1/4"" Cove Mould 221","Rise 1-5/8 Run 1-5/8 Cove mould is an inside corner concave in shape and comes in various sizes depending on the application. Larger coves are used as crown or cornice mouldings. Smaller cove moulds are used as inside corners as a guard, or to hide a rough or jagged edge.",trim-mouldings,Cove,11/16 x 2-1/4,0.6875,2.25,wood,,"2-1/4"" Cove Mould 221",,https://www.royalwoodshop.com/wp-content/uploads/2017/07/Mouldings/COV-221-3D.jpg,222,published,decorative-cove-moulding-cov221
1633,four-inch-cove-crown-moulding-cov401,COV-401,"4-1/4"" Cove Mould 401","Rise 3-1/2 Run 2-1/2 This cove moulding is more often used as a crown moulding, or used in fireplace mantels. The rise does not equal the run with this one. Cove mould is an inside corner concave in shape and comes in various sizes depending on the application. Larger coves are used as crown or cornice mouldings. Smaller cove moulds are used as inside corners as a guard, or to hide a rough or jagged edge.",trim-mouldings,Crown,"1"" x 4-1/4",1.0,4.25,wood,,"4-1/4"" Cove Mould 401",,https://www.royalwoodshop.com/wp-content/uploads/2017/07/Mouldings/COV-401-3D.jpg,346,published,four-inch-cove-crown-moulding-cov401
1634,crown-moulding-cov509,COV-509,"5-1/4"" Cove Mould 509","Rise 4 Run 3-1/4 This crown moulding is plain and modern with crisp sharp lines. It has a symettrical profile witch makes installation easier. Crown moulding is applied where the ceiling and wall meet to offer a dramatic and elegant look to a room. Crown moulding is also referred to as cornice moulding, cove moulding and bed mould.",trim-mouldings,Crown,11/16 x 5-1/4,0.6875,5.25,wood,,"5-1/4"" Cove Mould 509",,https://www.royalwoodshop.com/wp-content/uploads/2017/07/Mouldings/COV-509-3D.jpg,442,published,crown-moulding-cov509
1635,cove-crown-moulding-cov514,COV-514,"5-1/4"" Cove Mould 514","Rise 3-3/4 Run 3-3/4 This crown moulding has a nice deep cut out and is simple in design. It will compliment both modern and classical designs in your home. It is in stock in primed MDF only. Crown moulding is applied where the ceiling and wall meet to offer a dramatic and elegant look to a room. Crown moulding is also referred to as cornice moulding, cove moulding and bed mould.",trim-mouldings,Crown,1-3/16 x 5-1/4,1.1875,5.25,MDF,,"5-1/4"" Cove Mould 514",,https://www.royalwoodshop.com/wp-content/uploads/2017/07/Mouldings/cov-514-3d-cove-crown-moulding.jpg,462,published,cove-crown-moulding-cov514
1636,cove-crown-moulding-cov604,COV-604,"6"" Cove Crown 604","This crown moulding has a nice deep cut out and is simple in design. It will compliment both modern and classical designs in your home. Crown moulding is applied where the ceiling and wall meet to offer a dramatic and elegant look to a room. Crown moulding is also referred to as cornice moulding, cove moulding and bed mould.",trim-mouldings,Crown,"1-5/8 x 6""",1.625,6.0,wood & Mdf,,,,https://www.royalwoodshop.com/wp-content/uploads/2017/07/Mouldings/COV-604-3D.jpg,215,published,
1637,symmetrical-crown-moulding-mdf-cov41,CRO-41,"6-3/8"" Crown 41","Rise 4 Run 4-3/4 This MDF symmetrical crown can handle taller ceiling heights and has a nice deep cut profile with minimal details on the outer edges. Crown moulding is applied where the ceiling and wall meet to offer a dramatic and elegant look to a room. Crown moulding is also referred to as cornice moulding, cove moulding and bed mould.",trim-mouldings,Crown,"1"" x 6-3/8",1.0,6.375,MDF,,"6-3/8"" Crown 41",,https://www.royalwoodshop.com/wp-content/uploads/2017/07/Mouldings/CRO-41-3D-symmetrical-crown-moulding.jpg,218,published,symmetrical-crown-moulding-mdf-cov41
1638,small-crown-moulding-cro-202,CRO-202,"2-1/4"" Crown 202","Rise 1-9/16 Run 1-9/16 This small colonial crown moulding is usually used as crown on cabinetry, wall units, and in other decorative millwork applications. Crown moulding is applied where the ceiling and wall meet to offer a dramatic and elegant look to a room. Crown moulding is also referred to as cornice moulding, cove moulding and bed mould.",trim-mouldings,Crown,11/16 x 2-1/4,0.6875,2.25,wood,,"2-1/4"" Crown 202",,https://www.royalwoodshop.com/wp-content/uploads/2017/07/Mouldings/CRO-202-3d.jpg,243,published,small-crown-moulding-cro-202
1639,crown-moulding-cro300,CRO-300,"3-1/2"" Crown 300","Rise 2-1/2 Run 2-1/2 This small crown moulding is usually used as crown on cabinetry, wall units, and in other decorative millwork applications. Crown moulding is applied where the ceiling and wall meet to offer a dramatic and elegant look to a room. Crown moulding is also referred to as cornice moulding, cove moulding and bed mould.",trim-mouldings,Crown,3/4 x 3-1/2,0.75,3.5,wood,,"3-1/2"" Crown 300",,https://www.royalwoodshop.com/wp-content/uploads/2017/07/Mouldings/CRO-300-3D.jpg,193,published,crown-moulding-cro300
1640,crown-moulding-cro301,CRO-301,"3-7/8"" Crown 301","This small crown moulding is usually used as crown on cabinetry, wall units, and in other decorative millwork applications. Crown moulding is applied where the ceiling and wall meet to offer a dramatic and elegant look to a room. Crown moulding is also referred to as cornice moulding, cove moulding and bed mould.",trim-mouldings,Crown,11/16 x 3-7/8,0.6875,3.875,wood,,,,https://www.royalwoodshop.com/wp-content/uploads/2017/07/Mouldings/CRO-301-3D.jpg,86,published,
1641,small-crown-moulding-cro-302,CRO-302,"3-1/4"" Crown 302","Rise 2-1/4 Run 2-1/4 This is a small colonial style crown, often used as a decorative moulding in millwork projects and cabinetry. Crown moulding is applied where the ceiling and wall meet to offer a dramatic and elegant look to a room. Crown moulding is also referred to as cornice moulding, cove moulding and bed mould.",trim-mouldings,Crown,3/4 x 3-1/4,0.75,3.25,wood,,"3-1/4"" Crown 302",,https://www.royalwoodshop.com/wp-content/uploads/2017/07/Mouldings/CRO-302-3d-small-crown-moulding.jpg,245,published,small-crown-moulding-cro-302
1642,crown-moulding-cro-317,CRO-317,"3-5/8"" Cabinet Crown 317","This crown is designed sit on top of a cabinet because it allows for the thickness of the cabinet door so the profile is flush with the cabinet door. This crown is often called a “cabinet crown”. Crown moulding is applied where the ceiling and wall meet to offer a dramatic and elegant look to a room. Crown moulding is also referred to as cornice moulding, cove moulding and bed mould.",trim-mouldings,Crown,13/16 x 3-5/8,0.8125,3.625,wood,,,,https://www.royalwoodshop.com/wp-content/uploads/2017/07/Mouldings/CRO-317-3D.jpg,121,published,
1643,colonial-crown-moulding-cro400,CRO-400,"4-1/4"" Classic Colonial Crown Moulding cro-400","Wood 11/16 x 4-1/4"" x 16' primed and random lengths in Pine, Oak, Maple, and Poplar with rise 3"" and run 3"" MDF 5/8 x 4-1/8"" x 14' primed with rise 2-7/8"" and run 3"" A very popular trim due to its simple and elegant profile. Crown molding is applied where the ceiling and wall meet to offer a dramatic and elegant look to a room. Crown molding is also referred to as cornice or, cove molding.",trim-mouldings,Crown,11/16 x 4-1/4,0.6875,4.25,"wood 11/16"" thick & MDF 5/8"" thick",,"4-1/4"" Crown 400",,https://www.royalwoodshop.com/wp-content/uploads/2017/07/Mouldings/CRO-400-3D-four-inch-colonial-crown-moulding.jpg,481,published,colonial-crown-moulding-cro400
1644,crown-moulding-cro-402,CRO-402,"4-15/16"" Crown 402","Rise 3-1/2 Run 3-1/2 Crown moulding is applied where the ceiling and wall meet to offer a dramatic and elegant look to a room. Crown moulding is also referred to as cornice moulding, cove moulding and bed mould.",trim-mouldings,Crown,13/16 x 4-15/16,0.8125,4.9375,wood,,"4-15/16"" Crown 402",,https://www.royalwoodshop.com/wp-content/uploads/2017/07/Mouldings/CRO-402-3D.jpg,123,published,crown-moulding-cro-402
1645,five-inch-crown-moulding-cro500,CRO-500,"5-1/4"" Crown Moulding cro-500 primed","Wood Rise 3-3/4 Run 3-3/4 MDF Rise 3-11/16 Run 3-11/16 Crown 500 is a classic and popular profile due to its simple and elegant look. It is available in stock in FJ Primed Poplar, Primed MDF, Solid Poplar, Oak, and Maple. Crown moulding is applied where the ceiling and wall meet to offer a dramatic and elegant look to a room. Crown moulding is also referred to as cornice moulding, cove moulding and bed mould.",trim-mouldings,Crown,3/4 x 5-1/4,0.75,5.25,wood & MDF,,"5-1/4"" Crown 500",,https://www.royalwoodshop.com/wp-content/uploads/2017/07/Mouldings/CRO-500-3d-five-inch-crown-moulding.jpg,493,published,five-inch-crown-moulding-cro500
1646,crown-moulding-cro501,CRO-501,"5-1/4"" Crown 501","Rise 3-3/4 Run 3-3/4 This symmetrical crown moulding has clean sharp lines at the outer edges. Crown moulding is applied where the ceiling and wall meet to offer a dramatic and elegant look to a room. Crown moulding is also referred to as cornice moulding, cove moulding and bed mould.",trim-mouldings,Crown,3/4 x 5-1/4,0.75,5.25,wood,,"5-1/4"" Crown 501",,https://www.royalwoodshop.com/wp-content/uploads/2017/07/Mouldings/CRO-501-3D.jpg,276,published,crown-moulding-cro501
1647,crown-moulding-cro511,CRO-511,"5-1/4"" Decorative Crown Moulding 511","Rise 3-5/8 Run 3-5/8 Crown moulding is applied where the ceiling and wall meet to offer a dramatic and elegant look to a room. Crown moulding is also referred to as cornice moulding, cove moulding and bed mould.",trim-mouldings,Crown,13/16 x 5-1/4,0.8125,5.25,wood,,"5-1/4"" Crown 511",,https://www.royalwoodshop.com/wp-content/uploads/2017/07/Mouldings/CRO-511-3D.jpg,292,published,crown-moulding-cro511
1648,crown-moulding-cro702,CRO-702,7-1/4 CRO-702,Wood Rise 5-1/8 Run 5-1/8 MDF Rise 5-1/4 Run 4-3/4 This Classic elegant yet simple crown is ideal for high ceilings. It’s 7-1/4″ wide face will command a presence in your room. Crown moulding is applied where the ceiling and wall meet to offer a dramatic and elegant look to a room. Crown moulding is also referred to as cornice molding when made from multiple pieces.,trim-mouldings,Crown,"3/4 x 7-1/4 or 7\\\""",,,wood and mdf,,7-1/4 CRO-702,,https://www.royalwoodshop.com/wp-content/uploads/2022/04/CRO-702-3d-1.jpg,413,published,crown-moulding-cro702
1649,crown-moulding-cro712,CRO-712,"4-1/2"" Crown 712","Crown moulding is applied where the ceiling and wall meet to offer a dramatic and elegant look to a room. Crown moulding is also referred to as cornice moulding, cove moulding and bed mould.",trim-mouldings,Crown,5/8 x 4-1/2,0.625,4.5,MDF,,,,https://www.royalwoodshop.com/wp-content/uploads/2017/07/Mouldings/CRO-712-3D.jpg,105,published,
1650,crown-moulding-cro6969,CRO-6969,5-7/8,"Crown moulding is applied where the ceiling and wall meet to offer a dramatic and elegant look to a room. Crown moulding is also referred to as cornice moulding, cove moulding and bed mould.",trim-mouldings,Crown,3/4 x 5-7/8,0.75,5.875,MDF,,,,https://www.royalwoodshop.com/wp-content/uploads/2021/02/CRO-6969-3D.jpg,150,published,
1652,symmetrical-decorative-moulding-dec005,DEC-005,"3/4"" Decorative Mould 005",This symmetrical decorative moulding is used for various decorative applications in all aspects of millwork.,trim-mouldings,Decorative,3/8 X 3/4,0.375,0.75,wood,,"3/4"" Decorative Mould 005",,https://www.royalwoodshop.com/wp-content/uploads/2017/07/Mouldings/DEC-005-3D.jpg,184,published,symmetrical-decorative-moulding-dec005
1653,decorative-moulding-dec006,DEC-006,"3/4"" Decorative Mould 006",Decorative mouldings are used for various decorative applications in all aspects of millwork.,trim-mouldings,Decorative,7/16 X 3/4,0.4375,0.75,wood,,"3/4"" Decorative Mould 006",,https://www.royalwoodshop.com/wp-content/uploads/2017/07/Mouldings/DEC-006-3D-decorative-moulding.jpg,119,published,decorative-moulding-dec006
1654,inset-decorative-panel-moulding-dec007,DEC-007,"7/8"" Decorative Mould 007",Decorative mouldings are used for various decorative applications in all aspects of millwork. This one is often used as an inset panel moulding.,trim-mouldings,Decorative,1/2 X 7/8,0.5,0.875,wood,,"7/8"" Decorative Mould 007",,https://www.royalwoodshop.com/wp-content/uploads/2017/07/Mouldings/DEC-007-3D-inset-panel-moulding.jpg,123,published,inset-decorative-panel-moulding-dec007
1655,decorative-moulding-dec022,DEC-022,"11/16"" Decorative Mould 022",Decorative mouldings are used for various decorative applications in all aspects of millwork.,trim-mouldings,Decorative,3/8 X 11/16,0.375,0.6875,wood,,,,https://www.royalwoodshop.com/wp-content/uploads/2017/07/Mouldings/DEC-022-3d.jpg,44,published,
1656,decorative-moulding-dec065,DEC-065,"7/8"" Decorative Mould 065",Decorative mouldings are used for various decorative applications in all aspects of millwork.,trim-mouldings,Decorative,1/2 X 7/8,0.5,0.875,wood,,"7/8"" Decorative Mould 065",,https://www.royalwoodshop.com/wp-content/uploads/2017/07/Mouldings/DEC-065-3D.jpg,64,published,decorative-moulding-dec065
1657,transitional-decorative-moulding-dec066,DEC-066,"11/16"" Decorative Mould 066",This modern transitional decorative mouldings can be used for various decorative applications in all aspects of millwork.,trim-mouldings,Decorative,7/16 X 11/16,0.4375,0.6875,wood,,"11/16"" Decorative Mould 066",,https://www.royalwoodshop.com/wp-content/uploads/2017/07/Mouldings/DEC-066-3D-transitional-decorative-moulding.jpg,116,published,transitional-decorative-moulding-dec066
1658,symmetrical-decorative-moulding-de102,DEC-102,"1-1/4"" Decorative Mould 102",This symmetrical decorative moulding is used for various decorative applications in all aspects of millwork.,trim-mouldings,Decorative,5/8 X 1-1/4,0.625,1.25,wood,,"1-1/4"" Decorative Mould 102",,https://www.royalwoodshop.com/wp-content/uploads/2017/07/Mouldings/DEC-102-3D.jpg,105,published,symmetrical-decorative-moulding-de102
1659,decorative-moulding-dec103,DEC-103,"1-1/16"" Decorative Mould 103",Decorative mouldings are used for various decorative applications in all aspects of millwork.,trim-mouldings,Decorative,7/16 X 1-1/16,0.4375,1.0625,wood,,"1-1/16"" Decorative Mould 103",,https://www.royalwoodshop.com/wp-content/uploads/2017/07/Mouldings/DEC-103-3D.jpg,124,published,decorative-moulding-dec103
1660,symmetrical-decorative-moulding-dec105,DEC-105,"1-5/8"" Decorative Mould 105",This symmetrical decorative moulding is used for various decorative applications in all aspects of millwork.,trim-mouldings,Decorative,3/4 X 1-5/8,0.75,1.625,wood,,"1-5/8"" Decorative Mould 105",,https://www.royalwoodshop.com/wp-content/uploads/2017/07/Mouldings/DEC-105-3D-symmetrical-decorative-moulding.jpg,81,published,symmetrical-decorative-moulding-dec105
1661,transitional-decorative-moulding-dec194,DEC-194,"1-1/8"" Decorative Mould 194",This modern transitional decorative mouldings can be used for various decorative applications in all aspects of millwork.,trim-mouldings,Decorative,1/2 X 1-1/8,0.5,1.125,wood,,,,https://www.royalwoodshop.com/wp-content/uploads/2017/07/Mouldings/DEC-194-3D-transitional-inset-panel-mould.jpg,30,published,
1662,half-round-moulding-hal001,HAL-001,"3/4"" Half Round 001",This decorative half round moulding is used for various decorative applications in all aspects of millwork.,trim-mouldings,Half Round,3/8 X 3/4,0.375,0.75,wood,,"3/4"" Half Round 001",,https://www.royalwoodshop.com/wp-content/uploads/2017/07/Mouldings/HAL-001-3d.jpg,81,published,half-round-moulding-hal001
1663,half-round-moulding-hal005,HAL-005,"1/2"" Half Round 005",This tiny decorative half round moulding is used for various decorative applications in all aspects of millwork.,trim-mouldings,Half Round,1/4 X 1/2,0.25,0.5,wood,,"1/2"" Half Round 005",,https://www.royalwoodshop.com/wp-content/uploads/2017/07/Mouldings/HAL-005-3d.jpg,59,published,half-round-moulding-hal005
1664,half-round-moulding-hal100,HAL-100,"1"" Half Round 100",This decorative half round moulding is used for various decorative applications in all aspects of millwork.,trim-mouldings,Half Round,"1/2 X 1""",0.5,1.0,wood,,"1"" Half Round 100",,https://www.royalwoodshop.com/wp-content/uploads/2017/07/Mouldings/HAL-100-3D-half-round-moulding.jpg,48,published,half-round-moulding-hal100
1665,half-round-moulding-hal101,HAL-101,"1-1/4"" Half Round 101",This decorative half round moulding is used for various decorative applications in all aspects of millwork.,trim-mouldings,Half Round,5/8 X 1-1/4,0.625,1.25,wood,,"1-1/4"" Half Round 101",,https://www.royalwoodshop.com/wp-content/uploads/2017/07/Mouldings/HAL-101-3D.jpg,23,published,half-round-moulding-hal101
1666,half-round-moulding-hal102,HAL-102,"1-5/8"" Half Round 102",This decorative half round moulding is used for various decorative applications in all aspects of millwork.,trim-mouldings,Half Round,13/16 X 1-5/8,0.8125,1.625,wood,,"1-5/8"" Half Round 102",,https://www.royalwoodshop.com/wp-content/uploads/2017/07/Mouldings/HAL-102-3D.jpg,24,published,half-round-moulding-hal102
1667,half-round-moulding-hal200,HAL-200,"2"" Half Round 200",This decorative half round moulding is used for various decorative applications in all aspects of millwork.,trim-mouldings,Half Round,"1"" X 2""",1.0,2.0,wood,,,,https://www.royalwoodshop.com/wp-content/uploads/2017/07/Mouldings/HAL-200-3D.jpg,33,published,
1668,half-round-moulding-hal300,HAL-300,"3"" Half Round 300",This large decorative half round moulding is used for various decorative applications in all aspects of millwork.,trim-mouldings,Half Round,"1-1/2 X 3""",1.5,3.0,wood,,,,https://www.royalwoodshop.com/wp-content/uploads/2017/07/Mouldings/HAL-300-3d.jpg,29,published,
1669,plain-handrail-han-200,HAN-200,"plain hand rail 200 2-1/2""","This plain and simple handrail can be attached directly to a wall, or can be mounted to spindles, or balusters and join into a newel post at the top and bottom.",trim-mouldings,Railings,1-1/4 X 2-1/2,1.25,2.5,wood,,"plain hand rail 200 2-1/2""",,https://www.royalwoodshop.com/wp-content/uploads/2017/07/Mouldings/HAN-200-3D.jpg,231,published,plain-handrail-han-200
1670,decorative-handrail-han205f,HAN-205F,"2-1/2"" Hand Railing 205F","This decorative handrail can be attached directly to a wall, or can be mounted to spindles, or balusters and join into a newel post at the top and bottom.",trim-mouldings,Railings,1-3/4 X 2-1/2,1.75,2.5,wood,,"2-1/2"" Hand Railing 205F",,https://www.royalwoodshop.com/wp-content/uploads/2017/07/Mouldings/HAN-205-3D.jpg,123,published,decorative-handrail-han205f
1671,handrail-han206,HAN-206,"2-5/8"" Hand Railing 206","This plain and simple handrail can be attached directly to a wall, or can be mounted to spindles, or balusters and join into a newel post at the top and bottom.",trim-mouldings,Railings,1-5/16 X 2-5/8,1.3125,2.625,wood,,,,https://www.royalwoodshop.com/wp-content/uploads/2017/07/Mouldings/HAN-206-3D.jpg,113,published,
1672,handrail-han209,HAN-209,"2-1/2"" Hand Railing 209","This plain and simple handrail can be attached directly to a wall, or can be mounted to spindles, or balusters and join into a newel post at the top and bottom.",trim-mouldings,Railings,1-5/16 X 2-1/2,1.3125,2.5,wood,,,,https://www.royalwoodshop.com/wp-content/uploads/2017/07/Mouldings/HAN-209-3D.jpg,95,published,
1673,plain-handrail-han248,HAN-248,"2-3/4"" Hand Railing 248","This plain and simple handrail can be attached directly to a wall, or can be mounted to spindles, or balusters and join into a newel post at the top and bottom.",trim-mouldings,Railings,1-3/4 X 2-3/4,1.75,2.75,wood,,"2-3/4"" Hand Railing 248",,https://www.royalwoodshop.com/wp-content/uploads/2017/07/Mouldings/HAN-248-3D-plain-handrail.jpg,164,published,plain-handrail-han248
1674,handrail-han289f,HAN-289F,"2-3/4"" Hand Railing 289F","This plain and simple handrail can be attached directly to a wall, or can be mounted to spindles, or balusters and join into a newel post at the top and bottom.",trim-mouldings,Railings,1-3/4 X 2-3/4,1.75,2.75,wood,,"2-3/4"" Hand Railing 289F",,https://www.royalwoodshop.com/wp-content/uploads/2017/07/Mouldings/HAN-289-3D.jpg,153,published,handrail-han289f
1675,handrail-han297f,HAN-297F,"2-3/4"" Hand Railing 297F","This plain and simple handrail can be attached directly to a wall, or can be mounted to spindles, or balusters and join into a newel post at the top and bottom.",trim-mouldings,Railings,1-3/4 X 2-3/4,1.75,2.75,wood,,"2-3/4"" Hand Railing 297F",,https://www.royalwoodshop.com/wp-content/uploads/2017/07/Mouldings/HAN-297-3d.jpg,82,published,handrail-han297f
1676,handrail-han301f,HAN-301F,"3"" Hand Railing 301F","This decorative handrail can be attached directly to a wall, or can be mounted to spindles, or balusters and join into a newel post at the top and bottom.",trim-mouldings,Railings,"2-1/4 X 3""",2.25,3.0,wood,,,,https://www.royalwoodshop.com/wp-content/uploads/2017/07/Mouldings/HAN-301F-3d.jpg,125,published,
1677,decorative-handrail-han305f,HAN-305F,"3"" Hand Railing 305F","This decorative handrail can be attached directly to a wall, or can be mounted to spindles, or balusters and join into a newel post at the top and bottom.",trim-mouldings,Railings,"1-3/4 X 3""",1.75,3.0,wood,,"3"" Hand Railing 305F",,https://www.royalwoodshop.com/wp-content/uploads/2017/07/Mouldings/HAN-305F-3d-decorative-handrail.jpg,134,published,decorative-handrail-han305f
1678,handrail-han336,HAN-336,"3-1/2"" Hand Railing 336","This solid interior or exterior pine decorative handrail can be attached directly to a wall, or can be mounted to spindles, or balusters and join into a newel post at the top and bottom.",trim-mouldings,Railings,1-5/8 X 3-1/2,1.625,3.5,wood,,,,https://www.royalwoodshop.com/wp-content/uploads/2017/07/Mouldings/HAN-336-3D-exterior-handrail.jpg,171,published,
1679,door-jamb-jam402,JAM-402,"4-5/8"" Door Jamb 402",This jamb is eased and beveled. See our dimensional lumber section for more sizes of dressed lumber that can be used as jamb. Door Jamb is the square wood frame around the three sides of the door or four sides of a window. The casing gets attached to the sides of the jamb. The jamb will come in various standard widths to accommodate the 2×4 or 2×6 walls plus the thickness of the drywall on each side of the wall. The door stop gets attached to the face of the jamb to prevent the door from swinging to far past the opening.,trim-mouldings,Door Jamb,4/5 x 4-5/8,0.8,4.625,wood,,"4-5/8"" Poplar Door Jamb",,https://www.royalwoodshop.com/wp-content/uploads/2017/07/Mouldings/JAM-402-3D.jpg,303,published,woos-door-jamb-jam-2x4-wall
1680,door-jamb-jam600,JAM-600,"6-5/8"" Door Jamb 600",This jamb is eased and bevelled. See our dimensional lumber section for more sizes of dressed lumber that can be used as jamb. Door Jamb is the square wood frame around the three sides of the door or four sides of a window. The casing gets attached to the sides of the jamb. The jamb will come in various standard widths to accommodate the 2×4 or 2×6 walls plus the thickness of the drywall on each side of the wall. The door stop gets attached to the face of the jamb to prevent the door from swinging through the wrong way.,trim-mouldings,Door Jamb,3/4 x 6-5/6,0.75,6.8333,wood,,"6-5/8"" Door Jamb 600",,https://www.royalwoodshop.com/wp-content/uploads/2017/07/Mouldings/JAM-600-3D.jpg,257,published,door-jamb-jam600
1681,nosing-nos305,NOS-305,"3-1/2"" Floor & stair nosing 305",A nosing is often used at the top step and landing of stair wells. It is the part that projects past the vertical riser. Nosings often have a groove cut in the back of them where hardwood flooring can tongue into it at the top of the step or staircase.,trim-mouldings,Stair Nosing,1-1/16 x 3-1/2,1.0625,3.5,wood,,"3-1/2"" Floor & stair nosing 305",,https://www.royalwoodshop.com/wp-content/uploads/2017/07/Mouldings/NOS-305-3D-stair-nosing.jpg,158,published,nosing-nos305
1682,nosing-nos400,NOS-400,"4-1/4"" Floor & stair nosing 400",A nosing is often used at the top step and landing of stair wells. It is the part that projects past the vertical riser. Nosings often have a groove cut in the back of them where hardwood flooring can tongue into it at the top of the step or staircase.,trim-mouldings,Stair Nosing,1-1/16 x 4-1/4,1.0625,4.25,wood,,"4-1/4"" Floor & stair nosing 400",,https://www.royalwoodshop.com/wp-content/uploads/2017/07/Mouldings/NOS-400-3D.jpg,124,published,nosing-nos400
1683,nosing-nos401,NOS-401,"4-1/4"" Floor & stair nosing 401",A nosing is often used at the top step and landing of stair wells. It is the part that projects past the vertical riser. Nosings often have a groove cut in the back of them where hardwood flooring can tongue into it at the top of the step or staircase.,trim-mouldings,Stair Nosing,1-1/16 x 4-1/4,1.0625,4.25,wood,,"4-1/4"" Floor & stair nosing 401",,https://www.royalwoodshop.com/wp-content/uploads/2017/07/Mouldings/NOS-401-3D.jpg,101,published,nosing-nos401
1684,nosing-nos602,NOS-602,"6-1/4"" Floor & stair nosing 602",A nosing is often used at the top step and landing of stair wells. It is the part that projects past the vertical riser. Nosings often have a groove cut in the back of them where hardwood flooring can tongue into it at the top of the step or staircase.,trim-mouldings,Stair Nosing,1-1/16 x 6-1/4,1.0625,6.25,wood,,"6-1/4"" Floor & stair nosing 602",,https://www.royalwoodshop.com/wp-content/uploads/2017/07/Mouldings/nos-602-3d.jpg,123,published,nosing-nos602
1685,outside-corner-mould-out001,OUT-001,"3/4"" Outside Corner 001",An outside corner mould is used to protect an outside corner as an outside corner guard. It is also used hide rough or jagged edges on an outside wall corner.,trim-mouldings,Outside Corner,3/4 x 3/4,0.75,0.75,wood,,"3/4"" Outside Corner 001",,https://www.royalwoodshop.com/wp-content/uploads/2017/07/Mouldings/OUT-001-3d.jpg,108,published,outside-corner-mould-out001
1686,outside-corner-mould-out007,OUT-007,"1"" Outside Corner 007",An outside corner mould is used to protect an outside corner as an outside corner guard. It is also used hide rough or jagged edges on an outside wall corner.,trim-mouldings,Outside Corner,"1"" x 1""",1.0,1.0,wood,,"1"" Outside Corner 007",,https://www.royalwoodshop.com/wp-content/uploads/2017/07/Mouldings/OUT-007-3D.jpg,115,published,outside-corner-mould-out007
1687,outside-corner-mould-out008,OUT-008,"1"" Outside Corner 008",An outside corner mould is used to protect an outside corner as an outside corner guard. It is also used hide rough or jagged edges on an outside wall corner. This outside corner has a decorative profile.,trim-mouldings,Outside Corner,"1"" x 1""",1.0,1.0,wood,,"1"" Outside Corner 008",,https://www.royalwoodshop.com/wp-content/uploads/2017/07/Mouldings/OUT-008-3D-decorative-outside-corner-mould.jpg,96,published,outside-corner-mould-out008
1688,outside-corner-mould-out105,OUT-105,"1-1/4"" Outside Corner 105",An outside corner mould is used to protect an outside corner as an outside corner guard. It is also used hide rough or jagged edges on an outside wall corner.,trim-mouldings,Outside Corner,1-1/4 x 1-1/4,1.25,1.25,wood,,"1-1/4"" Outside Corner 105",,https://www.royalwoodshop.com/wp-content/uploads/2017/07/Mouldings/OUT-105-3d-outside-corner-mould.jpg,103,published,outside-corner-mould-out105
1689,outside-corner-mould-out116,OUT-116,"1-1/2"" Outside Corner 116",An outside corner mould is used to protect an outside corner as an outside corner guard. It is also used hide rough or jagged edges on an outside wall corner.,trim-mouldings,Outside Corner,1-1/2 x 1-1/2,1.5,1.5,wood,,"1-1/2"" Outside Corner 116",,https://www.royalwoodshop.com/wp-content/uploads/2017/07/Mouldings/OUT-116-3d.jpg,239,published,outside-corner-mould-out116
1690,offset-panel-mould-pan001,PAN-001,"7/8"" Panel Mould 001","Panel mould is a decorative trim applied to the wall to add a visual relief to the wall. The panel mould is sometimes accompanied by a chair rail. Panel moulding can be used on the full face of the walls, or partially up the wall. On applied panel moulding, the 4 pieces are mitred together to form rectangles and are applied to the surface of the wall. In sunken panel applications it will have a rabetted edge to accommodate the style and rails of the panels. The style and rails are the vertical and horizontal pieces that for the wall paneling. In sunken panel designs, the panel mould is often referred to as a bolection mould.",trim-mouldings,Panel Moulding,1/2 x 7/8,0.5,0.875,wood,,"7/8"" Panel Mould 001",,https://www.royalwoodshop.com/wp-content/uploads/2017/07/Mouldings/PAN-001-3D.jpg,187,published,offset-panel-mould-pan001
1691,offset-panel-mould-pan101,PAN-101,"1/2"" Offset Panel Mould 101 Poplar","Poplar 1/2"" Offset Panel 101 mould is a decorative trim applied to the wall or any surface where a 1/2"" offset is needed. This decorative trim adds a visual relief to the surface transition. The panel mould is sometimes accompanied by a chair rail. Panel moulding can be used on the full face of the walls, or partially up the wall. On applied panel moulding, the 4 pieces are mitred together to form rectangles and are applied to the surface of the wall. In sunken panel applications it will have a rabetted edge to accommodate the style and rails of the panels. The style and rails are the vertical and horizontal pieces that for the wall paneling. In sunken panel designs, the panel mould is often referred to as a bolection mould.",trim-mouldings,Panel Moulding,13/16 x 1-3/8,0.8125,1.375,wood,,"1-3/8"" Panel Mould 101",,https://www.royalwoodshop.com/wp-content/uploads/2017/07/Mouldings/PAN-101-3D-offset-panel-mould.jpg,192,published,offset-panel-mould-pan101
1692,offset-panel-mould-pan103,PAN-103,"1-7/8"" Panel Mould 103","Panel mould is a decorative trim applied to the wall to add a visual relief to the wall. The panel mould is sometimes accompanied by a chair rail. Panel moulding can be used on the full face of the walls, or partially up the wall. On applied panel moulding, the 4 pieces are mitred together to form rectangles and are applied to the surface of the wall. In sunken panel applications it will have a rabetted edge to accommodate the style and rails of the panels. The style and rails are the vertical and horizontal pieces that for the wall paneling. In sunken panel designs, the panel mould is often referred to as a bolection mould.",trim-mouldings,Panel Moulding,3/4 x 1-7/8,0.75,1.875,wood,,"1-7/8"" Panel Mould 103",,https://www.royalwoodshop.com/wp-content/uploads/2017/07/Mouldings/PAN-103-3D.jpg,183,published,offset-panel-mould-pan103
1693,offset-panel-mould-pan142,PAN-142,"1"" Panel Mould 142","Panel mould is a decorative trim applied to the wall to add a visual relief to the wall. The panel mould is sometimes accompanied by a chair rail. Panel moulding can be used on the full face of the walls, or partially up the wall. On applied panel moulding, the 4 pieces are mitred together to form rectangles and are applied to the surface of the wall. In sunken panel applications it will have a rabetted edge to accommodate the style and rails of the panels. The style and rails are the vertical and horizontal pieces that for the wall paneling. In sunken panel designs, the panel mould is often referred to as a bolection mould.",trim-mouldings,Panel Moulding,"7/8 x 1""",0.875,1.0,wood,,"1"" Panel Mould 142",,https://www.royalwoodshop.com/wp-content/uploads/2017/07/Mouldings/PAN-142-3D.jpg,140,published,offset-panel-mould-pan142
1694,picture-frame-mould-pic102,PIC-102,small picture frame moulding,This is a picture frame moulding with a 1/4 inch rabbet.,trim-mouldings,Cap Moulding,13/16 x 1-1/2,0.8125,1.5,wood,,,,https://www.royalwoodshop.com/wp-content/uploads/2017/07/Mouldings/PIC-102-3D-picture-frame-moulding.jpg,169,published,
1695,fluted-pilaster-mould-pil400,PIL-400,"4"" Fluted Pilaster","Fluted pilaster moulding is used as casing, in over sized traditional entrance ways, and sometimes on the face of fireplace mantels.",trim-mouldings,Casing,"3/4 x 4""",0.75,4.0,wood,,,,https://www.royalwoodshop.com/wp-content/uploads/2017/07/Mouldings/PIL-400-3D.jpg,69,published,
1696,fluted-pilaster-mould-pil600,PIL-600,"6"" Fluted Pilaster","Fluted pilaster moulding is used as casing, in over sized traditional entrance ways, and sometimes on the face of fireplace mantels.",trim-mouldings,Casing,"3/4 x 6""",0.75,6.0,wood,,,,https://www.royalwoodshop.com/wp-content/uploads/2017/07/Mouldings/PIL-600-3D-fluted-pilaster.jpg,35,published,
1697,plinth-blocks-corner-blocks-rosettes,PlinthBlocks,Plinth & Corner Blocks,Plinth blocks and corner blocks are placed at the bottom and top of the door casing.,trim-mouldings,Plinth & Corner Blocks,,,,wood,,Plinth & Corner Blocks,,https://www.royalwoodshop.com/wp-content/uploads/2017/09/CORNERBLOCKS.jpg,344,published,plinth-blocks-corner-blocks-rosettes
1698,decorative-provincial-moulding-pro104,PRO-104,"1-1/4"" Decorative Moulding 104",This decorative provincial moulding is used for various decorative applications in all aspects of millwork.,trim-mouldings,Decorative,7/16 x 1-1/4,0.4375,1.25,wood,,"1-1/4"" Decorative Moulding 104",,https://www.royalwoodshop.com/wp-content/uploads/2017/07/Mouldings/PRO-104-3D-provincial-mould.jpg,149,published,decorative-provincial-moulding-pro104
1699,small-quarter-round-moulding-qua001,QUA-001,"1/4"" Quarter Round 001",Quarter round moulding is a 90 degree inside corner moulding often used for shoe mould or any application where two adjacent surfaces meet.,trim-mouldings,Quarter Round,1/4 X 1/4,0.25,0.25,wood,,,,https://www.royalwoodshop.com/wp-content/uploads/2017/07/Mouldings/QUA-001-3d.jpg,86,published,
1700,vintage-three-quarter-inch-quarter-round-moulding-qua003,QUA-003,"3/4"" Quarter Round 003",Quarter round moulding is a 90 degree inside corner moulding often used for shoe mould or any application where two adjacent surfaces meet.,trim-mouldings,Quarter Round,3/4 X 3/4,0.75,0.75,wood,,,,https://www.royalwoodshop.com/wp-content/uploads/2017/07/Mouldings/QUA-003-3D.jpg,137,published,
1701,primed-quarter-round-moulding-qua004,QUA-004,"11/16"" Quarter Round 004",Quarter round moulding is a 90 degree inside corner moulding often used for shoe mould or any application where two adjacent surfaces meet.,trim-mouldings,Quarter Round,11/16 X 11/16,0.6875,0.6875,wood,,"11/16"" Quarter Round 004",,https://www.royalwoodshop.com/wp-content/uploads/2017/07/Mouldings/QUA-004-3d.jpg,82,published,primed-quarter-round-moulding-qua004
1702,half-inch-quarter-round-moulding-qua006,QUA-006,"1/2"" Quarter Round 006",Quarter round moulding is a 90 degree inside corner moulding often used for shoe mould or any application where two adjacent surfaces meet.,trim-mouldings,Quarter Round,1/2 X 1/2,0.5,0.5,wood,,"1/2"" Quarter Round 006",,https://www.royalwoodshop.com/wp-content/uploads/2017/07/Mouldings/QUA-006-3D.jpg,95,published,half-inch-quarter-round-moulding-qua006
1703,three-quarter-inch-quarter-round-moulding-qua009,QUA-009,"3/4"" Quarter Round 009",Quarter round moulding is a 90 degree inside corner moulding often used for shoe mould or any application where two adjacent surfaces meet.,trim-mouldings,Quarter Round,3/4 X 3/4,0.75,0.75,wood,,"3/4"" Quarter Round 009",,https://www.royalwoodshop.com/wp-content/uploads/2017/07/Mouldings/QUA-009-3D-quarter-round.jpg,180,published,three-quarter-inch-quarter-round-moulding-qua009
1704,large-quarter-round-moulding-qua102,QUA-102,"1"" Quarter Round 102",Quarter round moulding is a 90 degree inside corner moulding often used for shoe mould or any application where two adjacent surfaces meet.,trim-mouldings,Quarter Round,"1"" X 1""",1.0,1.0,wood,,"1"" Quarter Round 102",,https://www.royalwoodshop.com/wp-content/uploads/2017/07/Mouldings/QUA-102-3D.jpg,114,published,large-quarter-round-moulding-qua102
1705,transition-strip-reducer-red114,RED-114,"1-7/16"" Transition Strip 114","A transition strip helps transition two different flooring surfaces together and hides any rough or irregular seams. It can also transition two different flooring heights together for a smooth transition. When there are different flooring heights, often the transition strip is referred to as a reducer.",trim-mouldings,Transition Strip,1/2 X 1-7/16,0.5,1.4375,wood,,"1-7/16"" Transition Strip 114",,https://www.royalwoodshop.com/wp-content/uploads/2017/07/Mouldings/RED-114-3D.jpg,71,published,transition-strip-reducer-red114
1706,transition-strip-reducer-red116,RED-116,"1-13/16"" Transition Strip 116","A transition strip helps transition two different flooring surfaces together and hides any rough or irregular seams. It can also transition two different flooring heights together for a smooth transition. When there are different flooring heights, often the transition strip is referred to as a reducer.",trim-mouldings,Transition Strip,1/2 X 1-3/4,0.5,1.75,wood,,,,https://www.royalwoodshop.com/wp-content/uploads/2017/07/Mouldings/RED-116-3D.jpg,75,published,
1707,transition-strip-reducer-red119,RED-119,"1-13/16"" Transition Strip 119","A transition strip helps transition two different flooring surfaces together and hides any rough or irregular seams. It can also transition two different flooring heights together for a smooth transition. When there are different flooring heights, often the transition strip is referred to as a reducer.",trim-mouldings,Transition Strip,1/2 X 1-3/16,0.5,1.1875,wood,,"1-13/16"" Transition Strip 119",,https://www.royalwoodshop.com/wp-content/uploads/2017/07/Mouldings/RED-119-3D-reducer-strip.jpg,145,published,transition-strip-reducer-red119
1708,transition-strip-reducer-red122,RED-122,"1-7/8"" Transition Strip 122","A transition strip helps transition two different flooring surfaces together and hides any rough or irregular seams. It can also transition two different flooring heights together for a smooth transition. When there are different flooring heights, often the transition strip is referred to as a reducer.",trim-mouldings,Transition Strip,11/16 X 1-7/8,0.6875,1.875,wood,,"1-7/8"" Transition Strip 122",,https://www.royalwoodshop.com/wp-content/uploads/2017/07/Mouldings/RED-122-3D.jpg,90,published,transition-strip-reducer-red122
1709,transition-strip-reducer-red201,RED-201,"2-1/2"" Transition Strip 201","A transition strip helps transition two different flooring surfaces together and hides any rough or irregular seams. It can also transition two different flooring heights together for a smooth transition. When there are different flooring heights, often the transition strip is referred to as a reducer.",trim-mouldings,Transition Strip,3/4 X 2-1/2,0.75,2.5,wood,,,,https://www.royalwoodshop.com/wp-content/uploads/2017/07/Mouldings/RED-201-3D.jpg,61,published,
1710,transition-strip-reducer-red202,RED-202,"2-1/4"" Transition Strip 202","A transition strip helps transition two different flooring surfaces together and hides any rough or irregular seams. It can also transition two different flooring heights together for a smooth transition. When there are different flooring heights, often the transition strip is referred to as a reducer.",trim-mouldings,Transition Strip,3/4 X 2-1/4,0.75,2.25,wood,,"2-1/4"" Transition Strip 202",,https://www.royalwoodshop.com/wp-content/uploads/2017/07/Mouldings/RED-202-3D-reducer-strip.jpg,67,published,transition-strip-reducer-red202
1711,transition-strip-reducer-red221,RED-221,"2-1/4"" Transition Strip 221","A transition strip helps transition two different flooring surfaces together and hides any rough or irregular seams. It can also transition two different flooring heights together for a smooth transition. When there are different flooring heights, often the transition strip is referred to as a reducer.",trim-mouldings,Transition Strip,1/2 X 2-1/4,0.5,2.25,wood,,,,https://www.royalwoodshop.com/wp-content/uploads/2017/07/Mouldings/RED-221-3D.jpg,65,published,
1712,screen-moulding-scr001,SCR-001,"3/4"" Decorative Mould 001",Another versatile decorative moulding that can be used in many applications. Screen mouldings are traditionally used to hold mesh screening into wood screens.,trim-mouldings,Decorative,1/4 x 3/4,0.25,0.75,wood,,,,https://www.royalwoodshop.com/wp-content/uploads/2017/07/Mouldings/SCR-001-3D.jpg,70,published,
1713,decorative-shingle-moulding-shi002,SHI-002,"3/4"" Decorative Shingle Mould 002",A shingle moulding is another decorative moulding that can be used for many design applications. Traditionally it was used as an exterior moulding around window frames or on the rake of a building.,trim-mouldings,Decorative,1/2 x 3/4,0.5,0.75,wood,,"3/4"" Decorative Shingle Mould 002",,https://www.royalwoodshop.com/wp-content/uploads/2017/07/Mouldings/SHI-002-3D-shingle-mould.jpg,122,published,decorative-shingle-moulding-shi002
1714,decorative-shingle-moulding-shi101,SHI-101,"1-5/8"" Decorative Shingle Mould 101",A shingle moulding is another decorative moulding that can be used for many design applications. Traditionally it was used as an exterior moulding around window frames or on the rake of a building.,trim-mouldings,Decorative,3/4 x 1-5/8,0.75,1.625,wood,,"1-5/8"" Decorative Shingle Mould 101",,https://www.royalwoodshop.com/wp-content/uploads/2017/07/Mouldings/SHI-101-3D.jpg,100,published,decorative-shingle-moulding-shi101
1715,decorative-shingle-moulding-shi102,SHI-102,"1-1/4"" Decorative Shingle Mould 102",A shingle moulding is another decorative moulding that can be used for many design applications. Traditionally it was used as an exterior moulding around window frames or on the rake of a building.,trim-mouldings,Decorative,3/4 x 1-1/4,0.75,1.25,wood,,"1-1/4"" Decorative Shingle Mould 102",,https://www.royalwoodshop.com/wp-content/uploads/2017/07/Mouldings/SHI-102-3D.jpg,117,published,decorative-shingle-moulding-shi102
1716,decorative-transitional-shingle-moulding-shi156,SHI-156,"1-5/8"" Decorative Shingle Mould 156",A shingle moulding is another decorative moulding that can be used for many design applications. Traditionally it was used as an exterior moulding around window frames or on the rake of a building.,trim-mouldings,Decorative,3/4 x 1-5/8,0.75,1.625,wood,,"1-5/8"" Decorative Shingle Mould 156",,https://www.royalwoodshop.com/wp-content/uploads/2017/07/Mouldings/SHI-156-3D-transitional-shingle-moulding.jpg,93,published,decorative-transitional-shingle-moulding-shi156
1717,large-decorative-shingle-moulding-shi203,SHI-203,"2-1/4"" Decorative Shingle Mould 203",A shingle moulding is another decorative moulding that can be used for many design applications. Traditionally it was used as an exterior moulding around window frames or on the rake of a building.,trim-mouldings,Decorative,1-1/4 x 2-1/4,1.25,2.25,wood,,"2-1/4"" Decorative Shingle Mould 203",,https://www.royalwoodshop.com/wp-content/uploads/2017/07/Mouldings/SHI-203-3D-large-shingle-mould.jpg,79,published,large-decorative-shingle-moulding-shi203
1718,decorative-shingle-moulding-shi214,SHI-214,"2-3/8"" Decorative Shingle Mould 214",A shingle moulding is another decorative moulding that can be used for many design applications. Traditionally it was used as an exterior moulding around window frames or on the rake of a building.,trim-mouldings,Decorative,1-5/16 x 2-3/8,1.3125,2.375,wood,,,,https://www.royalwoodshop.com/wp-content/uploads/2017/07/Mouldings/SHI-214-3D.jpg,61,published,
1719,decorative-shingle-moulding-shi234,SHI-234,"2-1/2"" Decorative Shingle Mould 234",A shingle moulding is another decorative moulding that can be used for many design applications. Traditionally it was used as an exterior moulding around window frames or on the rake of a building.,trim-mouldings,Decorative,1-5/16 x 2-1/2,1.3125,2.5,wood,,"2-1/2"" Decorative Shingle Mould 234",,https://www.royalwoodshop.com/wp-content/uploads/2017/07/Mouldings/SHI-234-3D.jpg,53,published,decorative-shingle-moulding-shi234
1720,decorative-shingle-moulding-shi308,SHI-308,"3-1/4"" Decorative Shingle Mould 308",A shingle moulding is another decorative moulding that can be used for many design applications. Traditionally it was used as an exterior moulding around window frames or on the rake of a building.,trim-mouldings,Decorative,1-1/4 x 3-1/4,1.25,3.25,wood,,,,https://www.royalwoodshop.com/wp-content/uploads/2017/07/Mouldings/SHI-308-3D.jpg,42,published,
1721,sho-moulding-sho001,SHO-001,3/4 Shoe Mould 001,,trim-mouldings,Quarter Round,1/2 X 3/4,0.5,0.75,wood,,3/4 Shoe Mould 001,,https://www.royalwoodshop.com/wp-content/uploads/2017/07/Mouldings/SHO-001-3D-shoe-moulding.jpg,138,published,sho-moulding-sho001
1722,sho-moulding-sho206f,SHO-206F,2-3/4 Shoe Mould 206f,,trim-mouldings,Railings,3/4 X 2-3/4,0.75,2.75,wood,,,,https://www.royalwoodshop.com/wp-content/uploads/2017/07/Mouldings/SHO-206-3D.jpg,124,published,
1723,sho-moulding-sho305f,SHO-305F,"3"" Shoe Mould 305F",,UNASSIGNED,,"3/4 X 3""",0.75,3.0,wood,,"3"" Shoe Mould 305F",,https://www.royalwoodshop.com/wp-content/uploads/2017/07/Mouldings/SHO-305F-3d.jpg,0,published,sho-moulding-sho305f-2
1724,window-sill-stool-sil103,SIL-103,"1-3/4"" Window Sill 103","The sill or stool is the bottom portion of a window. In applications where a stool is used, the stool projects past the casing and a skirt or apron moulding is used underneath. Window stool or sill offers a very classic and finished look on a window but are not always used.",trim-mouldings,Window Sill,1-1/4 X 1-3/4,1.25,1.75,wood,,"1-3/4"" Window Sill 103",,https://www.royalwoodshop.com/wp-content/uploads/2017/07/Mouldings/SIL-103-3D.jpg,46,published,window-sill-stool-sil103
1725,window-sill-stool-sil202,SIL-202,"2-1/2"" Window Sill 202","The sill or stool is the bottom portion of a window. In applications where a stool is used, the stool projects past the casing and a skirt or apron moulding is used underneath. Window stool or sill offers a very classic and finished look on a window but are not always used.",trim-mouldings,Window Sill,1-1/4 X 2-1/2,1.25,2.5,wood,,"2-1/2"" Window Sill 202",,https://www.royalwoodshop.com/wp-content/uploads/2017/07/Mouldings/SIL-202-3D-window-sill-stool.jpg,53,published,window-sill-stool-sil202
1726,window-sill-stool-sil203,SIL-203,"2-1/2"" Window Sill 203","The sill or stool is the bottom portion of a window. In applications where a stool is used, the stool projects past the casing and a skirt or apron moulding is used underneath. Window stool or sill offers a very classic and finished look on a window but are not always used.",trim-mouldings,Window Sill,3/4 X 2-1/2,0.75,2.5,wood,,"2-1/2"" Window Sill 203",,https://www.royalwoodshop.com/wp-content/uploads/2017/07/Mouldings/SIL-203-3D.jpg,36,published,window-sill-stool-sil203
1727,window-sill-stool-sil219,SIL-219,Window Stool sil219,"The sill or stool is the bottom portion of a window. In applications where a stool is used, the stool projects past the casing and a skirt or apron moulding is used underneath. Window stool or sill offers a very classic and finished look on a window but are not always used.",trim-mouldings,Window Sill,1-1/4 X 2-1/2,1.25,2.5,wood,,Window Stool sil219,,https://www.royalwoodshop.com/wp-content/uploads/2017/07/Mouldings/SIL-219-3D.jpg,59,published,window-sill-stool-sil219
1728,window-sill-stool-sil248,SIL-248,"2-1/4"" Window Sill 248","This is a modern or transitional style stool. The sill or stool is the bottom portion of a window. In applications where a stool is used, the stool projects past the casing and a skirt or apron moulding is used underneath. Window stool or sill offers a very classic and finished look on a window but are not always used.",trim-mouldings,Window Sill,1-1/4 X 2-1/4,1.25,2.25,wood,,"2-1/4"" Window Sill 248",,https://www.royalwoodshop.com/wp-content/uploads/2017/07/Mouldings/SIL-248-transitional-window-sill-stool.jpg,70,published,window-sill-stool-sil248
1729,window-sill-stool-sil304,SIL-304,"3-1/2"" Window Sill 304","The sill or stool is the bottom portion of a window. In applications where a stool is used, the stool projects past the casing and a skirt or apron moulding is used underneath. Window stool or sill offers a very classic and finished look on a window but are not always used.",trim-mouldings,Window Sill,1-1/4 X 3-1/2,1.25,3.5,wood,,,,https://www.royalwoodshop.com/wp-content/uploads/2017/07/Mouldings/SIL-304-3D.jpg,48,published,
1730,window-sill-stool-sil305,SIL-305,"3-1/2"" Window Sill 305","The sill or stool is the bottom portion of a window. In applications where a stool is used, the stool projects past the casing and a skirt or apron moulding is used underneath. Window stool or sill offers a very classic and finished look on a window but are not always used.",trim-mouldings,Window Sill,3/4 X 3-1/2,0.75,3.5,wood,,"3-1/2"" Window Sill 305",,https://www.royalwoodshop.com/wp-content/uploads/2017/07/Mouldings/SIL-305-3D.jpg,34,published,window-sill-stool-sil305
1731,window-sill-stool-sil306,SIL-306,"3-1/2"" Window Sill 306","The sill or stool is the bottom portion of a window. In applications where a stool is used, the stool projects past the casing and a skirt or apron moulding is used underneath. Window stool or sill offers a very classic and finished look on a window but are not always used.",trim-mouldings,Window Sill,1-1/4 X 3-1/2,1.25,3.5,wood,,"3-1/2"" Window Sill 306",,https://www.royalwoodshop.com/wp-content/uploads/2017/07/Mouldings/SIL-306-3D.jpg,28,published,window-sill-stool-sil306
1732,window-sill-stool-sil502,SIL-502,"5-1/2"" Window Sill 502","The sill or stool is the bottom portion of a window. In applications where a stool is used, the stool projects past the casing and a skirt or apron moulding is used underneath. Window stool or sill offers a very classic and finished look on a window but are not always used.",trim-mouldings,Window Sill,3/4 X 5-1/2,0.75,5.5,wood,,"5-1/2"" Window Sill 502",,https://www.royalwoodshop.com/wp-content/uploads/2017/07/Mouldings/SIL-502-3D.jpg,60,published,window-sill-stool-sil502
1733,window-sill-stool-sil503,SIL-503,"5-1/2"" Window Sill 503","The sill or stool is the bottom portion of a window. In applications where a stool is used, the stool projects past the casing and a skirt or apron moulding is used underneath. Window stool or sill offers a very classic and finished look on a window but are not always used.",trim-mouldings,Window Sill,1-1/4 X 5-1/2,1.25,5.5,wood,,"5-1/2"" Window Sill 503",,https://www.royalwoodshop.com/wp-content/uploads/2017/07/Mouldings/SIL-503-3D.jpg,49,published,window-sill-stool-sil503
1734,window-sill-stool-sil702,SIL-702,"7-1/4"" Window Sill 702","The sill or stool is the bottom portion of a window. In applications where a stool is used, the stool projects past the casing and a skirt or apron moulding is used underneath. Window stool or sill offers a very classic and finished look on a window but are not always used.",trim-mouldings,Window Sill,3/4 X 7-1/4,0.75,7.25,wood,,"7-1/4"" Window Sill 702",,https://www.royalwoodshop.com/wp-content/uploads/2017/07/Mouldings/SIL-702-3D.jpg,60,published,window-sill-stool-sil702
1735,door-stop-sto100,STO-100,"1-1/4"" Door Stop 100",Door stop is applied to door jambs to stop the door from swinging in the wrong direction. Door stop is often used for other decorative trim uses including shoe mould applications for baseboard.,trim-mouldings,Door Stop,5/16 X 1-1/4,0.3125,1.25,wood,,"1-1/4"" Door Stop 100",,https://www.royalwoodshop.com/wp-content/uploads/2017/07/Mouldings/STO-100-3D-door-stop.jpg,140,published,door-stop-sto100
1736,door-stop-sto101,STO-101,"1-5/8"" Door Stop 101",Door stop is applied to door jambs to stop the door from swinging in the wrong direction. Door stop is often used for other decorative trim uses including shoe mould applications for baseboard.,trim-mouldings,Door Stop,5/16 X 1-5/8,0.3125,1.625,wood,,"1-5/8"" Door Stop 101",,https://www.royalwoodshop.com/wp-content/uploads/2017/07/Mouldings/STO-101-3D-colonial-door-stop.jpg,83,published,door-stop-sto101
1737,door-stop-sto102,STO-102,"1-1/2"" Door Stop 102",Door stop is applied to door jambs to stop the door from swinging in the wrong direction. Door stop is often used for other decorative trim uses including shoe mould applications for baseboard.,trim-mouldings,Door Stop,1/2 X 1-1/2,0.5,1.5,wood,,"1-1/2"" Door Stop 102",,https://www.royalwoodshop.com/wp-content/uploads/2017/07/Mouldings/STO-102-3D-door-stop.jpg,165,published,door-stop-sto102
1739,door-stop-sto111,STO-111,"1-1/4"" Door Stop 111",Door stop is applied to door jambs to stop the door from swinging in the wrong direction. Door stop is often used for other decorative trim uses including shoe mould applications for baseboard.,trim-mouldings,Door Stop,5/16 x 1-1/4,0.3125,1.25,wood,,"1-1/4"" Door Stop 111",,https://www.royalwoodshop.com/wp-content/uploads/2017/07/Mouldings/STO-111-3D.jpg,73,published,door-stop-sto111
1740,door-stop-sto112,STO-112,"1-5/8"" Door Stop 112",Door stop is applied to door jambs to stop the door from swinging in the wrong direction. Door stop is often used for other decorative trim uses including shoe mould applications for baseboard.,trim-mouldings,Door Stop,5/16 x 1-5/8,0.3125,1.625,wood,,"1-5/8"" Door Stop 112",,https://www.royalwoodshop.com/wp-content/uploads/2017/07/Mouldings/STO-112-3D-bullnose-door-stop.jpg,56,published,door-stop-sto112
1741,door-stop-sto139,STO-139,"1-1/4"" Bevel Door Stop Shoe Mould 139",Door stop is applied to door jambs to stop the door from swinging in the wrong direction. Door stop is often used for other decorative trim uses including shoe mould applications for baseboard.,trim-mouldings,Door Stop,5/16 x 1-1/4,0.3125,1.25,wood,,"1-1/4"" Door Stop 139",,https://www.royalwoodshop.com/wp-content/uploads/2017/07/Mouldings/STO-139-3D-bevel-door-stop.jpg,176,published,door-stop-sto139
1742,door-stop-sto174,STO-174,Primed Poplar Door Stop Trim 174 GTA,"Available in Primed Poplar, Pine and MDF (sizes vary between species). Door stop is applied to door jambs to stop the door from swinging in the wrong direction. Door stop is often used for other decorative trim uses including shoe mould applications for baseboard.",trim-mouldings,Door Stop,1/2 x 1-1/2,0.5,1.5,wood,,"1-1/2"" Door Stop 174",,https://www.royalwoodshop.com/wp-content/uploads/2017/07/Mouldings/STO-174-3D-modern-transitional-door-stop.jpg,217,published,door-stop-sto174
1743,door-stop-sto181,STO-181,"1-3/8"" Door Stop 181",Door stop is applied to door jambs to stop the door from swinging in the wrong direction. Door stop is often used for other decorative trim uses including shoe mould applications for baseboard.,trim-mouldings,Door Stop,3/8 x 1-3/8,0.375,1.375,MDF,,"1-3/8"" Door Stop 181",,https://www.royalwoodshop.com/wp-content/uploads/2017/07/Mouldings/STO-181-3D.jpg,237,published,door-stop-sto181
1744,door-stop-stoal730,STO-AL730,"1-3/16"" Door Stop AL730",Door stop is applied to door jambs to stop the door from swinging in the wrong direction. Door stop is often used for other decorative trim uses including shoe mould applications for baseboard.,trim-mouldings,Door Stop,7/16 x 1-3/16,0.4375,1.1875,FJ-Pine,,"1-3/16"" Door Stop AL730",,https://www.royalwoodshop.com/wp-content/uploads/2017/07/Mouldings/STO-AL730-3D-builder-door-stop.jpg,167,published,door-stop-stoal730
1745,tongue-and-groove-tg300,T&G-300,"Beadboard Panelling 2-7/8"" face poplar",This tongue & groove (T&G) is reversible and beaded on one side and v-joint on the other. T&G is applied to walls and ceilings for a decorative panelled look.,trim-mouldings,Tongue & Groove,3/8 X 2-7/8 face,0.375,2.875,wood,,"2-7/8"" Tongue & Groove 300",,https://www.royalwoodshop.com/wp-content/uploads/2017/07/Mouldings/T&G-300-3D.jpg,76,published,tongue-and-groove-tg300
1746,tongue-and-groove-tg305,T&G-305,"Clear Cedar V-Groove 3"" T&G-305",This V-Joint tongue & groove (T&G) is reversible and available in clear and knotty cedar. T&G is applied to walls and ceilings for a decorative panelled look.,trim-mouldings,Tongue & Groove,"5/8 x 3"" face",0.625,3.0,wood,,"3"" Tongue & Groove 305",,https://www.royalwoodshop.com/wp-content/uploads/2017/07/Mouldings/T&G-305-3D.jpg,54,published,tongue-and-groove-tg305
1747,tongue-and-groove-tg409,T&G-409,"4"" V-Groove Panelling primed Poplar 409",This tongue & groove (T&G) is reversible and beaded on one side and v-joint on the other. T&G is applied to walls and ceilings for a decorative panelled look.,trim-mouldings,Tongue & Groove,"5/8 x 4"" face",0.625,4.0,wood,,"4"" Tongue & Groove 409",,https://www.royalwoodshop.com/wp-content/uploads/2017/07/Mouldings/T&G-409-3D.jpg,53,published,tongue-and-groove-tg409
1748,tongue-and-groove-tg500,T&G-500,"5-1/4"" Tongue & Groove 500",This tongue & groove (T&G) is reversible with a single V on one side and double V on the other. T&G is applied to walls and ceilings for a decorative panelled look.,trim-mouldings,Tongue & Groove,9/16 x 5-1/4 face,0.5625,5.25,wood & MDF,,"5-1/4"" Tongue & Groove 500",,https://www.royalwoodshop.com/wp-content/uploads/2017/07/Mouldings/T&G-500-3D-v-joint-tongue-and-groove.jpg,174,published,tongue-and-groove-tg500
1749,tongue-and-groove-tg502,T&G-502,"5-1/4"" Tongue & Groove 502",This tongue & groove (T&G) is reversible with an old Pickwick profile on one side and v-joint on the other. T&G is applied to walls and ceilings for a decorative panelled look.,trim-mouldings,Tongue & Groove,9/16 x 5-1/4 face,0.5625,5.25,wood,,"5-1/4"" Tongue & Groove 502",,https://www.royalwoodshop.com/wp-content/uploads/2017/07/Mouldings/T&G-502-3D.jpg,19,published,tongue-and-groove-tg502
1750,tongue-and-groove-tg509,T&G-509,"5"" Tongue & Groove 509",This tongue & groove (T&G) is reversible with single v-joint on each side. T&G is applied to walls and ceilings for a decorative panelled look.,trim-mouldings,Tongue & Groove,"5/8 x 5"" face",0.625,5.0,wood,,"5"" Tongue & Groove 509",,https://www.royalwoodshop.com/wp-content/uploads/2017/07/Mouldings/T&G-509-3D.jpg,181,published,tongue-and-groove-tg509
1751,tongue-and-groove-tg537,T&G-537,V-Groove Panelling 1x6 Primed Poplar FJ,This tongue & groove (T&G) is reversible with a v-joint profile on one side and a double V on the other. T&G is applied to walls and ceilings for a decorative panelled look.,trim-mouldings,Tongue & Groove,"5/8 x 5"" face",0.625,5.0,wood,,"5"" Tongue & Groove 537",,https://www.royalwoodshop.com/wp-content/uploads/2017/07/Mouldings/T&G-537-3D.jpg,100,published,tongue-and-groove-tg537
1752,tongue-and-groove-tg727,T&G-727,"1x8 Shiplap Wall Ceiling Paneling Primed Mdf, FJ Poplar, FJ Pine","1x8 shiplap wall and ceiling paneling delivers a clean, modern-rustic look that adds instant texture and character to any interior space. Its wide boards and subtle shadow lines create a strong linear pattern that enhances walls without overwhelming the design. The versatile profile works beautifully in farmhouse, coastal, transitional, and contemporary settings, making it a popular choice for feature walls, ceilings, and full-room applications. Beyond its visual appeal, shiplap paneling adds warmth and depth, helping to transform plain surfaces into a finished, architectural statement. Primed Ship Lap with 1/4″ penny gap 1/2 x 7"" face 8' & 16' lengths This product also has a nailing line so you don’t see nail holes (or have to fill them!) T&G is applied to walls and ceilings for a decorative paneled look. Lengths are 8′ and 16′ long and the material comes primed white ready for a finished coat after installation.",trim-mouldings,Tongue & Groove,"1/2 x 7"" face 16' lengths available",,,MDF,,T&G-727 Ship Lap,,https://www.royalwoodshop.com/wp-content/uploads/2018/11/TG-727-3dcrop-2.png,1207,published,tongue-and-groove-tg727
1753,tongue-and-groove-tg800,T&G-800,"7-3/4"" Tongue & Groove 800","This over-sized tongue & groove (T&G) is reversible with a V joint on one side 8 inches apart, and a double v-joint on the other for 4″ v Joint spaces. T&G is applied to walls and ceilings for a decorative panelled look.",trim-mouldings,Tongue & Groove,5/8 x 7-3/4 face,0.625,7.75,MDF,,"7-3/4"" Tongue & Groove 800",,https://www.royalwoodshop.com/wp-content/uploads/2017/07/Mouldings/T&G-800-3d.jpg,135,published,tongue-and-groove-tg800
1754,tongue-and-groove-tg03701,T&G-03701,1x6 V-Groove Panelling Primed Mdf,This tongue & groove (T&G) is reversible with a v-joint profile on one side and a double V on the other. T&G is applied to walls and ceilings for a decorative panelled look.,trim-mouldings,Tongue & Groove,5/8 x 5-11/16 face,0.625,5.6875,MDF,,"5-11/16"" Tongue & Groove 03701",,https://www.royalwoodshop.com/wp-content/uploads/2017/07/Mouldings/T&G-03701-3D.jpg,90,published,tongue-and-groove-tg03701
1755,tongue-and-groove-tg-aromatic-cedar,T&G-AROMATIC,"3-5/8"" Tongue & Groove Aromatic Cedar",This aromatic cedar tongue & groove (T&G) has a v joint pattern and is most often used to line closets and blanket boxes. T&G is applied to walls and ceilings for a decorative panelled look.,trim-mouldings,Tongue & Groove,1/4 x 3-3/4 face,0.25,3.75,wood,,"3-5/8"" Tongue & Groove Aromatic Cedar",,https://www.royalwoodshop.com/wp-content/uploads/2017/07/Mouldings/T&G-AROMATIC-3D-closet-liner.jpg,81,published,tongue-and-groove-tg-aromatic-cedar
1756,tongue-and-groove-porch-flooring-tgnf32,T&G-NF32,"5"" Tongue & Groove NF32",This tongue & groove (T&G) is reversible and beaded on one side and v-joint on the other. T&G is applied to walls and ceilings for a decorative panelled look.,trim-mouldings,Tongue & Groove,"1-3/8 x 5"" face",1.375,5.0,wood,,,,https://www.royalwoodshop.com/wp-content/uploads/2017/07/Mouldings/T&G-NF32-3D-porch-flooring.jpg,58,published,
1757,threshold-transition-thr501,THR-501,"5-1/2"" Transition Strip 501",This is a threshold that sits inside the door frame at the bottom and transitions two different floor heights.,trim-mouldings,Transition Strip,3/4 x 5-1/2,0.75,5.5,wood,,"5-1/2"" Transition Strip 501",,https://www.royalwoodshop.com/wp-content/uploads/2017/07/Mouldings/THR-501-3D.jpg,55,published,threshold-transition-thr501
1758,wine-glass-holder-moulding-win200,WIN-200,2-7/8 wine glass holder,This wine glass holder moulding works when sevral profiles are lined up beside each other about 1/2″ apart to create an opening for wine glasses to hang upside down by the stem.,trim-mouldings,Decorative,3/4 x 2-7/8,0.75,2.875,wood,,,,https://www.royalwoodshop.com/wp-content/uploads/2017/07/Mouldings/WIN-200-3D.jpg,64,published,
1760,interior-door-two-panel-cambridge-carrera,dr-cambridge,"2 Panel, Raised Panel, Carrera Interior Door Hollow and Solid Core York Region","The smooth-skin Carrera door is a top choice for its versatility—seamlessly complementing traditional, contemporary, and transitional interiors. Crafted with a durable high-density wood composite skin and reinforced wood edges, these moulded panel doors are built for both performance and style. Choose from a lightweight hollow core or upgrade to a solid “Pro-Core” option, made with recycled, formaldehyde-free wood composites for added weight, strength, and durability. Pro-Core doors also deliver enhanced sound reduction, creating quieter, more comfortable living spaces between rooms.",interior-doors,Moulded Panel,most standard sizes available,,,wood composite hollow and solid,,Cambridge / Carrera,,https://www.royalwoodshop.com/wp-content/uploads/2017/07/Doors/cambridge-door.jpg,696,published,interior-door-two-panel-cambridge-carrera
1761,moulded-interior-door-two-panel-eyebrow-textured-camden,,Camden,"This style is very popular in many sub-division homes. The textured wood skin is good at hiding dirt and scuffs, and makes painting easy. Moulded panel doors are made from a high density wood composite outer skin, and wood sticking around the outer edges. The core is either mostly hollow, or it can be filled with recycled and formaldehyde free wood composites to make a heavy solid core door. Solid core doors are called pro-core doors and offer better sound reduction between rooms.",interior-doors,Moulded Panel,most standard sizes available,,,wood composite,,Camden,,https://www.royalwoodshop.com/wp-content/uploads/2017/07/Doors/camden-door.jpg,341,published,moulded-interior-door-two-panel-eyebrow-textured-camden
1762,moulded-interior-door-six-panel-textured-colonist,,Colonist,"This style is very popular in many sub-division homes. The textured wood skin is good at hiding dirt and scuffs, and makes painting easy. Moulded panel doors are made from a high density wood composite outer skin, and wood sticking around the outer edges. The core is either mostly hollow, or it can be filled with recycled and formaldehyde free wood composites to make a heavy solid core door. Solid core doors are called pro-core doors and offer better sound reduction between rooms.",interior-doors,Moulded Panel,most standard sizes available,,,wood composite,,Colonist,,https://www.royalwoodshop.com/wp-content/uploads/2017/07/Doors/colonist-door.jpg,429,published,moulded-interior-door-six-panel-textured-colonist
1763,moulded-interior-door-five-panel-smooth-conmore,,Conmore,"The Conmore door has a smooth skin and flat panels. Moulded panel doors are made from a high density wood composite outer skin, and wood sticking around the outer edges. The core is either mostly hollow, or it can be filled with recycled and formaldehyde free wood composites to make a heavy solid core door. Solid core doors are called pro-core doors and offer better sound reduction between rooms.",interior-doors,Moulded Panel,most standard sizes available,,,wood composite,,Conmore,,https://www.royalwoodshop.com/wp-content/uploads/2017/07/Doors/conmore-smooth-door.jpg,370,published,moulded-interior-door-five-panel-smooth-conmore
1764,moulded-interior-door-two-panel-arch-smooth-continental,,Continental,"The continental door compliments classic decor and has a smooth skin. Moulded panel doors are made from a high density wood composite outer skin, and wood sticking around the outer edges. The core is either mostly hollow, or it can be filled with recycled and formaldehyde free wood composites to make a heavy solid core door. Solid core doors are called pro-core doors and offer better sound reduction between rooms.",interior-doors,Moulded Panel,most standard sizes available,,,wood composite,,,,https://www.royalwoodshop.com/wp-content/uploads/2017/07/Doors/continental-door.jpg,208,published,
1766,moulded-interior-door-three-panel-smooth-craftsman,,Craftsman Interior Door - Smooth Skin Primed White,"The crafstman door compliments classic craftsman style design and has a smooth skin. Moulded panel doors are made from a high density wood composite outer skin, and wood sticking around the outer edges. The core is either mostly hollow, or it can be filled with recycled and formaldehyde free wood composites to make a heavy solid core door. Solid core doors are called pro-core doors and offer better sound reduction between rooms.",interior-doors,Moulded Panel,most standard sizes available,,,wood composite,,Craftsman,,https://www.royalwoodshop.com/wp-content/uploads/2017/07/Doors/craftsman-door.jpg,212,published,moulded-interior-door-three-panel-smooth-craftsman
1767,one-panel-madison-door,,Madison,"The Madison has a smooth skin and a contemporary design. Moulded panel doors are made from a high density wood composite outer skin, and wood sticking around the outer edges. The core is either mostly hollow, or it can be filled with recycled and formaldehyde free wood composites to make a heavy solid core door. Solid core doors are called pro-core doors and offer better sound reduction between rooms.",interior-doors,Moulded Panel,most standard sizes available,,,wood composite,,Madison,,https://www.royalwoodshop.com/wp-content/uploads/2017/07/Doors/madison-door.jpg,464,published,one-panel-madison-door
1768,moulded-interior-door-two-panel-smooth-monroe,,Monroe,"The Monroe has a smooth skin and a contemporary design. Moulded panel doors are made from a high density wood composite outer skin, and wood sticking around the outer edges. The core is either mostly hollow, or it can be filled with recycled and formaldehyde free wood composites to make a heavy solid core door. Solid core doors are called pro-core doors and offer better sound reduction between rooms.",interior-doors,Moulded Panel,most standard sizes available,,,wood composite,,Monroe,,https://www.royalwoodshop.com/wp-content/uploads/2017/07/Doors/Monroe-slab-door.jpg,390,published,moulded-interior-door-two-panel-smooth-monroe
1769,moulded-interior-door-two-panel-eyebrow-smooth,,Princeton,"The Princeton door compliments classic decor and has a smooth skin. Moulded panel doors are made from a high density wood composite outer skin, and wood sticking around the outer edges. The core is either mostly hollow, or it can be filled with recycled and formaldehyde free wood composites to make a heavy solid core door. Solid core doors are called pro-core doors and offer better sound reduction between rooms.",interior-doors,Moulded Panel,most standard sizes available,,,wood composite,,,,https://www.royalwoodshop.com/wp-content/uploads/2017/07/Doors/Princeton.jpg,143,published,
1771,moulded-interior-door-five-panel-smooth-rockport,,Rockport,"The Rockport door compliments classic decor and has a smooth skin. Moulded panel doors are made from a high density wood composite outer skin, and wood sticking around the outer edges. The core is either mostly hollow, or it can be filled with recycled and formaldehyde free wood composites to make a heavy solid core door. Solid core doors are called pro-core doors and offer better sound reduction between rooms.",interior-doors,Moulded Panel,most standard sizes available,,,wood composite,,Rockport,,https://www.royalwoodshop.com/wp-content/uploads/2017/07/Doors/rockport-door.jpg,108,published,moulded-interior-door-five-panel-smooth-rockport
1772,moulded-interior-door-two-panel-arc-smooth-vgroove-santafe,,Santa-fe,"The Santa-Fe door compliments classic decor and has a smooth skin. Moulded panel doors are made from a high density wood composite outer skin, and wood sticking around the outer edges. The core is either mostly hollow, or it can be filled with recycled and formaldehyde free wood composites to make a heavy solid core door. Solid core doors are called pro-core doors and offer better sound reduction between rooms.",interior-doors,Moulded Panel,most standard sizes available,,,wood composite,,Santa-fe,,https://www.royalwoodshop.com/wp-content/uploads/2017/07/Doors/santafe-door.jpg,154,published,moulded-interior-door-two-panel-arc-smooth-vgroove-santafe
1777,moulded-interior-door-west-end-melrose,,Melrose,The Melrose offers a unique and contemporary design,interior-doors,Moulded Panel,most standard sizes available,,,wood composite,,Melrose,,https://www.royalwoodshop.com/wp-content/uploads/2017/07/Doors/west-end-melrose-door.jpg,248,published,moulded-interior-door-west-end-melrose
1778,one-panel-shaker-door-8401,8401,1 Panel Solid Shaker Interior Door primed 8401 in the GTA and Cottage Country,"A 1-panel solid Shaker interior door delivers a bold, streamlined interpretation of classic Shaker design, ideal for modern and minimalist interiors. Its single recessed panel creates a clean, uninterrupted surface that emphasizes simplicity, balance, and architectural clarity. The solid construction provides excellent durability, sound reduction, and a substantial feel that enhances the quality of any space. With its understated yet refined aesthetic, this door pairs effortlessly with contemporary millwork and open-concept designs for a cohesive, elevated finish. Stile & Rail Dowel Construction Solid Engineered Core (FJ SPF wood or wood composite) Premium Primed with 1/2"" and 3/4"" thick MDF Panels on 1-3/8"" and 1-3/4"" thick doors. Bevel edges for tighter fit. Bi-Folds available. Pre-Hanging available. Thicknesses:1-3/8"" and 1-3/4"" Heights: 80"", 84"", 90"", and 96"" Widths: 16"" up to 38"" All standard sizes in stock.",interior-doors,Shaker,standard and custom sizes available,,,Engineered Style & Rail,,Premium Interior Doors | Royal Wood Shop,Explore our premium %%title%% Interior Doors for timeless elegance. Exceptional craftsmanship at Royal Wood Shop.,https://www.royalwoodshop.com/wp-content/uploads/2017/07/Doors/8401-1-panel-shaker-door.jpg,2350,published,one-panel-shaker-door-8401
1779,two-panel-shaker-door-8402,8402,"2 Panel Solid Shaker primed interior Door York Region, GTA & Barrie","A 2-panel solid Shaker door offers a clean, timeless design with a slightly more traditional proportion than its multi-panel counterparts. Its simple recessed panels highlight the signature Shaker style—minimal, balanced, and versatile—making it suitable for both classic and contemporary interiors. The solid construction provides strength, stability, and improved sound control, giving the door a premium, substantial feel. With its understated elegance and adaptable design, it works beautifully throughout the home while maintaining a cohesive, refined look. Stile & Rail Dowel Construction Solid Engineered Core (FJ SPF wood or wood composite) Premium Primed with 1/2"" and 3/4"" thick MDF Panels on 1-3/8"" and 1-3/4"" thick doors. Bevel edges for tighter fit. Bi-Folds available. Pre-Hanging available. 90"" and 96"" available.",interior-doors,Shaker,standard and custom sizes available,,,Engineered Style & Rail,,2 Panel Shaker primed,Explore our premium primed and in stock Interior Doors. Exceptional craftsmanship at Royal Wood Shop Door & Trim.,https://www.royalwoodshop.com/wp-content/uploads/2017/07/Doors/8402-2-panel-shaker-door.jpg,1942,published,two-panel-shaker-door-8402
1780,three-panel-craftsman-shaker-door-8403,8403,Craftsman Shaker primed,"The primed shaker doors are engineered for superior stability. The rails and styles are made from finger-jointed pine, and are veneered with high density fibreboard. The centre panels are primed MDF.",interior-doors,Shaker,standard and custom sizes available,,,Engineered Style & Rail,,,,https://www.royalwoodshop.com/wp-content/uploads/2017/07/Doors/8403-3-panel-crafstman-shaker-door.jpg,158,published,
1781,three-equal-panel-shaker-door-8433,8433,3 Equal Panel Solid Shaker Interior Door primed York Region,"A 3-panel solid Shaker interior door offers a balanced blend of traditional detail and modern simplicity, making it a versatile choice for many home styles. Its evenly spaced recessed panels create subtle visual interest while maintaining the clean, understated character that defines Shaker design. The solid construction enhances durability, stability, and sound control, giving the door a high-quality, substantial feel. With its timeless proportions and adaptable style, it works seamlessly throughout the home, adding warmth, consistency, and refined architectural detail. Primed Trim-Lite shaker doors are made using classic rail and style construction, with solid engineered core, MDF Panel, and HDF skin. They are primed all 6 sides ready for finishing. Please follow finishing instructions for proper installation. Standard in stock and quick ship sizes are as follows: Thickness: 1-3/8"" standard in stock, and 1-3/4"" on quick ship 1 week. Heights: 80"" standard in stock, and 84"", 90"", and 96"" all available on quick ship1 week. Widths: Every 2"" increments starting at 16"" up to 36"" and in some cases 38"" Off standard, and over sized doors are constructed in Trim-Lite Surry BC factory and available in approximately 6 week lead time. Engineered core construction: 1-3/8"" x 80"" doors have FJ Pine sticking, Engineered particle core rail and style, MDF Panel, and HDF skin. Special order and French doors are FJ Spruce/Pine/Fir (SPF) rail and style, MDF Panel, and HDF skin. All 1-3/4"" thick doors, and all special order / custom made doors, have a Finger Jointed SPF wood style and rail, MDF panel, HDF skin if primed, or outer stain grade veneer if staining.",interior-doors,Shaker,standard and custom sizes available,,,Engineered Style & Rail,145,3 Equal Panel Shaker primed,3 panel shaker door,https://www.royalwoodshop.com/wp-content/uploads/2017/07/Doors/8433-3-equal-panel-shaker-door.jpg,1718,published,three-equal-panel-shaker-door-8433
1782,four-panel-shaker-door-8444,8444,4 Panel Solid Shaker Interior Door primed Toronto York Region and Muskoka,"Primed Trim-Lite shaker doors are made using classic rail and style construction, with solid engineered core, MDF Panel, and HDF skin. They are primed all 6 sides ready for finishing. Please follow finishing instructions for proper installation. Standard in stock and quick ship sizes are as follows: Thickness: 1-3/8"" standard in stock, and 1-3/4"" on quick ship 1 week. Heights: 80"" standard in stock, and 84"", 90"", and 96"" all available on quick ship1 week. Widths: Every 2"" increments starting at 16"" up to 36"" and in some cases 38"" Off standard, and over sized doors are constructed in Trim-Lite Surry BC factory and available in approximately 6 week lead time. Engineered core construction: 1-3/8"" x 80"" doors have FJ Pine sticking, Engineered particle core rail and style, MDF Panel, and HDF skin. Special order and French doors are FJ Spruce/Pine/Fir (SPF) rail and style, MDF Panel, and HDF skin. All 1-3/4"" thick doors, and all special order / custom made doors, have a Finger Jointed SPF wood style and rail, MDF panel, HDF skin if primed, or outer stain grade veneer if staining.",interior-doors,Shaker,standard and custom sizes available,,,Engineered Style & Rail,,4 Panel Shaker primed,,https://www.royalwoodshop.com/wp-content/uploads/2017/07/Doors/8444-4-panel-shaker-door.jpg,383,published,four-panel-shaker-door-8444
1783,five-panel-shaker-door-8405,8405,5 Panel Solid Shaker Interior Door primed,"A 5-panel solid Shaker interior door delivers a timeless, versatile design that complements both modern and traditional interiors. Its clean, recessed panel layout reflects classic Shaker simplicity, offering a balanced look that feels both understated and refined. The solid construction provides excellent durability, sound reduction, and a substantial feel that enhances overall quality in the space. With its crisp lines and adaptable style, this door works seamlessly throughout the home, adding consistency, warmth, and long-lasting design appeal. Our primed Trim-Lite shaker doors are a true rail and style door, with solid engineered core, Mdf Panel, and HDF skin.",interior-doors,Shaker,standard and custom sizes available,,,Engineered Style & Rail,,5 Panel Shaker primed,,https://www.royalwoodshop.com/wp-content/uploads/2017/07/Doors/8405-5-panel-shaker-door.jpg,231,published,five-panel-shaker-door-8405
1784,fir-shaker-door-8401,8401fir,1 Panel Shaker Fir,,interior-doors,Shaker,standard and custom sizes available,,,Engineered Style & Rail,,1 Panel Shaker Fir,,https://www.royalwoodshop.com/wp-content/uploads/2018/01/8401_fir_shaker.jpg,83,published,fir-shaker-door-8401
1785,fir-shaker-door-8402,8402fir,2 Panel Shaker Fir,,interior-doors,Shaker,standard and custom sizes available,,,Engineered Style & Rail,,2 Panel Shaker Fir,,https://www.royalwoodshop.com/wp-content/uploads/2018/01/8402_fir_shaker.jpg,75,published,fir-shaker-door-8402
1786,fir-shaker-door-craftsman,8403fir,Craftsman Shaker Fir,,interior-doors,Shaker,standard and custom sizes available,,,Engineered Style & Rail,,,,https://www.royalwoodshop.com/wp-content/uploads/2017/07/Doors/8403_fir_shaker_craftsman.jpg,68,published,
1787,fir-shaker-door-8433,8433fir,3 Panel Shaker Fir,,interior-doors,Shaker,standard and custom sizes available,,,Engineered Style & Rail,,3 Panel Shaker Fir,,https://www.royalwoodshop.com/wp-content/uploads/2017/07/Doors/8433_fir_shaker_3_equal_panel.jpg,64,published,fir-shaker-door-8433
1788,fir-shaker-door-8405,8405fir,5 Panel Shaker Fir,,interior-doors,Shaker,standard and custom sizes available,,,Engineered Style & Rail,,5 Panel Shaker Fir,,https://www.royalwoodshop.com/wp-content/uploads/2017/07/Doors/8405_fir_shaker.jpg,104,published,fir-shaker-door-8405
1790,french-door-8402-2-lite-shaker-white-lam-glass,8402french,2 Lite Shaker white laminate glass,,interior-doors,Shaker,standard and custom sizes available,,,Engineered Style & Rail,,2 Lite Shaker white laminate glass,,https://www.royalwoodshop.com/wp-content/uploads/2017/07/Doors/french-door-8402-2-lite-shaker-white-lam-glass.jpg,119,published,french-door-8402-2-lite-shaker-white-lam-glass
1791,french-door-8403-3-lite-shaker-craftsman-white-lam-glass,8403french,Craftsman Shaker white laminate glass,,interior-doors,Shaker,standard and custom sizes available,,,Engineered Style & Rail,,,,https://www.royalwoodshop.com/wp-content/uploads/2017/07/Doors/french-door-8403-3-lite-shaker-craftsman-white-lam-glass.jpg,76,published,
1792,french-door-8405-5-lite-shaker-clear-glass,8405frenchclr,5 Lite Shaker clear glass,,interior-doors,Shaker,standard and custom sizes available,,,Engineered Style & Rail,,5 Lite Shaker clear glass,,https://www.royalwoodshop.com/wp-content/uploads/2017/07/Doors/french-door-8405-5-lite-shaker-clear-glass.jpg,357,published,french-door-8405-5-lite-shaker-clear-glass
1793,french-door-8405-5-lite-shaker-white-lam-glass,8405frenchdwl,5 Lite Shaker Door white laminate glass DWL Toronto York Region,,interior-doors,Shaker,standard and custom sizes available,,,Engineered Style & Rail,,5 Lite Shaker white laminate glass,,https://www.royalwoodshop.com/wp-content/uploads/2017/07/Doors/french-door-8405-5-lite--shaker-white-lam-glass.jpg,308,published,french-door-8405-5-lite-shaker-white-lam-glass
1794,french-door-8433-3-equal-lite-shaker-clear-glass,8433frenchclr,3 Lite Shaker interior door with clear glass Toronto GTA York Region,,interior-doors,Shaker,standard and custom sizes available,,,Engineered Style & Rail,,3 Lite Shaker clear glass,,https://www.royalwoodshop.com/wp-content/uploads/2017/07/Doors/french-door-8433-3-equal-lite-shaker-clear-glass.jpg,248,published,french-door-8433-3-equal-lite-shaker-clear-glass
1795,french-door-8433-3-equal-lite-shaker-white-lam-glass,8433frenchdwl,3 lite shaker white laminate glass,,interior-doors,Shaker,standard and custom sizes available,,,Engineered Style & Rail,,3 lite shaker white laminate glass,,https://www.royalwoodshop.com/wp-content/uploads/2017/07/Doors/french-door-8433-3-equal-lite-shaker-white-lam-glass.jpg,325,published,french-door-8433-3-equal-lite-shaker-white-lam-glass
1796,french-door-8444-4-lite-shaker-clear-glass,8444frenchclr,3 Lite Modern Shaker clear glass solid interior door,,interior-doors,Shaker,standard and custom sizes available,,,Engineered Style & Rail,,3 Lite Shaker clear glass,,https://www.royalwoodshop.com/wp-content/uploads/2017/07/Doors/french-door-8433-3-equal-lite-shaker-white-lam-glass.jpg,98,published,french-door-8444-4-lite-shaker-clear-glass
1797,french-door-8444-4-lite-shaker-white-lam-glass,8444frenchdwl,4 Lite Shaker interior door white laminate glass,Available by special order. Inquire in store for more details or browse the TrimLite catalogue under the products tab.,interior-doors,Shaker,standard and custom sizes available,,,Engineered Style & Rail,,4 Lite Shaker white laminate glass,,https://www.royalwoodshop.com/wp-content/uploads/2017/07/Doors/french-door-8433-3-equal-lite-shaker-clear-glass.jpg,167,published,french-door-8444-4-lite-shaker-white-lam-glass
1798,french-door-adelaide-8ft.tif,Adelaide-8ft,Adelaide Glass french door York Region,Available on quick ship program - inquire in store.,interior-doors,French,all standard sizes available,,,Engineered Style & Rail,,Adelaide 8ft french door,,https://www.royalwoodshop.com/wp-content/uploads/2017/07/Doors/french-door-adelaide-8ft.jpg,102,published,french-door-adelaide-8ft-tif
1799,french-door-adelaide.tif,Adelaide,TrimLite Adelaide Glass french interior door Toronto York Region,The Adelaide Special Order interior door comes Primed White and stain grade wood options. View the TrimLite Catalogue under the door products tab for more information.,interior-doors,French,all standard sizes available,,,Engineered Style & Rail,,Adelaide french door,,https://www.royalwoodshop.com/wp-content/uploads/2017/07/Doors/french-door-adelaide.jpg,147,published,french-door-adelaide-tif
1800,french-door-artisan-8ft.tif,Artisan-8ft,Artisan Frank Lloyde Wright style glass interior door Primed by TrimLite Door,Available by Special Order from TrimLite Door inquire in store.,interior-doors,French,all standard sizes available,,,Engineered Style & Rail,,Artisan 8ft french door,,https://www.royalwoodshop.com/wp-content/uploads/2017/07/Doors/french-door-artisan-8ft.jpg,67,published,french-door-artisan-8ft-tif
1801,french-door-artisan.tif,Artisan,Artisan Glass french interior door by TrimLite,,interior-doors,French,all standard sizes available,,,Engineered Style & Rail,,Artisan french door,,https://www.royalwoodshop.com/wp-content/uploads/2017/07/Doors/french-door-artisan.jpg,150,published,french-door-artisan-tif
1802,french-door-classic-15lite-woodbar.tif,,"Classic French Door with 15 lite panes, wood bars clear Glass York Region",,interior-doors,French,all standard sizes available,,,Engineered Style & Rail,,Classic 15 lite wood bar french door,,https://www.royalwoodshop.com/wp-content/uploads/2017/07/Doors/french-door-classic-15lite-woodbar.jpg,396,published,french-door-classic-15lite-woodbar-tif
1804,french-door-cs1000c.jpg,cs1000c,Arch Top interior french door stain grade cs1000c Jeld-Wen,,interior-doors,French,all standard sizes available,,,Engineered Style & Rail,,french door cs1000c,,https://www.royalwoodshop.com/wp-content/uploads/2017/07/Doors/french-door-cs1000c.jpg,105,published,french-door-cs1000c-jpg
1805,french-door-cs1000s.jpg,cs1000s,Roman Arch Top 1-Lite Glass french interior door cs1000s Jeld-Wen,,interior-doors,French,all standard sizes available,,,Engineered Style & Rail,,french door cs1000s,,https://www.royalwoodshop.com/wp-content/uploads/2017/07/Doors/french-door-cs1000s.jpg,40,published,french-door-cs1000s-jpg
1806,french-door-cs1010.jpg,cs1010,french door clear glass with bottom panel interior door cs1010,Special order and Made in Quebec by Jeld-wen Canada.,interior-doors,French,all standard sizes available,,,Engineered Style & Rail,,french door cs1010,,https://www.royalwoodshop.com/wp-content/uploads/2017/07/Doors/french-door-cs1010.jpg,159,published,french-door-cs1010-jpg
1807,french-door-cs1010c.jpg,cs1010c,french door cs1010c,,interior-doors,French,all standard sizes available,,,Engineered Style & Rail,,french door cs1010c,,https://www.royalwoodshop.com/wp-content/uploads/2017/07/Doors/french-door-cs1010c.jpg,47,published,french-door-cs1010c-jpg
1808,french-door-cs1010s.jpg,cs1010s,french door cs1010s,,interior-doors,French,all standard sizes available,,,Engineered Style & Rail,,french door cs1010s,,https://www.royalwoodshop.com/wp-content/uploads/2017/07/Doors/french-door-cs1010s.jpg,26,published,french-door-cs1010s-jpg
1809,french-door-cs101a.jpg,cs101a,Glass top bottom panel interior french door cs101a,,interior-doors,French,all standard sizes available,,,Engineered Style & Rail,,french door glass top and bottom panel cs101a,,https://www.royalwoodshop.com/wp-content/uploads/2017/07/Doors/french-door-cs101a.jpg,98,published,french-door-cs101a-jpg
1810,french-door-cs101ac.jpg,cs101ac,french door cs101ac,,interior-doors,French,all standard sizes available,,,Engineered Style & Rail,,french door cs101ac,,https://www.royalwoodshop.com/wp-content/uploads/2017/07/Doors/french-door-cs101ac.jpg,34,published,french-door-cs101ac-jpg
1811,french-door-cs101as.jpg,cs101as,french door cs101as,,interior-doors,French,all standard sizes available,,,Engineered Style & Rail,,french door cs101as,,https://www.royalwoodshop.com/wp-content/uploads/2017/07/Doors/french-door-cs101as.jpg,30,published,french-door-cs101as-jpg
1812,french-door-cs3030.jpg,cs3030,french door cs3030,,interior-doors,French,all standard sizes available,,,Engineered Style & Rail,,french door cs3030,,https://www.royalwoodshop.com/wp-content/uploads/2017/07/Doors/french-door-cs3030.jpg,46,published,french-door-cs3030-jpg
1813,french-door-cs3030c.jpg,cs3030c,french door cs3030c,,interior-doors,French,all standard sizes available,,,Engineered Style & Rail,,french door cs3030c,,https://www.royalwoodshop.com/wp-content/uploads/2017/07/Doors/french-door-cs3030c.jpg,20,published,french-door-cs3030c-jpg
1814,french-door-cs3030s.jpg,cs3030s,french door cs3030s,,interior-doors,French,all standard sizes available,,,Engineered Style & Rail,,french door cs3030s,,https://www.royalwoodshop.com/wp-content/uploads/2017/07/Doors/french-door-cs3030s.jpg,18,published,french-door-cs3030s-jpg
1815,french-door-cs303l.jpg,cs303l,french door cs303l,,interior-doors,French,all standard sizes available,,,Engineered Style & Rail,,french door cs303l,,https://www.royalwoodshop.com/wp-content/uploads/2017/07/Doors/french-door-cs303l.jpg,116,published,french-door-cs303l-jpg
1816,french-door-cs3040.jpg,cs3040,french door cs3040,,interior-doors,French,all standard sizes available,,,Engineered Style & Rail,,french door cs3040,,https://www.royalwoodshop.com/wp-content/uploads/2017/07/Doors/french-door-cs3040.jpg,45,published,french-door-cs3040-jpg
1817,french-door-cs3040c.jpg,cs3040c,french door cs3040c,,interior-doors,French,all standard sizes available,,,Engineered Style & Rail,,french door cs3040c,,https://www.royalwoodshop.com/wp-content/uploads/2017/07/Doors/french-door-cs3040c.jpg,24,published,french-door-cs3040c-jpg
1818,french-door-cs3040s.jpg,cs3040s,french door cs3040s,,interior-doors,French,all standard sizes available,,,Engineered Style & Rail,,french door cs3040s,,https://www.royalwoodshop.com/wp-content/uploads/2017/07/Doors/french-door-cs3040s.jpg,14,published,french-door-cs3040s-jpg
1819,french-door-cs304a.jpg,cs304a,french door cs304a,,interior-doors,French,all standard sizes available,,,Engineered Style & Rail,,french door cs304a,,https://www.royalwoodshop.com/wp-content/uploads/2017/07/Doors/french-door-cs304a.jpg,27,published,french-door-cs304a-jpg
1820,french-door-cs304ac.jpg,cs304ac,french door cs304ac,,interior-doors,French,all standard sizes available,,,Engineered Style & Rail,,french door cs304ac,,https://www.royalwoodshop.com/wp-content/uploads/2017/07/Doors/french-door-cs304ac.jpg,14,published,french-door-cs304ac-jpg
1821,french-door-cs304as.jpg,cs304as,french door cs304as,,interior-doors,French,all standard sizes available,,,Engineered Style & Rail,,french door cs304as,,https://www.royalwoodshop.com/wp-content/uploads/2017/07/Doors/french-door-cs304as.jpg,10,published,french-door-cs304as-jpg
1822,french-door-cs304l.jpg,cs304l,french door cs304l,,interior-doors,French,all standard sizes available,,,Engineered Style & Rail,,french door cs304l,,https://www.royalwoodshop.com/wp-content/uploads/2017/07/Doors/french-door-cs304l.jpg,103,published,french-door-cs304l-jpg
1823,french-door-cs3050.jpg,cs3050,french door cs3050,,interior-doors,French,all standard sizes available,,,Engineered Style & Rail,,french door cs3050,,https://www.royalwoodshop.com/wp-content/uploads/2017/07/Doors/french-door-cs3050.jpg,94,published,french-door-cs3050-jpg
1824,french-door-cs3050c.jpg,cs3050c,french door cs3050c,,interior-doors,French,all standard sizes available,,,Engineered Style & Rail,,french door cs3050c,,https://www.royalwoodshop.com/wp-content/uploads/2017/07/Doors/french-door-cs3050c.jpg,37,published,french-door-cs3050c-jpg
1825,french-door-cs3050s.jpg,cs3050s,french door cs3050s,,interior-doors,French,all standard sizes available,,,Engineered Style & Rail,,french door cs3050s,,https://www.royalwoodshop.com/wp-content/uploads/2017/07/Doors/french-door-cs3050s.jpg,9,published,french-door-cs3050s-jpg
1826,french-door-cs305l.jpg,cs305l,french door cs305l,,interior-doors,French,all standard sizes available,,,Engineered Style & Rail,,french door cs305l,,https://www.royalwoodshop.com/wp-content/uploads/2017/07/Doors/french-door-cs305l.jpg,32,published,french-door-cs305l-jpg
1827,french-door-cs3060.jpg,cs3060,french door cs3060,,interior-doors,French,all standard sizes available,,,Engineered Style & Rail,,french door cs3060,,https://www.royalwoodshop.com/wp-content/uploads/2017/07/Doors/french-door-cs3060.jpg,26,published,french-door-cs3060-jpg
1828,french-door-cs3060c.jpg,cs3060c,french door cs3060c,,interior-doors,French,all standard sizes available,,,Engineered Style & Rail,,french door cs3060c,,https://www.royalwoodshop.com/wp-content/uploads/2017/07/Doors/french-door-cs3060c.jpg,12,published,french-door-cs3060c-jpg
1829,french-door-cs3060s.jpg,cs3060s,french door cs3060s,,interior-doors,French,all standard sizes available,,,Engineered Style & Rail,,french door cs3060s,,https://www.royalwoodshop.com/wp-content/uploads/2017/07/Doors/french-door-cs3060s.jpg,11,published,french-door-cs3060s-jpg
1830,french-door-cs306y.jpg,cs306y,french door cs306y,,interior-doors,French,all standard sizes available,,,Engineered Style & Rail,,french door cs306y,,https://www.royalwoodshop.com/wp-content/uploads/2017/07/Doors/french-door-cs306y.jpg,49,published,french-door-cs306y-jpg
1831,french-door-cs3080.jpg,cs3080,french door cs3080,,interior-doors,French,all standard sizes available,,,Engineered Style & Rail,,french door cs3080,,https://www.royalwoodshop.com/wp-content/uploads/2017/07/Doors/french-door-cs3080.jpg,51,published,french-door-cs3080-jpg
1832,french-door-cs3080c.jpg,cs3080c,french door cs3080c,,interior-doors,French,all standard sizes available,,,Engineered Style & Rail,,french door cs3080c,,https://www.royalwoodshop.com/wp-content/uploads/2017/07/Doors/french-door-cs3080c.jpg,17,published,french-door-cs3080c-jpg
1833,french-door-cs3080s.jpg,cs3080s,french door cs3080s,,interior-doors,French,all standard sizes available,,,Engineered Style & Rail,,french door cs3080s,,https://www.royalwoodshop.com/wp-content/uploads/2017/07/Doors/french-door-cs3080s.jpg,10,published,french-door-cs3080s-jpg
1834,french-door-cs308a.jpg,cs308a,french door cs308a,,interior-doors,French,all standard sizes available,,,Engineered Style & Rail,,french door cs308a,,https://www.royalwoodshop.com/wp-content/uploads/2017/07/Doors/french-door-cs308a.jpg,30,published,french-door-cs308a-jpg
1835,french-door-cs308ac.jpg,cs308ac,french door cs308ac,,interior-doors,French,all standard sizes available,,,Engineered Style & Rail,,french door cs308ac,,https://www.royalwoodshop.com/wp-content/uploads/2017/07/Doors/french-door-cs308ac.jpg,9,published,french-door-cs308ac-jpg
1836,french-door-cs308as.jpg,cs308as,french door cs308as,,interior-doors,French,all standard sizes available,,,Engineered Style & Rail,,french door cs308as,,https://www.royalwoodshop.com/wp-content/uploads/2017/07/Doors/french-door-cs308as.jpg,5,published,french-door-cs308as-jpg
1837,french-door-cs3090.jpg,cs3090,french door cs3090,,interior-doors,French,all standard sizes available,,,Engineered Style & Rail,,french door cs3090,,https://www.royalwoodshop.com/wp-content/uploads/2017/07/Doors/french-door-cs3090.jpg,11,published,french-door-cs3090-jpg
1838,french-door-cs3090c.jpg,cs3090c,french door cs3090c,,interior-doors,French,all standard sizes available,,,Engineered Style & Rail,,french door cs3090c,,https://www.royalwoodshop.com/wp-content/uploads/2017/07/Doors/french-door-cs3090c.jpg,7,published,french-door-cs3090c-jpg
1839,french-door-cs3090s.jpg,cs3090s,french door cs3090s,,interior-doors,French,all standard sizes available,,,Engineered Style & Rail,,french door cs3090s,,https://www.royalwoodshop.com/wp-content/uploads/2017/07/Doors/french-door-cs3090s.jpg,9,published,french-door-cs3090s-jpg
1840,french-door-cs3093.jpg,cs3093,french door cs3093,,interior-doors,French,all standard sizes available,,,Engineered Style & Rail,,french door cs3093,,https://www.royalwoodshop.com/wp-content/uploads/2017/07/Doors/french-door-cs3093.jpg,63,published,french-door-cs3093-jpg
1841,french-door-cs3100.jpg,cs3100,french door cs3100,,interior-doors,French,all standard sizes available,,,Engineered Style & Rail,,french door cs3100,,https://www.royalwoodshop.com/wp-content/uploads/2017/07/Doors/french-door-cs3100.jpg,44,published,french-door-cs3100-jpg
1842,french-door-cs3100c.jpg,cs3100c,french door cs3100c,,interior-doors,French,all standard sizes available,,,Engineered Style & Rail,,french door cs3100c,,https://www.royalwoodshop.com/wp-content/uploads/2017/07/Doors/french-door-cs3100c.jpg,15,published,french-door-cs3100c-jpg
1843,french-door-cs3100s.jpg,cs3100s,french door cs3100s,,interior-doors,French,all standard sizes available,,,Engineered Style & Rail,,french door cs3100s,,https://www.royalwoodshop.com/wp-content/uploads/2017/07/Doors/french-door-cs3100s.jpg,7,published,french-door-cs3100s-jpg
1844,french-door-cs3120.jpg,cs3120,french door cs3120,,interior-doors,French,all standard sizes available,,,Engineered Style & Rail,,french door cs3120,,https://www.royalwoodshop.com/wp-content/uploads/2017/07/Doors/french-door-cs3120.jpg,16,published,french-door-cs3120-jpg
1845,french-door-cs3120c.jpg,cs3120c,french door cs3120c,,interior-doors,French,all standard sizes available,,,Engineered Style & Rail,,french door cs3120c,,https://www.royalwoodshop.com/wp-content/uploads/2017/07/Doors/french-door-cs3120c.jpg,7,published,french-door-cs3120c-jpg
1846,french-door-cs3120s.jpg,cs3120s,french door cs3120s,,interior-doors,French,all standard sizes available,,,Engineered Style & Rail,,french door cs3120s,,https://www.royalwoodshop.com/wp-content/uploads/2017/07/Doors/french-door-cs3120s.jpg,6,published,french-door-cs3120s-jpg
1847,french-door-cs312a.jpg,cs312a,french door cs312a,,interior-doors,French,all standard sizes available,,,Engineered Style & Rail,,french door cs312a,,https://www.royalwoodshop.com/wp-content/uploads/2017/07/Doors/french-door-cs312a.jpg,9,published,french-door-cs312a-jpg
1848,french-door-cs312ac.jpg,cs312ac,french door cs312ac,,interior-doors,French,all standard sizes available,,,Engineered Style & Rail,,french door cs312ac,,https://www.royalwoodshop.com/wp-content/uploads/2017/07/Doors/french-door-cs312ac.jpg,5,published,french-door-cs312ac-jpg
1849,french-door-cs312as.jpg,cs312as,french door cs312as,,interior-doors,French,all standard sizes available,,,Engineered Style & Rail,,french door cs312as,,https://www.royalwoodshop.com/wp-content/uploads/2017/07/Doors/french-door-cs312ac.jpg,8,published,french-door-cs312as-jpg
1850,french-door-cs3150.jpg,cs3150,french door cs3150,,interior-doors,French,all standard sizes available,,,Engineered Style & Rail,,french door cs3150,,https://www.royalwoodshop.com/wp-content/uploads/2017/07/Doors/french-door-cs3150.jpg,50,published,french-door-cs3150-jpg
1851,french-door-cs3150c.jpg,cs3150c,french door cs3150c,,interior-doors,French,all standard sizes available,,,Engineered Style & Rail,,french door cs3150c,,https://www.royalwoodshop.com/wp-content/uploads/2017/07/Doors/french-door-cs3150c.jpg,12,published,french-door-cs3150c-jpg
1852,french-door-cs3150s.jpg,cs3150s,french door cs3150s,,interior-doors,French,all standard sizes available,,,Engineered Style & Rail,,french door cs3150s,,https://www.royalwoodshop.com/wp-content/uploads/2017/07/Doors/french-door-cs3150s.jpg,15,published,french-door-cs3150s-jpg
1853,french-door-cs691a.jpg,cs691a,french door cs691a,,interior-doors,French,all standard sizes available,,,Engineered Style & Rail,,french door cs691a,,https://www.royalwoodshop.com/wp-content/uploads/2017/07/Doors/french-door-cs691a.jpg,74,published,french-door-cs691a-jpg
1854,french-door-cs803l.jpg,cs803l,french door cs803l,,interior-doors,French,all standard sizes available,,,Engineered Style & Rail,,french door cs803l,,https://www.royalwoodshop.com/wp-content/uploads/2017/07/Doors/french-door-cs803l.jpg,26,published,french-door-cs803l-jpg
1855,french-door-cs804l.jpg,cs804l,french door cs804l,,interior-doors,French,all standard sizes available,,,Engineered Style & Rail,,french door cs804l,,https://www.royalwoodshop.com/wp-content/uploads/2017/07/Doors/french-door-cs804l.jpg,11,published,french-door-cs804l-jpg
1856,french-door-cs805l.jpg,cs805l,french door cs805l,,interior-doors,French,all standard sizes available,,,Engineered Style & Rail,,french door cs805l,,https://www.royalwoodshop.com/wp-content/uploads/2017/07/Doors/french-door-cs805l.jpg,20,published,french-door-cs805l-jpg
1857,french-door-delta-frost.tif,,french door delta,,interior-doors,French,all standard sizes available,,,Engineered Style & Rail,,french door delta,,https://www.royalwoodshop.com/wp-content/uploads/2017/07/Doors/french-door-delta-frost.jpg,61,published,french-door-delta-frost-tif
1858,french-door-diffused-white-lam.tif,,french door white laminate glass,,interior-doors,French,all standard sizes available,,,Engineered Style & Rail,,french door white laminate glass,,https://www.royalwoodshop.com/wp-content/uploads/2019/06/french-door-diffused-white-lam.jpg,128,published,french-door-diffused-white-lam-tif
1859,french-door-double-water.tif,,1-Lite Interior French Door with Opaque Water Glass Primed White TrimLite,,interior-doors,French,all standard sizes available,,,Engineered Style & Rail,,french door double,,https://www.royalwoodshop.com/wp-content/uploads/2017/07/Doors/french-door-double-water.jpg,53,published,french-door-double-water-tif
1860,french-door-harlow-8ft.tif,,french door harlow,,interior-doors,French,all standard sizes available,,,Engineered Style & Rail,,french door harlow,,https://www.royalwoodshop.com/wp-content/uploads/2017/07/Doors/french-door-harlow-8ft.jpg,13,published,french-door-harlow-8ft-tif
1861,french-door-harlow.tif,,french door harlow,,interior-doors,French,all standard sizes available,,,Engineered Style & Rail,,french door harlow,,https://www.royalwoodshop.com/wp-content/uploads/2017/07/Doors/french-door-harlow.jpg,11,published,french-door-harlow-tif
1862,french-door-heavy-water.tif,,french door heavy,,interior-doors,French,all standard sizes available,,,Engineered Style & Rail,,french door heavy,,https://www.royalwoodshop.com/wp-content/uploads/2017/07/Doors/french-door-heavy-water.jpg,17,published,french-door-heavy-water-tif
1863,french-door-laundry.tif,,french door laundry,,interior-doors,French,all standard sizes available,,,Engineered Style & Rail,,french door laundry,,https://www.royalwoodshop.com/wp-content/uploads/2017/07/Doors/french-door-laundry.jpg,81,published,french-door-laundry-tif
1864,french-door-leaf-large.tif,,french door leaf,,interior-doors,French,all standard sizes available,,,Engineered Style & Rail,,french door leaf,,https://www.royalwoodshop.com/wp-content/uploads/2017/07/Doors/french-door-leaf-large.jpg,32,published,french-door-leaf-large-tif
1865,french-door-leaf-small.tif,,french door leaf,,interior-doors,French,all standard sizes available,,,Engineered Style & Rail,,french door leaf,,https://www.royalwoodshop.com/wp-content/uploads/2017/07/Doors/french-door-leaf-small.jpg,13,published,french-door-leaf-small-tif
1866,french-door-madison.tif,,french door madison,,interior-doors,French,all standard sizes available,,,Engineered Style & Rail,,french door madison,,https://www.royalwoodshop.com/wp-content/uploads/2017/07/Doors/french-door-madison.jpg,23,published,french-door-madison-tif
1867,french-door-modena-8ft.tif,,french door modena,,interior-doors,French,all standard sizes available,,,Engineered Style & Rail,,french door modena,,https://www.royalwoodshop.com/wp-content/uploads/2017/07/Doors/french-door-modena-8ft.jpg,19,published,french-door-modena-8ft-tif
1868,french-door-modena.tif,,french door modena,,interior-doors,French,all standard sizes available,,,Engineered Style & Rail,,french door modena,,https://www.royalwoodshop.com/wp-content/uploads/2017/07/Doors/french-door-modena.jpg,18,published,french-door-modena-tif
1869,french-door-narrow-reed.tif,,french door narrow,,interior-doors,French,all standard sizes available,,,Engineered Style & Rail,,french door narrow,,https://www.royalwoodshop.com/wp-content/uploads/2017/07/Doors/french-door-narrow-reed.jpg,25,published,french-door-narrow-reed-tif
1870,french-door-pantry.tif,,french door pantry,,interior-doors,French,all standard sizes available,,,Engineered Style & Rail,,french door pantry,,https://www.royalwoodshop.com/wp-content/uploads/2017/07/Doors/french-door-pantry.jpg,34,published,french-door-pantry-tif
1871,french-door-pinhead.tif,,french door pinhead,,interior-doors,French,all standard sizes available,,,Engineered Style & Rail,,french door pinhead,,https://www.royalwoodshop.com/wp-content/uploads/2017/07/Doors/french-door-pinhead.jpg,17,published,french-door-pinhead-tif
1872,french-door-quattro.tif,,french door quattro,,interior-doors,French,all standard sizes available,,,Engineered Style & Rail,,french door quattro,,https://www.royalwoodshop.com/wp-content/uploads/2017/07/Doors/french-door-quattro.jpg,13,published,french-door-quattro-tif
1873,french-door-rain.tif,,french door with tempered rain glass detail,,interior-doors,French,all standard sizes available,,,Engineered Style & Rail,,french door rain,,https://www.royalwoodshop.com/wp-content/uploads/2017/07/Doors/french-door-rain.jpg,19,published,french-door-rain-tif
1874,french-door-riverton-clear.tif,,french door riverton,,interior-doors,French,all standard sizes available,,,Engineered Style & Rail,,french door riverton,,https://www.royalwoodshop.com/wp-content/uploads/2017/07/Doors/french-door-riverton-clear.jpg,23,published,french-door-riverton-clear-tif
1875,french-door-riverton-obscure.tif,,french door riverton,,interior-doors,French,all standard sizes available,,,Engineered Style & Rail,,french door riverton,,https://www.royalwoodshop.com/wp-content/uploads/2017/07/Doors/french-door-riverton-obscure.jpg,32,published,french-door-riverton-obscure-tif
1876,french-door-rooftop.tif,,french door 1-lite fancy glass,,interior-doors,French,all standard sizes available,,,Engineered Style & Rail,,french door rooftop,,https://www.royalwoodshop.com/wp-content/uploads/2017/07/Doors/french-door-rooftop.jpg,16,published,french-door-rooftop-tif
1877,french-door-sable.tif,,french door sable,,interior-doors,French,all standard sizes available,,,Engineered Style & Rail,,french door sable,,https://www.royalwoodshop.com/wp-content/uploads/2017/07/Doors/french-door-sable.jpg,11,published,french-door-sable-tif
1878,french-door-screendot.tif,,french door screendot,,interior-doors,French,all standard sizes available,,,Engineered Style & Rail,,french door screendot,,https://www.royalwoodshop.com/wp-content/uploads/2017/07/Doors/french-door-screendot.jpg,8,published,french-door-screendot-tif
1879,french-door-seedy-baroque.tif,,french door seedy,,interior-doors,French,all standard sizes available,,,Engineered Style & Rail,,french door seedy,,https://www.royalwoodshop.com/wp-content/uploads/2017/07/Doors/french-door-seedy-baroque.jpg,9,published,french-door-seedy-baroque-tif
1880,french-door-shaker-8401-1-lite-clear-glass.jpg,,french door shaker,,interior-doors,French,all standard sizes available,,,Engineered Style & Rail,,french door shaker,,https://www.royalwoodshop.com/wp-content/uploads/2017/07/Doors/french-door-shaker-8401-1-lite-clear-glass.jpg,105,published,french-door-shaker-8401-1-lite-clear-glass-jpg
1883,french-door-travertine.tif,,french door travertine,,interior-doors,French,all standard sizes available,,,Engineered Style & Rail,,french door travertine,,https://www.royalwoodshop.com/wp-content/uploads/2017/07/Doors/french-door-travertine.jpg,28,published,french-door-travertine-tif
1884,french-door-waterton.png,,french door waterton,,interior-doors,French,all standard sizes available,,,Engineered Style & Rail,,,,https://www.royalwoodshop.com/wp-content/uploads/2017/07/Doors/french-door-waterton.png,75,published,
1885,french-door-wheat.tif,,french door wheat,,interior-doors,French,all standard sizes available,,,Engineered Style & Rail,,french door wheat,,https://www.royalwoodshop.com/wp-content/uploads/2017/07/Doors/french-door-wheat.jpg,27,published,french-door-wheat-tif
1886,Stain-grade-wood-door-2010,2010,Stain grade door 2010,,interior-doors,Stain Grade,standard and custom sizes available,,,Engineered Style & Rail,,Stain grade door 2010,,https://www.royalwoodshop.com/wp-content/uploads/2017/07/Doors/2010.jpg,118,published,stain-grade-wood-door-2010
1887,Stain-grade-wood-door- 2010C,2010C,Stain grade door 2010C,,interior-doors,Stain Grade,standard and custom sizes available,,,Engineered Style & Rail,,Stain grade door 2010C,,https://www.royalwoodshop.com/wp-content/uploads/2017/07/Doors/2010C.jpg,19,published,stain-grade-wood-door-2010c
1888,Stain-grade-wood-door- 2010S,2010S,Stain grade door 2010S,,interior-doors,Stain Grade,standard and custom sizes available,,,Engineered Style & Rail,,Stain grade door 2010S,,https://www.royalwoodshop.com/wp-content/uploads/2017/07/Doors/2010S.jpg,16,published,stain-grade-wood-door-2010s
1889,Stain-grade-wood-door- 2020,2020,Stain grade door 2020,,interior-doors,Stain Grade,standard and custom sizes available,,,Engineered Style & Rail,,Stain grade door 2020,,https://www.royalwoodshop.com/wp-content/uploads/2017/07/Doors/2020.jpg,121,published,stain-grade-wood-door-2020
1890,Stain-grade-wood-door- 2020C,2020C,Stain grade door 2020C,,interior-doors,Stain Grade,standard and custom sizes available,,,Engineered Style & Rail,,Stain grade door 2020C,,https://www.royalwoodshop.com/wp-content/uploads/2017/07/Doors/2020C.jpg,40,published,stain-grade-wood-door-2020c
1891,Stain-grade-wood-door- 2020S,2020S,Stain grade door 2020S,,interior-doors,Stain Grade,standard and custom sizes available,,,Engineered Style & Rail,,Stain grade door 2020S,,https://www.royalwoodshop.com/wp-content/uploads/2017/07/Doors/2020S.jpg,39,published,stain-grade-wood-door-2020s
1892,Stain-grade-wood-door- 202A,202A,Stain grade door 202A,,interior-doors,Stain Grade,standard and custom sizes available,,,Engineered Style & Rail,,Stain grade door 202A,,https://www.royalwoodshop.com/wp-content/uploads/2017/07/Doors/202A.jpg,60,published,stain-grade-wood-door-202a
1893,Stain-grade-wood-door- 202AC,202AC,Stain grade door 202AC,,interior-doors,Stain Grade,standard and custom sizes available,,,Engineered Style & Rail,,Stain grade door 202AC,,https://www.royalwoodshop.com/wp-content/uploads/2017/07/Doors/202AC.jpg,24,published,stain-grade-wood-door-202ac
1894,Stain-grade-wood-door- 202AS,202AS,Stain grade door 202AS,,interior-doors,Stain Grade,standard and custom sizes available,,,Engineered Style & Rail,,Stain grade door 202AS,,https://www.royalwoodshop.com/wp-content/uploads/2017/07/Doors/202AS.jpg,21,published,stain-grade-wood-door-202as
1895,Stain-grade-wood-door- 2035,2035,Stain grade door 2035,This is a brief test description. Test test test test test,interior-doors,Stain Grade,standard and custom sizes available,,,Engineered Style & Rail,,Stain grade door 2035,,https://www.royalwoodshop.com/wp-content/uploads/2017/07/Doors/2035.jpg,46,published,stain-grade-wood-door-2035
1896,Stain-grade-wood-door- 2036,2036,Stain grade door 2036,,interior-doors,Stain Grade,standard and custom sizes available,,,Engineered Style & Rail,,Stain grade door 2036,,https://www.royalwoodshop.com/wp-content/uploads/2017/07/Doors/2036.jpg,21,published,stain-grade-wood-door-2036
1897,Stain-grade-wood-door- 203A,203A,Stain grade door 203A,,interior-doors,Stain Grade,standard and custom sizes available,,,Engineered Style & Rail,,Stain grade door 203A,,https://www.royalwoodshop.com/wp-content/uploads/2017/07/Doors/203A.jpg,117,published,stain-grade-wood-door-203a
1898,Stain-grade-wood-door- 203AC,203AC,Stain grade door 203AC,,interior-doors,Stain Grade,standard and custom sizes available,,,Engineered Style & Rail,,Stain grade door 203AC,,https://www.royalwoodshop.com/wp-content/uploads/2017/07/Doors/203AC.jpg,17,published,stain-grade-wood-door-203ac
1899,Stain-grade-wood-door- 203AS,203AS,Stain grade door 203AS,,interior-doors,Stain Grade,standard and custom sizes available,,,Engineered Style & Rail,,Stain grade door 203AS,,https://www.royalwoodshop.com/wp-content/uploads/2017/07/Doors/203AS.jpg,11,published,stain-grade-wood-door-203as
1900,Stain-grade-wood-door- 203E,203E,Stain grade door 203E,,interior-doors,Stain Grade,standard and custom sizes available,,,Engineered Style & Rail,,Stain grade door 203E,,https://www.royalwoodshop.com/wp-content/uploads/2017/07/Doors/203E.jpg,43,published,stain-grade-wood-door-203e
1901,Stain-grade-wood-door- 203H,203H,Stain grade door 203H,,interior-doors,Stain Grade,standard and custom sizes available,,,Engineered Style & Rail,,Stain grade door 203H,,https://www.royalwoodshop.com/wp-content/uploads/2017/07/Doors/203H.jpg,39,published,stain-grade-wood-door-203h
1902,Stain-grade-wood-door- 203K,203K,Stain grade door 203K,,interior-doors,Stain Grade,standard and custom sizes available,,,Engineered Style & Rail,,Stain grade door 203K,,https://www.royalwoodshop.com/wp-content/uploads/2017/07/Doors/203K.jpg,21,published,stain-grade-wood-door-203k
1903,Stain-grade-wood-door- 203KC,203KC,Stain grade door 203KC,,interior-doors,Stain Grade,standard and custom sizes available,,,Engineered Style & Rail,,Stain grade door 203KC,,https://www.royalwoodshop.com/wp-content/uploads/2017/07/Doors/203KC.jpg,7,published,stain-grade-wood-door-203kc
1904,Stain-grade-wood-door- 203KS,203KS,Stain grade door 203KS,,interior-doors,Stain Grade,standard and custom sizes available,,,Engineered Style & Rail,,Stain grade door 203KS,,https://www.royalwoodshop.com/wp-content/uploads/2017/07/Doors/203KS.jpg,5,published,stain-grade-wood-door-203ks
1905,Stain-grade-wood-door- 203L,203L,Stain grade door 203L,,interior-doors,Stain Grade,standard and custom sizes available,,,Engineered Style & Rail,,Stain grade door 203L,,https://www.royalwoodshop.com/wp-content/uploads/2017/07/Doors/203L.jpg,15,published,stain-grade-wood-door-203l
1906,Stain-grade-wood-door- 203T,203T,Stain grade door 203T,,interior-doors,Stain Grade,standard and custom sizes available,,,Engineered Style & Rail,,Stain grade door 203T,,https://www.royalwoodshop.com/wp-content/uploads/2017/07/Doors/203T.jpg,5,published,stain-grade-wood-door-203t
1907,Stain-grade-wood-door- 203TP,203TP,Stain grade door 203TP,,interior-doors,Stain Grade,standard and custom sizes available,,,Engineered Style & Rail,,Stain grade door 203TP,,https://www.royalwoodshop.com/wp-content/uploads/2017/07/Doors/203TP.jpg,13,published,stain-grade-wood-door-203tp
1908,Stain-grade-wood-door-2040,2040,Stain grade door 2040,,interior-doors,Stain Grade,standard and custom sizes available,,,Engineered Style & Rail,,Stain grade door 2040,,https://www.royalwoodshop.com/wp-content/uploads/2017/07/Doors/2040.jpg,56,published,stain-grade-wood-door-2040
1909,Stain-grade-wood-door- 2040C,2040C,Stain grade door 2040C,,interior-doors,Stain Grade,standard and custom sizes available,,,Engineered Style & Rail,,Stain grade door 2040C,,https://www.royalwoodshop.com/wp-content/uploads/2017/07/Doors/2040C.jpg,18,published,stain-grade-wood-door-2040c
1910,Stain-grade-wood-door- 2040S,2040S,Stain grade door 2040S,,interior-doors,Stain Grade,standard and custom sizes available,,,Engineered Style & Rail,,Stain grade door 2040S,,https://www.royalwoodshop.com/wp-content/uploads/2017/07/Doors/2040S.jpg,10,published,stain-grade-wood-door-2040s
1911,Stain-grade-wood-door- 204F,204F,Stain grade door 204F,,interior-doors,Stain Grade,standard and custom sizes available,,,Engineered Style & Rail,,Stain grade door 204F,,https://www.royalwoodshop.com/wp-content/uploads/2017/07/Doors/204F.jpg,6,published,stain-grade-wood-door-204f
1912,Stain-grade-wood-door- 204H,204H,Stain grade door 204H,,interior-doors,Stain Grade,standard and custom sizes available,,,Engineered Style & Rail,,Stain grade door 204H,,https://www.royalwoodshop.com/wp-content/uploads/2017/07/Doors/204H.jpg,29,published,stain-grade-wood-door-204h
1913,Stain-grade-wood-door- 204L,204L,Stain grade door 204L,,interior-doors,Stain Grade,standard and custom sizes available,,,Engineered Style & Rail,,Stain grade door 204L,,https://www.royalwoodshop.com/wp-content/uploads/2017/07/Doors/204L.jpg,14,published,stain-grade-wood-door-204l
1914,Stain-grade-wood-door- 204Z,204Z,Stain grade door 204Z,,interior-doors,Stain Grade,standard and custom sizes available,,,Engineered Style & Rail,,Stain grade door 204Z,,https://www.royalwoodshop.com/wp-content/uploads/2017/07/Doors/204Z.jpg,6,published,stain-grade-wood-door-204z
1915,Stain-grade-wood-door- 2050,2050,Stain grade door 2050,,interior-doors,Stain Grade,standard and custom sizes available,,,Engineered Style & Rail,,Stain grade door 2050,,https://www.royalwoodshop.com/wp-content/uploads/2017/07/Doors/2050.jpg,33,published,stain-grade-wood-door-2050
1916,Stain-grade-wood-door- 205H,205H,Stain grade door 205H,,interior-doors,Stain Grade,standard and custom sizes available,,,Engineered Style & Rail,,Stain grade door 205H,,https://www.royalwoodshop.com/wp-content/uploads/2017/07/Doors/205H.jpg,23,published,stain-grade-wood-door-205h
1917,Stain-grade-wood-door- 205L,205L,Stain grade door 205L,,interior-doors,Stain Grade,standard and custom sizes available,,,Engineered Style & Rail,,Stain grade door 205L,,https://www.royalwoodshop.com/wp-content/uploads/2017/07/Doors/205L.jpg,19,published,stain-grade-wood-door-205l
1918,Stain-grade-wood-door- 2060,2060,Stain grade door 2060,,interior-doors,Stain Grade,standard and custom sizes available,,,Engineered Style & Rail,,Stain grade door 2060,,https://www.royalwoodshop.com/wp-content/uploads/2017/07/Doors/2060.jpg,64,published,stain-grade-wood-door-2060
1919,Stain-grade-wood-door- 206R,206R,Stain grade door 206R,,interior-doors,Stain Grade,standard and custom sizes available,,,Engineered Style & Rail,,Stain grade door 206R,,https://www.royalwoodshop.com/wp-content/uploads/2017/07/Doors/206R.jpg,11,published,stain-grade-wood-door-206r
1920,Stain-grade-wood-door- 206T,206T,Stain grade door 206T,,interior-doors,Stain Grade,standard and custom sizes available,,,Engineered Style & Rail,,Stain grade door 206T,,https://www.royalwoodshop.com/wp-content/uploads/2017/07/Doors/206T.jpg,6,published,stain-grade-wood-door-206t
1921,Stain-grade-wood-door- 2080,2080,Stain grade door 2080,,interior-doors,Stain Grade,standard and custom sizes available,,,Engineered Style & Rail,,Stain grade door 2080,,https://www.royalwoodshop.com/wp-content/uploads/2017/07/Doors/2080.jpg,10,published,stain-grade-wood-door-2080
1922,Stain-grade-wood-door- 792A,792A,Stain grade door 792A,,interior-doors,Stain Grade,standard and custom sizes available,,,Engineered Style & Rail,,Stain grade door 792A,,https://www.royalwoodshop.com/wp-content/uploads/2017/07/Doors/792A.jpg,33,published,stain-grade-wood-door-792a
1923,Stain-grade-wood-door- 7935,7935,Stain grade door 7935,,interior-doors,Stain Grade,standard and custom sizes available,,,Engineered Style & Rail,,Stain grade door 7935,,https://www.royalwoodshop.com/wp-content/uploads/2017/07/Doors/7935.jpg,14,published,stain-grade-wood-door-7935
1924,Stain-grade-wood-door- 7936,7936,Stain grade door 7936,,interior-doors,Stain Grade,standard and custom sizes available,,,Engineered Style & Rail,,Stain grade door 7936,,https://www.royalwoodshop.com/wp-content/uploads/2017/07/Doors/7936.jpg,5,published,stain-grade-wood-door-7936
1925,Stain-grade-wood-door- 793A,793A,Stain grade door 793A,,interior-doors,Stain Grade,standard and custom sizes available,,,Engineered Style & Rail,,Stain grade door 793A,,https://www.royalwoodshop.com/wp-content/uploads/2017/07/Doors/793A.jpg,9,published,stain-grade-wood-door-793a
1926,Stain-grade-wood-door- 793K,793K,Stain grade door 793K,,interior-doors,Stain Grade,standard and custom sizes available,,,Engineered Style & Rail,,Stain grade door 793K,,https://www.royalwoodshop.com/wp-content/uploads/2017/07/Doors/793K.jpg,3,published,stain-grade-wood-door-793k
1927,Stain-grade-wood-door- 793L,793L,Stain grade door 793L,,interior-doors,Stain Grade,standard and custom sizes available,,,Engineered Style & Rail,,Stain grade door 793L,,https://www.royalwoodshop.com/wp-content/uploads/2017/07/Doors/793L.jpg,12,published,stain-grade-wood-door-793l
1928,Stain-grade-wood-door- 793T,793T,Stain grade door 793T,,interior-doors,Stain Grade,standard and custom sizes available,,,Engineered Style & Rail,,Stain grade door 793T,,https://www.royalwoodshop.com/wp-content/uploads/2017/07/Doors/793T.jpg,11,published,stain-grade-wood-door-793t
1929,Stain-grade-wood-door- 794F,794F,Stain grade door 794F,,interior-doors,Stain Grade,standard and custom sizes available,,,Engineered Style & Rail,,Stain grade door 794F,,https://www.royalwoodshop.com/wp-content/uploads/2017/07/Doors/794F.jpg,6,published,stain-grade-wood-door-794f
1930,Stain-grade-wood-door- 794L,794L,Stain grade door 794L,,interior-doors,Stain Grade,standard and custom sizes available,,,Engineered Style & Rail,,Stain grade door 794L,,https://www.royalwoodshop.com/wp-content/uploads/2017/07/Doors/794L.jpg,14,published,stain-grade-wood-door-794l
1931,Stain-grade-wood-door- 794Z,794Z,Stain grade door 794Z,,interior-doors,Stain Grade,standard and custom sizes available,,,Engineered Style & Rail,,Stain grade door 794Z,,https://www.royalwoodshop.com/wp-content/uploads/2017/07/Doors/794Z.jpg,3,published,stain-grade-wood-door-794z
1932,Stain-grade-wood-door- 795L,795L,Stain grade door 795L,,interior-doors,Stain Grade,standard and custom sizes available,,,Engineered Style & Rail,,Stain grade door 795L,,https://www.royalwoodshop.com/wp-content/uploads/2017/07/Doors/795L.jpg,10,published,stain-grade-wood-door-795l
1933,Stain-grade-wood-door- 796R,796R,Stain grade door 796R,,interior-doors,Stain Grade,standard and custom sizes available,,,Engineered Style & Rail,,Stain grade door 796R,,https://www.royalwoodshop.com/wp-content/uploads/2017/07/Doors/796R.jpg,8,published,stain-grade-wood-door-796r
1934,Stain-grade-wood-door- 796T,796T,Stain grade door 796T,,interior-doors,Stain Grade,standard and custom sizes available,,,Engineered Style & Rail,,Stain grade door 796T,,https://www.royalwoodshop.com/wp-content/uploads/2017/07/Doors/796T.jpg,8,published,stain-grade-wood-door-796t
1935,Stain-grade-wood-door- 7980,7980,Stain grade door 7980,,interior-doors,Stain Grade,standard and custom sizes available,,,Engineered Style & Rail,,Stain grade door 7980,,https://www.royalwoodshop.com/wp-content/uploads/2017/07/Doors/7980.jpg,16,published,stain-grade-wood-door-7980
1936,Stain-grade-wood-door- pine-knotty-2-panel-staved-arch,,Stain grade door pine-knotty-2-panel-staved-arch,,interior-doors,Stain Grade,standard and custom sizes available,,,Engineered Style & Rail,,,,https://www.royalwoodshop.com/wp-content/uploads/2017/07/Doors/pine-knotty-2-panel-staved-arch.jpg,76,published,
1937,Stain-grade-wood-door- pine-knotty-2-panel-square,,Stain grade door pine-knotty-2-panel-square,,interior-doors,Stain Grade,standard and custom sizes available,,,Engineered Style & Rail,,Stain grade door pine-knotty-2-panel-square,,https://www.royalwoodshop.com/wp-content/uploads/2017/07/Doors/pine-knotty-2-panel-square.jpg,39,published,stain-grade-wood-door-pine-knotty-2-panel-square
1938,z-style-barn-door-fir,,Z Style Barn Door Fir,,interior-doors,Barn Door,"36"",42"",48"" x 84"", 96""",,,Engineered Style & Rail,,,,https://www.royalwoodshop.com/wp-content/uploads/2017/07/Doors/douglas-fir-barn-door.jpg,139,published,
1939,z-style-barn-door-knotty-alder,,Z Style Barn Door Knotty Alder,"A knotty alder barn door from Trimlite brings natural warmth and rustic character to any interior space. The rich wood grain and distinctive knots highlight the organic beauty of alder, making each door uniquely expressive and full of texture. Its sliding barn door design adds both style and functionality, offering a space-saving solution that works well in modern farmhouse, rustic, and transitional interiors. Durable and visually striking, it serves as both a practical room divider and a strong architectural focal point. We carry in stock sliding track hardware with the option of soft close and soft open hardware.",interior-doors,Barn Door,"36"",42"",48"" x 84"", 96""",,,Engineered Style & Rail,,Z Style Barn Door Knotty Alder,barn door,https://www.royalwoodshop.com/wp-content/uploads/2017/07/Doors/knotty-alder-barn-door.jpg,757,published,z-style-barn-door-knotty-alder
1940,z-style-barn-door-primed,,Z Style Barn Door Fir primed white,,interior-doors,Barn Door,"36"",42"",48"" x 84"", 96""",,,Engineered Style & Rail,,Z Style Barn Door Fir primed white,,https://www.royalwoodshop.com/wp-content/uploads/2017/07/Doors/primed-barn-door.jpg,538,published,z-style-barn-door-primed
1941,louvered-door1,,two panel louvered door,,interior-doors,Louvered,inquire,,,Engineered Style & Rail,,two panel louvered door,,https://www.royalwoodshop.com/wp-content/uploads/2017/07/Doors/louvered-door.jpg,206,published,louvered-door1
1942,one-or-two-sided-mirror-door,,1 or 2 sided mirror door,This mirror door can have a mirror on one side or on both sides,interior-doors,Mirror,inquire,,,Engineered Style & Rail,,1 or 2 sided mirror door,,https://www.royalwoodshop.com/wp-content/uploads/2017/07/Doors/mirror-door.jpg,271,published,one-or-two-sided-mirror-door
1943,chalk-board-door,,Chalk Board Door,,interior-doors,Chalk Board,,,,Engineered Style & Rail,,Chalk Board Door,,,10,published,chalk-board-door
1944,handrail,han-2e2,"2-1/2"" Handrail 2E2",Filler,trim-mouldings,Railings,1 - 3/4  X 2 1/2,,,Wood,,,,https://www.royalwoodshop.com/wp-content/uploads/2017/11/han-2e2-3d.jpg,282,published,
1945,baseboard-colonial-builder-5-1/4,BAS-3518,"5-1/4"" Colonial Baseboard 3518 FJ Pine",,trim-mouldings,Baseboard,7/16 X 5-1/4,0.4375,5.25,FJ-PINE,,"5-1/4"" Baseboard 3518",,https://www.royalwoodshop.com/wp-content/uploads/2018/01/BAS-3518-3D-2.jpg,251,published,baseboard-colonial-builder-5-1-4
1946,halifax-lever-satin-nickel,DH-HAL-PA-SN,Halifax Lever Satin Nickel,New reversible style lever Available with round or square rose ANSI/BHMA Grade 2 certified security & quality Push button privacy locking feature with emergency egress Square spindle Telescoping guides for easy installation Passage and privacy satisfy ADA requirements 20 Minute fire rating available Lifetime mechanical and finish warranty,door-hardware,Levers and Knobs,,,,Satin Nickel Finish,,Halifax Lever Satin Nickel,weiser halifax door lever satin nickel,https://www.royalwoodshop.com/wp-content/uploads/2018/01/halifax-lever.jpg,68,published,halifax-lever-satin-nickel
1948,taymor-orleans-lever,DHT-36-D8305SN,Taymor Orleans Lever Passage Nickel,RODUCT FEATURES Fully reversible locks 4-in-1 adjustable latch for drive-in and square mortise installations Full lip radius corner “D” strike All metal construction Fits standard doors ANSI Grade 3 Fire rating available,door-hardware,Levers and Knobs,,,,Satin Nickel,,,,https://www.royalwoodshop.com/wp-content/uploads/2018/02/taymor-orleans-lever.jpg,45,published,
1949,1-lite-shaker-white-laminate-glass,8401 French,1 Lite Shaker interior door with white laminate glass,This one panel french shaker has diffused white laminate glass that allows light through but you cannot see through the glass.,interior-doors,Shaker,standard and custom sizes available,,,Engineered Style & Rail,,1 Lite Shaker white laminate glass,1 lite shaker french,https://www.royalwoodshop.com/wp-content/uploads/2018/03/french-door-8401-1-lite-shaker-white-lam-glass.jpg,201,published,1-lite-shaker-white-laminate-glass
1950,nos-425-stair-nosing,NOS-425,"4-1/2"" Stair Nosing 425",Oak Stair Nosing for 1/2″ thick flooring.,trim-mouldings,Stair Nosing,1-1/16 X 4-1/2,1.0625,4.5,,,"4-1/2"" Stair Nosing 425",Oak Stair Nosing for 1/2,https://www.royalwoodshop.com/wp-content/uploads/2018/03/NOS-425-3d.png,191,published,nos-425-stair-nosing
1951,6-panel-shaker-french,DR-8406,6 Panel Shaker French,,interior-doors,Shaker,,,,Engineered Style & Rail,,6 Panel Shaker French,6 panel shaker door,https://www.royalwoodshop.com/wp-content/uploads/2018/03/8406_DWL_Primed_4066_web.jpg,0,archived,6-panel-shaker-french
1952,8-panel-shaker-french,DR-8404,8 Panel Shaker French,,interior-doors,Shaker,,,,Engineered Style and Rail,,8 Panel Shaker French,8 panel shaker french door,https://www.royalwoodshop.com/wp-content/uploads/2018/03/8408_DWL_8L_Primed_4085_web.jpg,48,published,8-panel-shaker-french
1953,8-panel-shaker-fir,,8 Panel Shaker Fir,,interior-doors,Shaker,,,,,,8 Panel Shaker Fir,8 panel shaker douglas fir door,https://www.royalwoodshop.com/wp-content/uploads/2018/03/8408_Shaker_Fir_4046_web.jpg,33,published,8-panel-shaker-fir
1954,crown-molding-cro-314,CRO-314,"3-1/2"" Crown Mould 314","Rise 2-1/2 Run 2-1/2 This modern cove crown is stocked in Maple, Walnut, Oak, and Poplar.",trim-mouldings,Crown,3/4 X 3-1/2,0.75,3.5,wood,,"3-1/2"" Crown Mould 314",Symmetrical cove crown moulding,https://www.royalwoodshop.com/wp-content/uploads/2018/05/CRO-314-3D.jpg,247,published,crown-molding-cro-314
1955,crown-moulding-cro-705,CRO-705,"7-1/4"" Crown Mould 705","This is a large modern symmetrical cove crown in stock in primed finger jointed poplar, 16′ lengths.",trim-mouldings,Crown,3/4 X 7-1/4,0.75,7.25,Wood,,,,https://www.royalwoodshop.com/wp-content/uploads/2018/05/CRO-705-3D.jpg,264,published,
1956,crown-moulding-623-contemporary-6-inch,CRO-623,"6-1/2"" Crown Mould 623",Rise 4-7/8 Run 4-13/16 6-1/2″ Contemporary Crown in Poplar and large enough for 8′ or 9′ ceilings.,trim-mouldings,Crown,7/8 X 6-1/2,0.875,6.5,WOOD,,"6-1/2"" Crown Mould 623",6-1/2 inch contemporary plain crown moulding,https://www.royalwoodshop.com/wp-content/uploads/2018/06/CRO-623-3D.jpg,229,published,crown-moulding-623-contemporary-6-inch
1957,door-stop-shoe-moulding,STO-205,"2"" Door Stop 205",1/2 x 2″ contemporary bevel door stop wood,trim-mouldings,Door Stop,"1/2 X 2""",0.5,2.0,Poplar,,"2"" Door Stop 205",door-stop-shoe-moulding-poplar,https://www.royalwoodshop.com/wp-content/uploads/2018/12/STO-205-3D.jpg,71,published,door-stop-shoe-moulding
1958,bevelled-door-stop,STO-1K5,"Bevel Door Stop Primed Poplar 1-1/2"" STO-1K5","Modern Plain Bevel Stop for Baseboard Shoe mould, Door Stop, or incorporate into any millwork design.",trim-mouldings,Door Stop,1/2 X 1-1/2,0.5,1.5,Primed Poplar,,"1-1/2"" Door Stop 1K5",door-stop-shoe-moulding-poplar-sto-1k5,https://www.royalwoodshop.com/wp-content/uploads/2018/12/STO-1K5-3D.jpg,319,published,bevelled-door-stop
1959,birkdale-door,,Birkdale,,interior-doors,Moulded Panel,inquire,,,wood composite,,Birkdale,3 panel birkdale door,https://www.royalwoodshop.com/wp-content/uploads/2019/01/Birkdale_slab.jpg,130,published,birkdale-door
1960,bas-3f0-REALSTAR,BAS-3F0,"3-1/2"" Baseboard 3f0",primed plain bevel baseboard,trim-mouldings,Baseboard,1/2 X 3-1/2,0.5,3.5,primed wood,,"3-1/2"" Baseboard 3f0",bevel-baseboard,https://www.royalwoodshop.com/wp-content/uploads/2019/07/BAS-3F0-3D-RealStar-Baseboard.jpg,122,published,bas-3f0-realstar
1961,door-stop-196,STO-196,"1"" Door Stop 196",3/8 x 1″ eased one edge primed wood door stop shoe mould 10′ lengths RealStar spec,trim-mouldings,Door Stop,"3/8 X 1""",0.375,1.0,Primed wood,,"1"" Door Stop 196",,https://www.royalwoodshop.com/wp-content/uploads/2019/07/STO-196-3D.jpg,180,published,door-stop-196
1962,shiplap-tg-1x6x16-fl-wr,t&g-1x6x16-fl-wr,Shiplap Paneling 1x6 white end matched,Pre-Finished Painted white shiplap T&G in 10′ and 16′ lengths. This product is painted pine for interior and covered exterior use. The lengths are 10′ and 16′ and are sold in bundles of 6 pcs.,trim-mouldings,Tongue & Groove,"11/16 x 4-3/4"" face",0.6875,4.75,painted pine,,Shiplap T&G-1x6x16-fl-wr,painted shiplap wall paneling,https://www.royalwoodshop.com/wp-content/uploads/2019/07/tg-1x6x16-fl-3D.jpg,297,published,shiplap-tg-1x6x16-fl-wr
1963,baseboard-5cn,BAS-5CN,Plain Bevel Baseboard Trim bas-5CN Primed York Region Toronto,"The 5-1/4″ plain bevel baseboard offers a clean, understated profile that blends seamlessly into a wide range of interior styles, from modern to transitional. Its subtle beveled edge adds just enough definition to create soft shadow lines, giving the trim a finished look without ornate detailing. This simplicity allows it to pair effortlessly with various casing profiles and wall finishes, making it highly versatile throughout the home. Durable and timeless, a bevel baseboard provides a crisp architectural transition between wall and floor while maintaining a minimal, refined aesthetic.",trim-mouldings,Baseboard,5/8 X 5-1/4,0.625,5.25,Primed Poplar,,Baseboard 5CN,plain-bevel-baseboard,https://www.royalwoodshop.com/wp-content/uploads/2019/09/BAS-5CN-3D-1.jpg,284,published,baseboard-5cn
1965,modern-base-cap-backband,RAB-002,Modern Base Cap Backband,,trim-mouldings,Backband,3/4 x 3/4,0.75,0.75,poplar,,Modern Base Cap Backband,,https://www.royalwoodshop.com/wp-content/uploads/2019/10/RAB-002-3D.jpg,83,published,modern-base-cap-backband
1966,contemporary-base-cap-backband,RAB-002,Contemporary Base Cap Backband,,trim-mouldings,Base Cap,3/4 X 3/4,0.75,0.75,POPLAR,,Contemporary Base Cap Backband,,https://www.royalwoodshop.com/wp-content/uploads/2019/10/RAB-002-3D.jpg,53,published,contemporary-base-cap-backband
1967,newel-post-chamfered,sc-fn-cham,Newel Post - Chamfered,"Chamfered Newel Post for staircase, available in Oak and Maple and various sizes.",stair-railing,,"3-1/2"", and 4-1/2 x 48""",,,Oak and Maple,,,,https://www.royalwoodshop.com/wp-content/uploads/2019/10/stair-newel-post-chamfered.jpg,732,published,
1968,spindle-chamfered,sc-chm136,Spindle - Chamfered,"Chamfered staircase spindles, paintable and stainable in Oak and Soft Maple.",stair-railing,,"1-5/16"" x 36"" and 39""",,,Oak and Maple,,,,https://www.royalwoodshop.com/wp-content/uploads/2019/10/chamfered-stair-spindle.jpg,279,published,
1969,spindle-colonial,sc-cs136,Spindle - Colonial,Classic colonial traditional spindle for staricase.,stair-railing,,"1-5/16"", 1-3/4"" x 36"",39""",,,Poplar & Red Oak,,,,https://www.royalwoodshop.com/wp-content/uploads/2019/10/colonial_spindles.jpg,230,published,
1970,newel-post-fluted,sc-fn-flut,Newel Post - Fluted,Fluted newel post for staircase.,stair-railing,,"3-1/2"" x 48""",3.5,48.0,Red Oak,,,,https://www.royalwoodshop.com/wp-content/uploads/2019/10/Fluted_Newel_Post.jpg,367,published,
1971,newel-post-plain-square-modern,sc-fn-plain,Newel Post - Plain Square Modern,Plain square modern newel post for staircase.,stair-railing,,"2-3/4"", 3-1/2"", 4"", 4-1/2"" x 48""",,,"Red Oak, White Oak, Maple, Poplar",,,,https://www.royalwoodshop.com/wp-content/uploads/2019/10/Plain-square-modern-newel.jpg,820,published,
1972,spindle-plain-square-modern,sc-ss136,Spindle - Plain Square Modern,"Plain square spindle for staircase in stock in pre-finished white, Poplar, and Oak. Pine and Maple available on quick ship program.",stair-railing,,"1-5/16"", 1-3/4"" x 36"",39"",42""",,,"Painted White, Oak, Poplar",,,,https://www.royalwoodshop.com/wp-content/uploads/2019/10/stair-spindle-plain-square-paint-grade.jpg,350,published,
1973,newel-post-shaker,sc-fn-shak,Newel Post Shaker,This shaker panel newel post for staircases can be altered to show any panel configuration required.,stair-railing,,"3-1/2"", 4"", 6"" x 48""",,,Oak and Maple,,,,https://www.royalwoodshop.com/wp-content/uploads/2019/10/stair-newel-post-shaker-oak.jpg,868,published,
1974,newel-post-simcoe,sc-fn-sim,Newel Post - Simcoe,Simcoe panel newel post for staircase.,stair-railing,,"4"", 6"" x 48""",,,Oak and Maple,,,,https://www.royalwoodshop.com/wp-content/uploads/2019/10/stair-newel-post-simcoe-panel.jpg,681,published,
1975,newel-caps,,Newel Caps,"Newel caps for 2-3/4″, 3-1/2″, 4″, 4-1/2″ newel posts.",stair-railing,,,,,Oak and Maple,,,,https://www.royalwoodshop.com/wp-content/uploads/2019/10/Stair_Post_Caps.jpg,525,published,
1976,newel-post-colonial,sc-fn-col,Newel Post - Colonial,Classic colonial traditional newel post for staircase.,stair-railing,,"2-3/4"", 3-1/2"" x 48""",,,Oak and Maple,,,,https://www.royalwoodshop.com/wp-content/uploads/2019/10/stair-newe-post-classic-colonial.jpg,286,published,
1977,tread-cover-closed-stringer,,Tread Cover - closed stringer,"Cover your stair treads with tread cover for closed stringer stair treads. Stair covers are in stock in stain grade red oak, white oak, and maple. The dimension of our standard wide nose stair cover will cover 9-1/4″ x 36″ and can be cut down on site to fit narrower staircases. Risers are sold separately in mdf, white oak, red oak, and maple.",stair-railing,,,,,"Red Oak, White Oak, Maple",,,,https://www.royalwoodshop.com/wp-content/uploads/2018/01/tread-cover-wood-stair-cap-2.jpg,847,published,
1978,tread-cover-open-stringer,sc-tcos,Tread Cover - open stringer,"Tread cover for open stringer staircase left or right. The tread cover will cover 9-1/4″ x 42″ can can be trimmed to suite. In stock species include Maple, Red Oak, White Oak. Returned ends sold separately. Custom orders are available with a 4 week lead time and 50% deposit.",stair-railing,,9-1/4 x 42,9.25,42.0,Oak and Maple,,Tread Cover - open stringer,,https://www.royalwoodshop.com/wp-content/uploads/2019/10/IMG_9053.jpg,397,published,tread-cover-open-stringer
1979,stair-tread,sc-t242-ro,Stair Tread closed stringer,1-1/16 x 42 x 10-1/2″ Oak stair tread for staircase. This is a premium quality tread with little colour variation.,stair-railing,,10-1/2 x 42,10.5,42.0,Red Oak,,,,https://www.royalwoodshop.com/wp-content/uploads/2018/01/tread-closed-end-stair-step.jpg,212,published,
1980,stair-tread-open-stringer,sc-t42r-to,Stair Tread - open stringer,1-1/16 x 10-1/2 x 42″ Open stringer tread for staircase. This tread is reversible for right and left hand staircases with the returned end attached and ready for installation.,stair-railing,,10-1/2 x 42,10.5,42.0,Red Oak,,,,https://www.royalwoodshop.com/wp-content/uploads/2018/01/tread-open-returned-end-stair-step.jpg,165,published,
1981,risers,,Risers,"Risers for staircase are in stock in White Oak, Red Oak, MDF (paint grade), and Maple.",stair-railing,,,,,"white oak, red oak, maple mdf",,,,https://www.royalwoodshop.com/wp-content/uploads/2019/10/stair-risers.jpg,174,published,
1982,spindle-metal,,Spindle - Metal,Black steel powder coated stair spindle 1/2″ square.,stair-railing,,"1/2"" x 44""",0.5,44.0,Steel,,,,https://www.royalwoodshop.com/wp-content/uploads/2018/01/spindle-black-iron-TL12X-30-bezdan.jpg,188,published,
1983,spindle-black-steel,,Spindle - Black Steel Geo,1 Collar and Geo stair spindles in powder coated satin black.,stair-railing,,"1/2 x 44""",0.5,44.0,Steel,,,,https://www.royalwoodshop.com/wp-content/uploads/2018/01/three-image-1.jpg,309,published,
1984,spindle-black-steel-accessories,,Spindle - Black steel accessories,"Stair spindle shoes, collars, mounting pcs in powder coated satin black steel.",stair-railing,,,,,,,,,https://www.royalwoodshop.com/wp-content/uploads/2019/10/spindle-shoe-plain-black.jpg,64,published,
1985,architrave-mdf,ARC-596,6,There are 3 associated names for this item: 1. Door or window pediment 2. Header cap 3. Architrave Moulding. This mouldings adds an architectural design element over top of doors and windows.,trim-mouldings,Architrave,"2"" x 5-7/8",2.0,5.875,Mdf Primed,,,,https://www.royalwoodshop.com/wp-content/uploads/2019/11/arc-596-mdf-3d.jpg,124,published,
1986,contemporary-backband-casing-mdf,cas-1693,Step Bevel Contemporary Backband Casing York Region Toronto,"A contemporary step bevel casing offers clean lines and subtle dimensional detail, making it an excellent choice for modern and transitional interiors. The stepped profile creates depth and shadow without the ornamentation of traditional mouldings, delivering a sophisticated architectural look. Its streamlined design beautifully frames doors and windows while complementing modern flooring, flat stock trim, and contemporary door styles. The result is a polished, upscale appearance that adds visual interest while maintaining a clean and uncluttered aesthetic.",trim-mouldings,Casing,"1-1/8"" x 3-1/4"" x 15'",1.125,3.25,FJ Primed Pine,,Contemporary Backband Casing Mdf,Explore our premium %%title%% & Interior millwork for timeless elegance. Exceptional craftsmanship at Royal Wood Shop.,https://www.royalwoodshop.com/wp-content/uploads/2019/11/CAS-1693-3D.jpg,148,published,contemporary-backband-casing-mdf
1987,contemporary-backband-casing-fj-poplar,CAS-3RU,Contemporary Backband Casing FJ Poplar 3RU,"This new design on a contemporary backband casing is primed MDF up to 16′ lengths which can be cut to 7′, 8′ or 9′. A primed finger jointed Poplar version is coming in a wider 4-1/4"" width soon.",trim-mouldings,Casing,"1-1/16 X 3-1/2"" X 16'",1.0625,3.5,Primed fj Poplar,,Contemporary Backband Casing FJ Poplar 3RU,,https://www.royalwoodshop.com/wp-content/uploads/2019/11/cas-3ru-3d.jpg,73,published,contemporary-backband-casing-fj-poplar
1988,newel-post-shaker-1-panel,sc-fn-shak-312,Newel Post Shaker 1-Panel,3-1/2″ Shaker Stair Newel Post 1-panel Oak and Maple – cap sold separately,stair-railing,,"3-1/2"" x 42""",3.5,42.0,Oak and Maple,,,,https://www.royalwoodshop.com/wp-content/uploads/2020/04/IMG_0077-rotated.jpg,225,published,
1989,halifax-lever-flat-black,,Halifax Lever Flat Black,,door-hardware,Levers and Knobs,,,,,,Halifax Lever Flat Black,weiser halifax door lever black,https://www.royalwoodshop.com/wp-content/uploads/2020/05/halifax-square-passage-lever-in-iron-black.jpg,280,published,halifax-lever-flat-black
2002,stair-nosing-to-match-2-38-stair-cover,,"Stair Nosing to match 2-3/8"" Stair Cover","2-3/8 x 4-1/8″ for 3/4″ thick flooring nosing in Red Oak, White Oak, and Maple",trim-mouldings,Stair Nosing,,,,,,"Stair Nosing to match 2-3/8"" Stair Cover",,https://www.royalwoodshop.com/wp-content/uploads/2020/05/NOS-k238-3d.jpg,122,published,stair-nosing-to-match-2-38-stair-cover
2003,stair-nosing-for-tread-cover,,Stair Nosing for tread cover,"2-3/8″ face width x 4-1/4″ stair nosing in white oak, red oak, and hard white maple.",stair-railing,,,,,,,Stair Nosing for tread cover,,https://www.royalwoodshop.com/wp-content/uploads/2020/05/NOS-k238-3d.jpg,76,published,stair-nosing-for-tread-cover
2004,quarter-turn-handrail,HC-248-QT2-RO,Quarter Turn Handrail,"Available in profiles 248 in Oak, and Maple.",stair-railing,,"2-1/2"" radius",,,Oak,,Quarter Turn Handrail,,https://www.royalwoodshop.com/wp-content/uploads/2020/05/IMG_0251-rotated.jpg,63,published,quarter-turn-handrail
2005,side-easement-oak,hc-248-se4,Side Easement Oak,Left and Right hand 4″ offset side easements in Oak for handrail 248,stair-railing,,"4"" offset",,,oak,,Side Easement Oak,,https://www.royalwoodshop.com/wp-content/uploads/2020/05/IMG_0252-rotated.jpg,61,published,side-easement-oak
2006,decorative-black-metal-shoe,sc-10-00-30,Decorative Black Metal Shoe,1/2″ Baluster shoe satin black express line,stair-railing,,,,,powder coated steel,,,,https://www.royalwoodshop.com/wp-content/uploads/2019/10/spindle-shoe-fancy-black.jpg,50,published,
2007,plain-black-metal-collar,sc-10-06-30,Plain Black Metal Collar,Plain Adjustable Collar Satin Black Express Line,stair-railing,,,,,,,,,https://www.royalwoodshop.com/wp-content/uploads/2019/10/spindle-collar-plain-black.jpg,6,published,
2008,plain-black-metal-shoe,sc-10-10-30,Plain Black Metal Shoe,Plain square spindle shoe black (30),stair-railing,,,,,powder coated steel,,,,https://www.royalwoodshop.com/wp-content/uploads/2019/10/spindle-shoe-plain-black.jpg,59,published,
2009,black-angled-shoe,sc-10-17-30,Black Angled Shoe,Angled Shoe Satin Black Express Line,stair-railing,,,,,,,,,https://www.royalwoodshop.com/wp-content/uploads/2019/10/spindle-shoe-angled-black.jpg,74,published,
2010,fancy-black-collar,sc-bc-01-30,Fancy Black Collar,Fancy Adjustable Collar Satin Black Express Line,stair-railing,,,,,powder coated steel,,,,https://www.royalwoodshop.com/wp-content/uploads/2019/10/spindle-collar-fancy-black.jpg,46,published,
2011,plain-square-black-metal-spindle,sc-cc12-30,Plain Square Black Metal Spindle,1/2″ Square Plain Spindle w screw base satin black (30) ***fits plain shoe only – will NOT fit decorative shoe**,stair-railing,,,,,powder coated steel,,,,https://www.royalwoodshop.com/wp-content/uploads/2020/05/sc-cc12-30.jpg,99,published,
2012,newel-post-mounting-plate,sc-sp014-00c,Newel Post Mounting Plate,Newel Post Mounting Plate,stair-railing,,,,,,,,,https://www.royalwoodshop.com/wp-content/uploads/2020/05/IMG_0254-rotated.jpg,129,published,
2013,handrail-bolt-connector,sc-sp031-00c,Handrail Bolt Connector,Handrail Bolt Connector,stair-railing,,,,,,,,,https://www.royalwoodshop.com/wp-content/uploads/2020/05/IMG_0256-rotated.jpg,60,published,
2014,newel-post-mounting-kit,sc-sp037-00c,Newel Post Mounting Kit,Newel Post Mounting Kit for extra sturdy applications,stair-railing,,,,,,,,,https://www.royalwoodshop.com/wp-content/uploads/2020/05/IMG_0253-rotated.jpg,111,published,
2015,handrail-newel-connection-kit,sc-sp037-00c,Handrail & Newel Connection Kit,Handrail & Newel Connection Kit,stair-railing,,,,,,,,,https://www.royalwoodshop.com/wp-content/uploads/2020/05/IMG_0255-rotated.jpg,38,published,
2016,plain-black-metal-spindle,sc-tl-12x-30,Plain Black Metal Spindle,1/2″ x 44″ Plain Square Black Metal Spindle Express Line,stair-railing,,,,,,,,,https://www.royalwoodshop.com/wp-content/uploads/2020/05/TL12X-30-scaled.jpg,187,published,
2017,spiral-pin,sc-tl-pin,Spiral Pin,Spiral Pin for black steel spindles – for mounting spindles with no shoes. They fit up inside the hollow metal square spindle and the other half gets inserted into the floor.,stair-railing,,,,,,,,,https://www.royalwoodshop.com/wp-content/uploads/2019/10/spindle-spiral-pin.jpg,24,published,
2018,geo-1-spindle-black,sc-tl98-1-30,Geo-1 Spindle Black,1/2″ Square modern Geo-1 Spindle Satin Black (30),stair-railing,,,,,,,,,https://www.royalwoodshop.com/wp-content/uploads/2020/05/TL98-1-30-scaled.jpg,115,published,
2019,geo-3-spindle-black,sc-tl98-3-30,Geo-3 Spindle Black,1/2″ Square Geo-3 Spindle Satin Black (30),stair-railing,,,,,,,,,https://www.royalwoodshop.com/wp-content/uploads/2020/05/TL98-3-30-scaled.jpg,53,published,
2020,spindle-plug-connector,sc-tlc,Spindle Plug Connector,Spindle Plug Connector,stair-railing,,,,,,,,,https://www.royalwoodshop.com/wp-content/uploads/2019/10/spindle-mount-sc-tlc.jpg,97,published,
2021,connector-plug,sc-tlc-ss,Connector Plug,Connector Plug – can be inserted inside the top of the metal spindle when needing to use existing metal filler strip – allows you to screw through filler into plastic plug.,stair-railing,,,,,,,,,https://www.royalwoodshop.com/wp-content/uploads/2020/05/tlc_ss_long.jpg,37,published,
2022,dowel-screw,HBR-DOWELSCREW-L,Dowel Screws,4″ or larger 6″ Dowel Screws for mounting newel posts,stair-railing,,,,,,,,,https://www.royalwoodshop.com/wp-content/uploads/2020/05/IMG_0246-rotated.jpg,48,published,
2023,hanger-bolt-nut--washer-,hvb-hw105,"Hanger Bolt, nut & washer","Hanger Bolt, nut & washer for fastening Handrail to Handrail (components usually)",stair-railing,,,,,,,"Hanger Bolt, nut & washer",,https://www.royalwoodshop.com/wp-content/uploads/2020/05/IMG_0247-rotated.jpg,18,published,hanger-bolt-nut-washer
2024,handrail-bracket,DHT-25-P6360,Handrail Bracket,"50 mm Standard Handrail Bracket in black, nickel or bronze finish",stair-railing,,,,,,,Handrail Bracket,,https://www.royalwoodshop.com/wp-content/uploads/2020/05/dht-25-P6360-handrail-bracket-satin-nickel.jpg,28,published,handrail-bracket
2025,handrail-bracket---heavy-duty,,Handrail Bracket - Heavy Duty,Handrail Bracket – Heavy Duty 50mm,stair-railing,,,,,,,Handrail Bracket - Heavy Duty,,https://www.royalwoodshop.com/wp-content/uploads/2020/05/dht-25-p6370blk-heavy-duty-handrail-bracket-black-scaled.jpg,72,published,handrail-bracket-heavy-duty
2026,painted-white-spindle-plain,sc-ss142-laq,Painted White Spindle Plain,Pre-finished white plain wood spindles with dowel end.,stair-railing,,"1-5/16\"" x 36\"" & 42\""",,,painted wood,,,,https://www.royalwoodshop.com/wp-content/uploads/2020/05/sc-ss142-laq.jpg,237,published,
2027,bullnose-tread-cover-oak,SC-TCB,Bullnose Tread Cover Oak,Bullnose Tread Cover Oak in right and left hand with 2-3/8 bullnose width. This item is not always in stock and could take 3 – 4 weeks if not in stock.,stair-railing,,,,,Oak,,,,https://www.royalwoodshop.com/wp-content/uploads/2020/05/IMG_0258-rotated.jpg,62,published,
2028,half-newel-posts,sc-hn-,Half Newel Posts,Half Newel Posts,stair-railing,,,,,,,,,https://www.royalwoodshop.com/wp-content/uploads/2020/05/IMG_0259.jpg,125,published,
2029,finger-pull,DH-AUR23,Finger pull,Finger Pull For Pocket Door,door-hardware,Pocket Door Hardware,,,,,,,,https://www.royalwoodshop.com/wp-content/uploads/2020/05/dh-aur23-pocket-door-finger-pull.jpg,29,published,
2030,barn-door-track-black,DH-BDHMB-7,Barn door track black,7′ Barn Door Sliding Track Hardware Matte Black,door-hardware,Barn Door Hardware,,,,,,,,https://www.royalwoodshop.com/wp-content/uploads/2020/05/dh-bdhmb-barn-door-track-black.jpg,49,published,
2031,barn-door-track-black-8,DH-BDHMB-8,Barn door track black 8',8′ Barn Door Sliding Track Hardware Matte Black,door-hardware,Barn Door Hardware,,,,,,,,https://www.royalwoodshop.com/wp-content/uploads/2020/05/dh-bdhmb-barn-door-track-black.jpg,24,published,
2032,barn-door-track-stainless-7,DH-BDHSS-7,Barn door track stainless 7',7′ Barn Door Sliding Track Hardware Stainless Steel,door-hardware,Barn Door Hardware,,,,,,,,https://www.royalwoodshop.com/wp-content/uploads/2020/05/Barndoor-Hanger-steel.jpg,7,published,
2033,barn-door-track-stainless-8-,DH-BDHSS-8,Barn door track stainless 8',8′ Barn Door Sliding Track Hardware Stainless Steel,door-hardware,Barn Door Hardware,,,,,,Barn door track stainless 8',,https://www.royalwoodshop.com/wp-content/uploads/2020/05/dh-bdhss-barn-door-track-stainless.jpg,10,published,barn-door-track-stainless-8
2034,soft-close-barn-door-hardware,DH-FTSC-MB,Soft close barn door hardware,Barn Door Soft Close and Soft Open for Flat Track in Matte Black,door-hardware,Barn Door Hardware,,,,,,,,https://www.royalwoodshop.com/wp-content/uploads/2020/05/dh-ftsc-soft-close-barn-door-hardware.jpg,62,published,
2035,pocket-door-pull,DH-MR2199,Pocket Door Pull,Pocket Door Pull various finishes,door-hardware,Pocket Door Hardware,,,,,,,,https://www.royalwoodshop.com/wp-content/uploads/2020/05/dh-mr2199-pocket-door-pull.jpg,26,published,
2036,24-barn-door-pull-black,DH-PULLNRD24US10B,24,24″ Barn Door Pull Black,door-hardware,Barn Door Hardware,,,,,,,,https://www.royalwoodshop.com/wp-content/uploads/2020/05/dh-pullnrd24-24-inch-barn-door-pull.jpg,29,published,
2037,ball-catch-with-strike-plate,DHT-20-1412,Ball Catch with Strike Plate,Adjustable Ball Catch with Full Lip Strike Plate,door-hardware,Misc. Hardware,,,,,,Ball Catch with Strike Plate,,https://www.royalwoodshop.com/wp-content/uploads/2020/05/dht-20-1412-ball-catch-with-strick-plate-nickel.jpg,13,published,ball-catch-with-strike-plate
2038,hinge-pin-door-stop,DHT-25-P4634,Hinge Pin Door Stop,Wide Angle Hinge Pin Door Stop,door-hardware,Misc. Hardware,,,,,,Hinge Pin Door Stop,,https://www.royalwoodshop.com/wp-content/uploads/2020/05/dht-25-p4634-nickel.jpg,4,published,hinge-pin-door-stop
2039,3-18-spring-door-stop,DHT-25-P4671,3-1/8,3-1/8″ Spring Door Stop,door-hardware,Misc. Hardware,,,,,,3-1/8,,https://www.royalwoodshop.com/wp-content/uploads/2020/05/dht-25-4671-spring-door-stop.jpg,11,published,3-18-spring-door-stop
2040,2-78-diecast-door-stop,,2-7/8″ Diecast Door Stop,2-7/8″ Diecast Door Stop,door-hardware,Misc. Hardware,,,,,,2-7/8″ Diecast Door Stop,,https://www.royalwoodshop.com/wp-content/uploads/2020/05/dht-25-p4679-diecast-door-stop.jpg,9,published,2-78-diecast-door-stop
2041,3-x-3-square-corner-butt-hinge,DHT-25-PK8,3 x 3 Square Corner Butt Hinge,3″ x 3″ Square Corner Butt Hinge,door-hardware,Hinges,,,,,,3 x 3 Square Corner Butt Hinge,,https://www.royalwoodshop.com/wp-content/uploads/2020/05/hon-4821-3.5-ball-bearing-hinge-square-nickel.jpg,11,published,3-x-3-square-corner-butt-hinge
2042,square-corner-butt-hinge-black,,Square corner butt hinge black,Square corner butt hinge black,door-hardware,Hinges,,,,,,Square corner butt hinge black,,https://www.royalwoodshop.com/wp-content/uploads/2020/05/dht-25-pk8-3-inch-square-hinge-black.jpg,41,published,square-corner-butt-hinge-black
2043,58-radius-corner-hinge-black,,5/8 rad corner hinge black,5/8″ Radius corner hinge black,door-hardware,Hinges,,,,,,5/8 rad corner hinge black,,https://www.royalwoodshop.com/wp-content/uploads/2020/05/dht-3x3-radius-hinge.jpg,19,published,58-radius-corner-hinge-black
2044,radius-corner-butt-hinge-satin-nickel,,Radius corner butt hinge satin nickel,Radius corner butt hinge satin nickel,door-hardware,Hinges,,,,,,Radius corner butt hinge satin nickel,,https://www.royalwoodshop.com/wp-content/uploads/2020/05/radius-corner-hinge-nickel.jpg,12,published,radius-corner-butt-hinge-satin-nickel
2045,barcelona-knob,,Barcelona Knob Black,"Barcelona Knob in passage, privacy (bath), and dummy",door-hardware,Levers and Knobs,,,,,,,,https://www.royalwoodshop.com/wp-content/uploads/2020/05/dht-30-doo613-barcelona_knob_modern_black.jpg,58,published,
2046,barcelona-knob,,Barcelona Knob Nickel,"Barcelona Knob Satin Nickel in passage, privacy (bath), and dummy",door-hardware,Levers and Knobs,,,,,,,,https://www.royalwoodshop.com/wp-content/uploads/2020/05/dht-30-d00613-barcelona_knob_sn.jpg,18,published,
2047,vega-lever,,Vega Lever Nickel,"Vega Lever in passage, privacy (bath), and dummy",door-hardware,Levers and Knobs,,,,,,,,https://www.royalwoodshop.com/wp-content/uploads/2020/05/dht-30-d006434-vega-satin-nickel.jpg,16,published,
2048,vega-lever-black,,Vega Lever Black,"Vega Lever Black in passage, privacy (bath), and dummy",door-hardware,Levers and Knobs,,,,,,,,https://www.royalwoodshop.com/wp-content/uploads/2020/05/dht-30-d00613-vega-black-scaled.jpg,52,published,
2049,equinox-lever-,,Equinox Lever Satin Nickel,"Equinox Lever in passage, privacy (bath), and dummy",door-hardware,Levers and Knobs,,,,,,,,https://www.royalwoodshop.com/wp-content/uploads/2020/05/dht-30-d006824-equinox-nickel_square-scaled.jpg,24,published,
2050,equinox-lever-chrome,,Equinox Lever Chrome,"Equinox Lever Chrome in passage, privacy (bath), and dummy",door-hardware,Levers and Knobs,,,,,,,,https://www.royalwoodshop.com/wp-content/uploads/2020/05/dht-30-d006824-equinox_squarerose-chrome-scaled.jpg,15,published,
2051,1948-lever-black,,1948 Lever Black,"1948 Lever Black in passage, privacy (bath) and dummy",door-hardware,Levers and Knobs,,,,,,,,https://www.royalwoodshop.com/wp-content/uploads/2020/05/dht-30-d007024-1948-lever-black.jpg,49,published,
2052,square-rosette-kit-,,Square Rosette Kit Satin Nickel,Square Rosette Kit for Taymore knobs and levers with round rosettes,door-hardware,Levers and Knobs,,,,,,,,https://www.royalwoodshop.com/wp-content/uploads/2020/05/dht-30-sqr0024-square-rose-sn.jpg,8,published,
2053,square-rosette-kit-black,,Square Rosette Kit Black,Square Rosette Kit Black for Taymore knobs and levers with round rosette,door-hardware,Levers and Knobs,,,,,,,,https://www.royalwoodshop.com/wp-content/uploads/2020/05/dht-30-sqr0044-square-rose-black.jpg,28,published,
2054,rectangular-pocket-door-lock-,,Rectangular Pocket Door Lock Black,Rectangular Sliding Pocket Door Lock Black,door-hardware,Pocket Door Hardware,,,,,,Rectangular Pocket Door Lock Black,,https://www.royalwoodshop.com/wp-content/uploads/2020/05/dht-33-rectangular-pocket-door-lock-black-scaled.jpg,57,published,rectangular-pocket-door-lock
2055,rectangular-pocket-door-lock-satin-nickel,,Rectangular Pocket Door Lock Satin Nickel,Rectangular Sliding Pocket Door Lock Nickel for passage and privacy,door-hardware,Pocket Door Hardware,,,,,,Rectangular Pocket Door Lock Satin Nickel,,https://www.royalwoodshop.com/wp-content/uploads/2020/05/dht-33-rectangular-pocket-door-lock.jpg,11,published,rectangular-pocket-door-lock-satin-nickel
2056,round-pocket-door-lock,,Round Pocket Door Lock Nickel,Round Pocket Door Lock for 2-1/8″ hole for passage and privacy,door-hardware,Pocket Door Hardware,,,,,,Round Pocket Door Lock Nickel,,https://www.royalwoodshop.com/wp-content/uploads/2020/05/dht-33-round-pocket-door-lock-sn.jpg,13,published,round-pocket-door-lock
2057,round-pocket-door-lock-,,Round Pocket Door Lock Black,Round Pocket Door Lock black for 2-1/8″ hole passage and privacy,door-hardware,Pocket Door Hardware,,,,,,Round Pocket Door Lock Black,,https://www.royalwoodshop.com/wp-content/uploads/2020/05/dht-33-round-pocket-door-lock-black.jpg,22,published,round-pocket-door-lock-2
2058,silver-moon-lever,,Silver Moon Lever builder lever,"Silver Moon Lever in Passage, Privacy (bath), and Dummy",door-hardware,Levers and Knobs,,,,,,,,https://www.royalwoodshop.com/wp-content/uploads/2020/05/dht-silver-moon-builder-lock-sn.jpg,30,published,
2059,orleans-lever-,,Orleans Lever Oil Rubbed Bronze,"Orleans Lever 10B in passage, privacy (bath), and dummy",door-hardware,Levers and Knobs,,,,,,,,https://www.royalwoodshop.com/wp-content/uploads/2020/05/dht-36-orleans-leaver-10b-scaled.jpg,41,published,
2060,floor-guide-for-recessed-track,HDA-C200-GUIDE,Floor Guide for Recessed Track,5/8″ Floor Mount Guide for Recessed Track,door-hardware,Pocket Door Hardware,,,,,,Floor Guide for Recessed Track,,https://www.royalwoodshop.com/wp-content/uploads/2020/05/c200-floor-guid.jpg,7,published,floor-guide-for-recessed-track
2061,58-x-8-recessed-channel-track,HDA-C201-TRACK,5/8 8′ Recessed Channel Track,5/8″ x 8′ Recessed Channel Track,door-hardware,Pocket Door Hardware,,,,,,5/8 8′ Recessed Channel Track,,https://www.royalwoodshop.com/wp-content/uploads/2020/05/c-200-channel.jpg,4,published,58-x-8-recessed-channel-track
2062,pocket-door-hanger-125lbs,c400-hanger,Pocket Door Hanger 125lbs,Single Track Pocket Door Hanger 125lbs,door-hardware,Pocket Door Hardware,,,,,,Pocket Door Hanger 125lbs,,https://www.royalwoodshop.com/wp-content/uploads/2020/05/c400crowderhanger.jpg,40,published,pocket-door-hanger-125lbs
2063,by-passing-track-for-1-34-doors-,HDA-C500-TRACK,By-Passing Track for 1-3/4,72″ Dual By-Passing Track for 1-3/4″ doors 125 lbs,door-hardware,Pocket Door Hardware,,,,,,By-Passing Track for 1-3/4,,https://www.royalwoodshop.com/wp-content/uploads/2020/05/c500-track-crowder.jpg,34,published,by-passing-track-for-1-34-doors
2064,screw-type-plate-with-olive-guide,HMS-1102,Screw type plate with Olive Guide,Screw type plate with Olive Guide,door-hardware,Pocket Door Hardware,,,,,,,,https://www.royalwoodshop.com/wp-content/uploads/2020/05/hms-1102-olive-guide.jpg,5,published,
2065,bottom-guide,HMS-1103,Bottom Guide,Bottom Guide,door-hardware,Pocket Door Hardware,,,,plastic,,Bottom Guide,,https://www.royalwoodshop.com/wp-content/uploads/2020/05/hms-1103-bottom-guide.jpg,5,published,bottom-guide
2066,black-pvc-u-channel,HMS-1106-110,Black PVC U Channel,1/2 x 11/16 x 43″ eBlack PVC U Profile,door-hardware,Pocket Door Hardware,,,,,,,,https://www.royalwoodshop.com/wp-content/uploads/2020/05/hms-1106-110-plack-pvc-channel.jpg,13,published,
2067,aluminum-u-channel,HMS-1109A/200,Aluminum U-Channel,1″ x 11/16 x 78″ Aluminum U-Channel,door-hardware,Pocket Door Hardware,,,,,,,,https://www.royalwoodshop.com/wp-content/uploads/2020/05/hms-1109a-200-aluminum-u-channel.jpg,4,published,
2068,long-pocket-door-track-13,HMS-11108/400,Long Pocket Door Track 13',Long Pocket Door Track 13 foot,door-hardware,Pocket Door Hardware,,,,,,,,https://www.royalwoodshop.com/wp-content/uploads/2020/05/hms-11108-400-long-pocket-door-track.jpg,13,published,
2069,sliding-system-set-for-88-lbs,HMS-MA40A-190,Sliding System Set for 88 lbs,"Straight Sliding System, Complete Set for 88 lbs",door-hardware,Pocket Door Hardware,,,,,,,,https://www.royalwoodshop.com/wp-content/uploads/2020/05/hms-ma40a-190-sliding-system-88lbs.jpg,34,published,
2070,soft-cose-sliding-system-88lbs,HMS-SAF40A-200,Soft cose sliding System 88lbs,"Straight Sliding System, Complete set 88 Lbs, c/w Soft Closing Hardware",door-hardware,Pocket Door Hardware,,,,,,,,https://www.royalwoodshop.com/wp-content/uploads/2020/05/hms-saf40a-200-soft-close-sliding-system-88lbs.jpg,41,published,
2071,roller-kit-no-track,HMS-SAF80-A,Roller Kit (no track),Roller Kit (no track),door-hardware,Pocket Door Hardware,,,,,,,,https://www.royalwoodshop.com/wp-content/uploads/2020/05/hms-saf80-a-roller-kit-only-no-track.jpg,11,published,
2072,soft-close-sliding-system-176-lbs,HMS-SAF80A-200,Soft close Sliding System 176 Lbs,"Straight Sliding System, Complete Set 176 Lbs Doors, C/W Soft Closing Hardware",door-hardware,Pocket Door Hardware,,,,,,,,https://www.royalwoodshop.com/wp-content/uploads/2020/05/hms-SAF80A-200-soft-close-sliding-system-176lbs.jpg,49,published,
2073,3-x-3-ball-bearing-hinge-58-rad,HON-41820NB-B,3 x 3 Ball Bearing Hinge 5/8,3 x 3 Ball Bearing Hinge 5/8″ Radius Satin Nickel,door-hardware,Hinges,,,,,,3 x 3 Ball Bearing Hinge 5/8,,https://www.royalwoodshop.com/wp-content/uploads/2020/05/hon-41820nb-b-3x3-ball-bearing-hinge-radiused-nickel.jpg,33,published,3-x-3-ball-bearing-hinge-58-rad
2074,3-12-ball-bearing-sq-butt-hinge,HON-4821,3-1/2 Ball Bearing Sq Butt Hinge Black,3-1/2″ Ball Bearing Sq Butt Hinge Black,door-hardware,Hinges,,,,,,3-1/2 Ball Bearing Sq Butt Hinge Black,,https://www.royalwoodshop.com/wp-content/uploads/2020/05/hon-4821-black-3.5-bb-hinge.jpg,49,published,3-12-ball-bearing-sq-butt-hinge
2075,3-12-ball-bearing-sq-butt-hinge-nickel,,3-1/2 Ball Bearing Sq Butt Hinge Nickel,3-1/2″ Ball Bearing Sq Butt Hinge Nickel,door-hardware,Hinges,,,,,,3-1/2 Ball Bearing Sq Butt Hinge Nickel,,https://www.royalwoodshop.com/wp-content/uploads/2020/05/hon-4821-3.5-ball-bearing-hinge-square-nickel.jpg,24,published,3-12-ball-bearing-sq-butt-hinge-nickel
2076,pocket-door-pull-,HTL-BDFDP,pocket door pull,6-1/2″ rectangular pocket door pull matte black and nickel,door-hardware,Pocket Door Hardware,,,,,,pocket door pull,,https://www.royalwoodshop.com/wp-content/uploads/2020/05/htl-bdfdp-pocket-door-pull-flush-black.jpg,29,published,pocket-door-pull-2
2077,chrome-closet-rod-8-and-10,hmc-closetrod-,Chrome Closet Rod 8 and 10 foot,Chrome Closet Rod 8′ and 10′ lengths – flanges sold seperately,door-hardware,Misc. Hardware,,,,,,Chrome Closet Rod 8 and 10 foot,,https://www.royalwoodshop.com/wp-content/uploads/2020/05/chrome-closet-rod.jpg,10,published,chrome-closet-rod-8-and-10
2078,open-and-closed-flange-chrome-for-closet-rods,,Open and Closed Flange Chrome for closet rods,Open and Closed Flange Chrome for closet rods flanges sold seperatly,door-hardware,Misc. Hardware,,,,,,Open and Closed Flange Chrome for closet rods,,https://www.royalwoodshop.com/wp-content/uploads/2020/05/open-and-closed-flange-chrome-closet-rod.jpg,7,published,open-and-closed-flange-chrome-for-closet-rods
2079,stair-tread-covers-white-oak,,Stair Tread Covers White Oak,"Parts sold individually: open cover, closed cover, riser, end cap, and nosing",stair-railing,,,,,,,,,https://www.royalwoodshop.com/wp-content/uploads/2020/05/stair-tread-covers-white-oak.jpg,123,published,
2080,stair-tread-covers-hard-maple,,Stair Tread Covers Hard Maple,Stair Tread Covers Hard Maple,stair-railing,,,,,Oak and Maple,,,,https://www.royalwoodshop.com/wp-content/uploads/2020/05/stair-tread-covers-maple.jpg,79,published,
2081,stair-tread-cover---econo-oak,sc-tccs-ro-e,Stair Tread Cover - Econo Oak,Solid Oak narrow face 1-7/8,stair-railing,,,,,Oak,,,,https://www.royalwoodshop.com/wp-content/uploads/2020/05/stair-tread-cover-econo-oak.jpg,189,published,
2082,6-12-architrave,arc-612,6-1/2 Architrave,1-1/2 x 6-1/2 Architrave window and door header primed mdf,trim-mouldings,Architrave,1-1/2 x 6-1/2,1.5,6.5,Mdf Primed,,6-1/2 Architrave,,https://www.royalwoodshop.com/wp-content/uploads/2020/06/ARC-601-3D.jpg,75,published,6-12-architrave
2083,primed-mdf-crown-739,CRO-739,Primed Mdf Crown 739,Rise 5-1/4 Run 4-1/8 Large modern Mdf Crown Moulding 16′ and 8′ lengths primed white 7/8 x 6-3/4,trim-mouldings,Crown,7/8 X 6-3/4,0.875,6.75,Mdf Primed,,Primed Mdf Crown 739,,https://www.royalwoodshop.com/wp-content/uploads/2020/07/cro-739-3D.jpg,160,published,primed-mdf-crown-739
2084,3-12-backband-casing,CAS-3F1,"3-1/2"" Backband Casing 3F1",1-1/8″ x 3-1/2″ Ornamental back band casing primed FJ Pine 8′ & 16′ lengths,trim-mouldings,Casing,1-1/8 X 3-1/2 X 16',1.125,3.5,Primed FJ Pine,,,,https://www.royalwoodshop.com/wp-content/uploads/2020/09/cas-3f1.jpg,78,published,
2085,7-14-ornamental-base-771,BAS-771,7-1/4 Ornamental Base 771,5/8 x 7-1/4″ Ornamental Base 771 Primed FJ Pine,trim-mouldings,Baseboard,5/8 X 7-1/4,0.625,7.25,Primed FJ Pine,,,,https://www.royalwoodshop.com/wp-content/uploads/2020/09/BAS-771-3d.jpg,62,published,
2086,router-carved-mdf,,Router Carved Solid MDF,,interior-doors,Moulded Panel,,,,,,Router Carved Solid MDF,Explore our premium %%title%% Doors & Trim for timeless elegance. Exceptional craftsmanship at Royal Wood Shop.,https://www.royalwoodshop.com/wp-content/uploads/2020/12/Trimlite-RP3C_Beauty-887-x-1412.jpg,65,published,router-carved-mdf
2087,fine-line-router-carved-mdf-,,Fine Line Router Carved Mdf,Trim lite router carved doors have a high degree of customization to suit your specific requirements. Many designs and sizes are available.,interior-doors,Moulded Panel,,,,,,Fine Line Router Carved Mdf,,https://www.royalwoodshop.com/wp-content/uploads/2020/12/Trimlite-RG50_Beauty-814-x-814.jpg,82,published,fine-line-router-carved-mdf
2088,9-14-bevelled-bas-902-mdf,BAS-902,9-1/4 bevelled bas-902 mdf,,trim-mouldings,Baseboard,3/4 X 9-1/4,0.75,9.25,PRIMED MDF,,9-1/4 bevelled bas-902 mdf,,https://www.royalwoodshop.com/wp-content/uploads/2021/04/BAS-902-MDF-3D.jpg,38,published,9-14-bevelled-bas-902-mdf
2089,9-14-contemporary-step-bevel-baseboard-932,BAS-932,"Tall contemporary step bevel baseboard 9-1/4"" bas-932 GTA York Region","In stock in Poplar random lengths and Primed FJ Pine 16' lengths, Note the FJ Pine is 1/2"" thick and the poplar is 11/16"" thick.",trim-mouldings,Baseboard,11/16 X 9-1/4,0.6875,9.25,Poplar,,9-1/4 contemporary step bevel baseboard 932,,https://www.royalwoodshop.com/wp-content/uploads/2021/04/bas-932-3D.jpg,54,published,9-14-contemporary-step-bevel-baseboard-932
2090,modern-oak-handrail-2l1,HAN-2L1,Modern Oak Handrail,,trim-mouldings,Railings,1-3/4 x 2-1/2,1.75,2.5,OAK and Maple,,Modern Oak Handrail,,https://www.royalwoodshop.com/wp-content/uploads/2022/01/han-2L1-3d.jpg,27,published,modern-oak-handrail-2l1
2091,square-backband-1e5,BAC-1E5,Square Backband 1E5,,trim-mouldings,Backband,13/16 X 1-1/4,0.8125,1.25,Poplar,,Square Backband 1E5,,https://www.royalwoodshop.com/wp-content/uploads/2022/01/bac-1e5-3d.jpg,16,published,square-backband-1e5
2092,contemporary-door-stop-1m6,STO-1M6,Contemporary Door Stop 1M6,,trim-mouldings,Door Stop,5/16 X 1-1/4,0.3125,1.25,FJ Primed Pine,,Contemporary Door Stop 1M6,,https://www.royalwoodshop.com/wp-content/uploads/2022/01/STO-1M6-3D.jpg,23,published,contemporary-door-stop-1m6
