from_path,to_path,status_code
/upcp_product/sho-moulding-sho305f/,/products/trim-mouldings/sho-moulding-sho305f/,301
/mouldings/product/sho-moulding-sho305f/,/products/trim-mouldings/sho-moulding-sho305f/,301
/interior-doors/product/sho-moulding-sho305f/,/products/trim-mouldings/sho-moulding-sho305f/,301
/doors/product/sho-moulding-sho305f/,/products/trim-mouldings/sho-moulding-sho305f/,301
/upcp_product/architrave-pediment-arc401/,/products/trim-mouldings/architrave-pediment-arc401/,301
/mouldings/product/architrave-pediment-arc401/,/products/trim-mouldings/architrave-pediment-arc401/,301
/interior-doors/product/architrave-pediment-arc401/,/products/trim-mouldings/architrave-pediment-arc401/,301
/doors/product/architrave-pediment-arc401/,/products/trim-mouldings/architrave-pediment-arc401/,301
/upcp_product/backband-moulding-bac1d2/,/products/trim-mouldings/backband-moulding-bac1d2/,301
/mouldings/product/backband-moulding-bac1d2/,/products/trim-mouldings/backband-moulding-bac1d2/,301
/interior-doors/product/backband-moulding-bac1d2/,/products/trim-mouldings/backband-moulding-bac1d2/,301
/doors/product/backband-moulding-bac1d2/,/products/trim-mouldings/backband-moulding-bac1d2/,301
/upcp_product/large-modern-transitional-backband-moulding-bac1l0/,/products/trim-mouldings/large-modern-transitional-backband-moulding-bac1l0/,301
/mouldings/product/large-modern-transitional-backband-moulding-bac1l0/,/products/trim-mouldings/large-modern-transitional-backband-moulding-bac1l0/,301
/interior-doors/product/large-modern-transitional-backband-moulding-bac1l0/,/products/trim-mouldings/large-modern-transitional-backband-moulding-bac1l0/,301
/doors/product/large-modern-transitional-backband-moulding-bac1l0/,/products/trim-mouldings/large-modern-transitional-backband-moulding-bac1l0/,301
/upcp_product/backband-moulding-bac102/,/products/trim-mouldings/backband-moulding-bac102/,301
/mouldings/product/backband-moulding-bac102/,/products/trim-mouldings/backband-moulding-bac102/,301
/interior-doors/product/backband-moulding-bac102/,/products/trim-mouldings/backband-moulding-bac102/,301
/doors/product/backband-moulding-bac102/,/products/trim-mouldings/backband-moulding-bac102/,301
/upcp_product/backband-moulding-colonial-bac121/,/products/trim-mouldings/backband-moulding-colonial-bac121/,301
/mouldings/product/backband-moulding-colonial-bac121/,/products/trim-mouldings/backband-moulding-colonial-bac121/,301
/interior-doors/product/backband-moulding-colonial-bac121/,/products/trim-mouldings/backband-moulding-colonial-bac121/,301
/doors/product/backband-moulding-colonial-bac121/,/products/trim-mouldings/backband-moulding-colonial-bac121/,301
/upcp_product/backband-moulding-modern-transitional-bac154/,/products/trim-mouldings/backband-moulding-modern-transitional-bac154/,301
/mouldings/product/backband-moulding-modern-transitional-bac154/,/products/trim-mouldings/backband-moulding-modern-transitional-bac154/,301
/interior-doors/product/backband-moulding-modern-transitional-bac154/,/products/trim-mouldings/backband-moulding-modern-transitional-bac154/,301
/doors/product/backband-moulding-modern-transitional-bac154/,/products/trim-mouldings/backband-moulding-modern-transitional-bac154/,301
/upcp_product/backband-moulding-large-traditional-heritage-bac-174/,/products/trim-mouldings/backband-moulding-large-traditional-heritage-bac-174/,301
/mouldings/product/backband-moulding-large-traditional-heritage-bac-174/,/products/trim-mouldings/backband-moulding-large-traditional-heritage-bac-174/,301
/interior-doors/product/backband-moulding-large-traditional-heritage-bac-174/,/products/trim-mouldings/backband-moulding-large-traditional-heritage-bac-174/,301
/doors/product/backband-moulding-large-traditional-heritage-bac-174/,/products/trim-mouldings/backband-moulding-large-traditional-heritage-bac-174/,301
/upcp_product/two-inch-door-stop-moulding-bac200/,/products/trim-mouldings/two-inch-door-stop-moulding-bac200/,301
/mouldings/product/two-inch-door-stop-moulding-bac200/,/products/trim-mouldings/two-inch-door-stop-moulding-bac200/,301
/interior-doors/product/two-inch-door-stop-moulding-bac200/,/products/trim-mouldings/two-inch-door-stop-moulding-bac200/,301
/doors/product/two-inch-door-stop-moulding-bac200/,/products/trim-mouldings/two-inch-door-stop-moulding-bac200/,301
/upcp_product/backerstrip-bac205/,/products/trim-mouldings/backerstrip-bac205/,301
/mouldings/product/backerstrip-bac205/,/products/trim-mouldings/backerstrip-bac205/,301
/interior-doors/product/backerstrip-bac205/,/products/trim-mouldings/backerstrip-bac205/,301
/doors/product/backerstrip-bac205/,/products/trim-mouldings/backerstrip-bac205/,301
/upcp_product/backerstrip-bac405/,/products/trim-mouldings/backerstrip-bac405/,301
/mouldings/product/backerstrip-bac405/,/products/trim-mouldings/backerstrip-bac405/,301
/interior-doors/product/backerstrip-bac405/,/products/trim-mouldings/backerstrip-bac405/,301
/doors/product/backerstrip-bac405/,/products/trim-mouldings/backerstrip-bac405/,301
/upcp_product/backband-moulding-builder-casing-bac4697/,/products/trim-mouldings/backband-moulding-builder-casing-bac4697/,301
/mouldings/product/backband-moulding-builder-casing-bac4697/,/products/trim-mouldings/backband-moulding-builder-casing-bac4697/,301
/interior-doors/product/backband-moulding-builder-casing-bac4697/,/products/trim-mouldings/backband-moulding-builder-casing-bac4697/,301
/doors/product/backband-moulding-builder-casing-bac4697/,/products/trim-mouldings/backband-moulding-builder-casing-bac4697/,301
/upcp_product/bar-railing-bar301/,/products/trim-mouldings/bar-railing-bar301/,301
/mouldings/product/bar-railing-bar301/,/products/trim-mouldings/bar-railing-bar301/,301
/interior-doors/product/bar-railing-bar301/,/products/trim-mouldings/bar-railing-bar301/,301
/doors/product/bar-railing-bar301/,/products/trim-mouldings/bar-railing-bar301/,301
/upcp_product/baseboard-plain-5-inch-bas5ar/,/products/trim-mouldings/baseboard-plain-5-inch-bas5ar/,301
/mouldings/product/baseboard-plain-5-inch-bas5ar/,/products/trim-mouldings/baseboard-plain-5-inch-bas5ar/,301
/interior-doors/product/baseboard-plain-5-inch-bas5ar/,/products/trim-mouldings/baseboard-plain-5-inch-bas5ar/,301
/doors/product/baseboard-plain-5-inch-bas5ar/,/products/trim-mouldings/baseboard-plain-5-inch-bas5ar/,301
/upcp_product/baseboard-regal-5-inch-bas5c9/,/products/trim-mouldings/baseboard-regal-5-inch-bas5c9/,301
/mouldings/product/baseboard-regal-5-inch-bas5c9/,/products/trim-mouldings/baseboard-regal-5-inch-bas5c9/,301
/interior-doors/product/baseboard-regal-5-inch-bas5c9/,/products/trim-mouldings/baseboard-regal-5-inch-bas5c9/,301
/doors/product/baseboard-regal-5-inch-bas5c9/,/products/trim-mouldings/baseboard-regal-5-inch-bas5c9/,301
/upcp_product/baseboard-ornamental-5-inch-bas5e9/,/products/trim-mouldings/baseboard-ornamental-5-inch-bas5e9/,301
/mouldings/product/baseboard-ornamental-5-inch-bas5e9/,/products/trim-mouldings/baseboard-ornamental-5-inch-bas5e9/,301
/interior-doors/product/baseboard-ornamental-5-inch-bas5e9/,/products/trim-mouldings/baseboard-ornamental-5-inch-bas5e9/,301
/doors/product/baseboard-ornamental-5-inch-bas5e9/,/products/trim-mouldings/baseboard-ornamental-5-inch-bas5e9/,301
/upcp_product/baseboard-modern-transitional-5-inch-bas5m7/,/products/trim-mouldings/baseboard-modern-transitional-5-inch-bas5m7/,301
/mouldings/product/baseboard-modern-transitional-5-inch-bas5m7/,/products/trim-mouldings/baseboard-modern-transitional-5-inch-bas5m7/,301
/interior-doors/product/baseboard-modern-transitional-5-inch-bas5m7/,/products/trim-mouldings/baseboard-modern-transitional-5-inch-bas5m7/,301
/doors/product/baseboard-modern-transitional-5-inch-bas5m7/,/products/trim-mouldings/baseboard-modern-transitional-5-inch-bas5m7/,301
/upcp_product/baseboard-ogee-5-inch-bas5y0/,/products/trim-mouldings/baseboard-ogee-5-inch-bas5y0/,301
/mouldings/product/baseboard-ogee-5-inch-bas5y0/,/products/trim-mouldings/baseboard-ogee-5-inch-bas5y0/,301
/interior-doors/product/baseboard-ogee-5-inch-bas5y0/,/products/trim-mouldings/baseboard-ogee-5-inch-bas5y0/,301
/doors/product/baseboard-ogee-5-inch-bas5y0/,/products/trim-mouldings/baseboard-ogee-5-inch-bas5y0/,301
/upcp_product/baseboard-regal-7-inch-bas7a1/,/products/trim-mouldings/baseboard-regal-7-inch-bas7a1/,301
/mouldings/product/baseboard-regal-7-inch-bas7a1/,/products/trim-mouldings/baseboard-regal-7-inch-bas7a1/,301
/interior-doors/product/baseboard-regal-7-inch-bas7a1/,/products/trim-mouldings/baseboard-regal-7-inch-bas7a1/,301
/doors/product/baseboard-regal-7-inch-bas7a1/,/products/trim-mouldings/baseboard-regal-7-inch-bas7a1/,301
/upcp_product/baseboard-modern-transitional-7-inch-bas7a7/,/products/trim-mouldings/baseboard-modern-transitional-7-inch-bas7a7/,301
/mouldings/product/baseboard-modern-transitional-7-inch-bas7a7/,/products/trim-mouldings/baseboard-modern-transitional-7-inch-bas7a7/,301
/interior-doors/product/baseboard-modern-transitional-7-inch-bas7a7/,/products/trim-mouldings/baseboard-modern-transitional-7-inch-bas7a7/,301
/doors/product/baseboard-modern-transitional-7-inch-bas7a7/,/products/trim-mouldings/baseboard-modern-transitional-7-inch-bas7a7/,301
/upcp_product/baseboard-ogee-7-inch-bas7k2/,/products/trim-mouldings/baseboard-ogee-7-inch-bas7k2/,301
/mouldings/product/baseboard-ogee-7-inch-bas7k2/,/products/trim-mouldings/baseboard-ogee-7-inch-bas7k2/,301
/interior-doors/product/baseboard-ogee-7-inch-bas7k2/,/products/trim-mouldings/baseboard-ogee-7-inch-bas7k2/,301
/doors/product/baseboard-ogee-7-inch-bas7k2/,/products/trim-mouldings/baseboard-ogee-7-inch-bas7k2/,301
/upcp_product/baseboard-modern-7-inch-bas7k3/,/products/trim-mouldings/baseboard-modern-7-inch-bas7k3/,301
/mouldings/product/baseboard-modern-7-inch-bas7k3/,/products/trim-mouldings/baseboard-modern-7-inch-bas7k3/,301
/interior-doors/product/baseboard-modern-7-inch-bas7k3/,/products/trim-mouldings/baseboard-modern-7-inch-bas7k3/,301
/doors/product/baseboard-modern-7-inch-bas7k3/,/products/trim-mouldings/baseboard-modern-7-inch-bas7k3/,301
/upcp_product/baseboard-plain-7-inch-bas7t2/,/products/trim-mouldings/baseboard-plain-7-inch-bas7t2/,301
/mouldings/product/baseboard-plain-7-inch-bas7t2/,/products/trim-mouldings/baseboard-plain-7-inch-bas7t2/,301
/interior-doors/product/baseboard-plain-7-inch-bas7t2/,/products/trim-mouldings/baseboard-plain-7-inch-bas7t2/,301
/doors/product/baseboard-plain-7-inch-bas7t2/,/products/trim-mouldings/baseboard-plain-7-inch-bas7t2/,301
/upcp_product/basecap-moulding-bas100/,/products/trim-mouldings/basecap-moulding-bas100/,301
/mouldings/product/basecap-moulding-bas100/,/products/trim-mouldings/basecap-moulding-bas100/,301
/interior-doors/product/basecap-moulding-bas100/,/products/trim-mouldings/basecap-moulding-bas100/,301
/doors/product/basecap-moulding-bas100/,/products/trim-mouldings/basecap-moulding-bas100/,301
/upcp_product/basecap-moulding-bas100__trashed/,/products/trim-mouldings/basecap-moulding-bas100/,301
/mouldings/product/basecap-moulding-bas100__trashed/,/products/trim-mouldings/basecap-moulding-bas100/,301
/interior-doors/product/basecap-moulding-bas100__trashed/,/products/trim-mouldings/basecap-moulding-bas100/,301
/doors/product/basecap-moulding-bas100__trashed/,/products/trim-mouldings/basecap-moulding-bas100/,301
/upcp_product/baseboard-colonial-3-inch-bas300/,/products/trim-mouldings/baseboard-colonial-3-inch-bas300/,301
/mouldings/product/baseboard-colonial-3-inch-bas300/,/products/trim-mouldings/baseboard-colonial-3-inch-bas300/,301
/interior-doors/product/baseboard-colonial-3-inch-bas300/,/products/trim-mouldings/baseboard-colonial-3-inch-bas300/,301
/doors/product/baseboard-colonial-3-inch-bas300/,/products/trim-mouldings/baseboard-colonial-3-inch-bas300/,301
/upcp_product/baseboard-thin-flat-plain-3-inch-bas301/,/products/trim-mouldings/baseboard-thin-flat-plain-3-inch-bas301/,301
/mouldings/product/baseboard-thin-flat-plain-3-inch-bas301/,/products/trim-mouldings/baseboard-thin-flat-plain-3-inch-bas301/,301
/interior-doors/product/baseboard-thin-flat-plain-3-inch-bas301/,/products/trim-mouldings/baseboard-thin-flat-plain-3-inch-bas301/,301
/doors/product/baseboard-thin-flat-plain-3-inch-bas301/,/products/trim-mouldings/baseboard-thin-flat-plain-3-inch-bas301/,301
/upcp_product/baseboard-two-step-3-inch-bas306/,/products/trim-mouldings/baseboard-two-step-3-inch-bas306/,301
/mouldings/product/baseboard-two-step-3-inch-bas306/,/products/trim-mouldings/baseboard-two-step-3-inch-bas306/,301
/interior-doors/product/baseboard-two-step-3-inch-bas306/,/products/trim-mouldings/baseboard-two-step-3-inch-bas306/,301
/doors/product/baseboard-two-step-3-inch-bas306/,/products/trim-mouldings/baseboard-two-step-3-inch-bas306/,301
/upcp_product/baseboard-colonial-4-inch-bas400/,/products/trim-mouldings/baseboard-colonial-4-inch-bas400/,301
/mouldings/product/baseboard-colonial-4-inch-bas400/,/products/trim-mouldings/baseboard-colonial-4-inch-bas400/,301
/interior-doors/product/baseboard-colonial-4-inch-bas400/,/products/trim-mouldings/baseboard-colonial-4-inch-bas400/,301
/doors/product/baseboard-colonial-4-inch-bas400/,/products/trim-mouldings/baseboard-colonial-4-inch-bas400/,301
/upcp_product/baseboard-contemporary-4-inch-bas405/,/products/trim-mouldings/baseboard-contemporary-4-inch-bas405/,301
/mouldings/product/baseboard-contemporary-4-inch-bas405/,/products/trim-mouldings/baseboard-contemporary-4-inch-bas405/,301
/interior-doors/product/baseboard-contemporary-4-inch-bas405/,/products/trim-mouldings/baseboard-contemporary-4-inch-bas405/,301
/doors/product/baseboard-contemporary-4-inch-bas405/,/products/trim-mouldings/baseboard-contemporary-4-inch-bas405/,301
/upcp_product/baseboard-plain-flat-4-inch-bas411/,/products/trim-mouldings/baseboard-plain-flat-4-inch-bas411/,301
/mouldings/product/baseboard-plain-flat-4-inch-bas411/,/products/trim-mouldings/baseboard-plain-flat-4-inch-bas411/,301
/interior-doors/product/baseboard-plain-flat-4-inch-bas411/,/products/trim-mouldings/baseboard-plain-flat-4-inch-bas411/,301
/doors/product/baseboard-plain-flat-4-inch-bas411/,/products/trim-mouldings/baseboard-plain-flat-4-inch-bas411/,301
/upcp_product/baseboard-2-step-4-inch-bas412/,/products/trim-mouldings/baseboard-2-step-4-inch-bas412/,301
/mouldings/product/baseboard-2-step-4-inch-bas412/,/products/trim-mouldings/baseboard-2-step-4-inch-bas412/,301
/interior-doors/product/baseboard-2-step-4-inch-bas412/,/products/trim-mouldings/baseboard-2-step-4-inch-bas412/,301
/doors/product/baseboard-2-step-4-inch-bas412/,/products/trim-mouldings/baseboard-2-step-4-inch-bas412/,301
/upcp_product/baseboard-colonial-5-inch-bas503/,/products/trim-mouldings/baseboard-colonial-5-inch-bas503/,301
/mouldings/product/baseboard-colonial-5-inch-bas503/,/products/trim-mouldings/baseboard-colonial-5-inch-bas503/,301
/interior-doors/product/baseboard-colonial-5-inch-bas503/,/products/trim-mouldings/baseboard-colonial-5-inch-bas503/,301
/doors/product/baseboard-colonial-5-inch-bas503/,/products/trim-mouldings/baseboard-colonial-5-inch-bas503/,301
/upcp_product/baseboard-bevel-5-inch-bas508/,/products/trim-mouldings/baseboard-bevel-5-inch-bas508/,301
/mouldings/product/baseboard-bevel-5-inch-bas508/,/products/trim-mouldings/baseboard-bevel-5-inch-bas508/,301
/interior-doors/product/baseboard-bevel-5-inch-bas508/,/products/trim-mouldings/baseboard-bevel-5-inch-bas508/,301
/doors/product/baseboard-bevel-5-inch-bas508/,/products/trim-mouldings/baseboard-bevel-5-inch-bas508/,301
/upcp_product/baseboard-2-step-5-inch-bas509/,/products/trim-mouldings/baseboard-2-step-5-inch-bas509/,301
/mouldings/product/baseboard-2-step-5-inch-bas509/,/products/trim-mouldings/baseboard-2-step-5-inch-bas509/,301
/interior-doors/product/baseboard-2-step-5-inch-bas509/,/products/trim-mouldings/baseboard-2-step-5-inch-bas509/,301
/doors/product/baseboard-2-step-5-inch-bas509/,/products/trim-mouldings/baseboard-2-step-5-inch-bas509/,301
/upcp_product/baseboard-1867-5-inch-bas518/,/products/trim-mouldings/baseboard-1867-5-inch-bas518/,301
/mouldings/product/baseboard-1867-5-inch-bas518/,/products/trim-mouldings/baseboard-1867-5-inch-bas518/,301
/interior-doors/product/baseboard-1867-5-inch-bas518/,/products/trim-mouldings/baseboard-1867-5-inch-bas518/,301
/doors/product/baseboard-1867-5-inch-bas518/,/products/trim-mouldings/baseboard-1867-5-inch-bas518/,301
/upcp_product/baseboard-builder-colonial-4-inch-bas0608/,/products/trim-mouldings/baseboard-builder-colonial-4-inch-bas0608/,301
/mouldings/product/baseboard-builder-colonial-4-inch-bas0608/,/products/trim-mouldings/baseboard-builder-colonial-4-inch-bas0608/,301
/interior-doors/product/baseboard-builder-colonial-4-inch-bas0608/,/products/trim-mouldings/baseboard-builder-colonial-4-inch-bas0608/,301
/doors/product/baseboard-builder-colonial-4-inch-bas0608/,/products/trim-mouldings/baseboard-builder-colonial-4-inch-bas0608/,301
/upcp_product/baseboard-2-step-7-inch-bas701/,/products/trim-mouldings/baseboard-2-step-7-inch-bas701/,301
/mouldings/product/baseboard-2-step-7-inch-bas701/,/products/trim-mouldings/baseboard-2-step-7-inch-bas701/,301
/interior-doors/product/baseboard-2-step-7-inch-bas701/,/products/trim-mouldings/baseboard-2-step-7-inch-bas701/,301
/doors/product/baseboard-2-step-7-inch-bas701/,/products/trim-mouldings/baseboard-2-step-7-inch-bas701/,301
/upcp_product/baseboard-1867-7-inch-bas702/,/products/trim-mouldings/baseboard-1867-7-inch-bas702/,301
/mouldings/product/baseboard-1867-7-inch-bas702/,/products/trim-mouldings/baseboard-1867-7-inch-bas702/,301
/interior-doors/product/baseboard-1867-7-inch-bas702/,/products/trim-mouldings/baseboard-1867-7-inch-bas702/,301
/doors/product/baseboard-1867-7-inch-bas702/,/products/trim-mouldings/baseboard-1867-7-inch-bas702/,301
/upcp_product/baseboard-colonial-7-inch-bas704/,/products/trim-mouldings/baseboard-colonial-7-inch-bas704/,301
/mouldings/product/baseboard-colonial-7-inch-bas704/,/products/trim-mouldings/baseboard-colonial-7-inch-bas704/,301
/interior-doors/product/baseboard-colonial-7-inch-bas704/,/products/trim-mouldings/baseboard-colonial-7-inch-bas704/,301
/doors/product/baseboard-colonial-7-inch-bas704/,/products/trim-mouldings/baseboard-colonial-7-inch-bas704/,301
/upcp_product/baseboard-sharp-bevel-7-inch-bas712/,/products/trim-mouldings/baseboard-sharp-bevel-7-inch-bas712/,301
/mouldings/product/baseboard-sharp-bevel-7-inch-bas712/,/products/trim-mouldings/baseboard-sharp-bevel-7-inch-bas712/,301
/interior-doors/product/baseboard-sharp-bevel-7-inch-bas712/,/products/trim-mouldings/baseboard-sharp-bevel-7-inch-bas712/,301
/doors/product/baseboard-sharp-bevel-7-inch-bas712/,/products/trim-mouldings/baseboard-sharp-bevel-7-inch-bas712/,301
/upcp_product/baseboard-ornamental-7-inch-bas773/,/products/trim-mouldings/baseboard-ornamental-7-inch-bas773/,301
/mouldings/product/baseboard-ornamental-7-inch-bas773/,/products/trim-mouldings/baseboard-ornamental-7-inch-bas773/,301
/interior-doors/product/baseboard-ornamental-7-inch-bas773/,/products/trim-mouldings/baseboard-ornamental-7-inch-bas773/,301
/doors/product/baseboard-ornamental-7-inch-bas773/,/products/trim-mouldings/baseboard-ornamental-7-inch-bas773/,301
/upcp_product/baseboard-antique-7-inch-bas-785/,/products/trim-mouldings/baseboard-antique-7-inch-bas-785/,301
/mouldings/product/baseboard-antique-7-inch-bas-785/,/products/trim-mouldings/baseboard-antique-7-inch-bas-785/,301
/interior-doors/product/baseboard-antique-7-inch-bas-785/,/products/trim-mouldings/baseboard-antique-7-inch-bas-785/,301
/doors/product/baseboard-antique-7-inch-bas-785/,/products/trim-mouldings/baseboard-antique-7-inch-bas-785/,301
/upcp_product/baseboard-provincial-8-inch-bas803/,/products/trim-mouldings/baseboard-provincial-8-inch-bas803/,301
/mouldings/product/baseboard-provincial-8-inch-bas803/,/products/trim-mouldings/baseboard-provincial-8-inch-bas803/,301
/interior-doors/product/baseboard-provincial-8-inch-bas803/,/products/trim-mouldings/baseboard-provincial-8-inch-bas803/,301
/doors/product/baseboard-provincial-8-inch-bas803/,/products/trim-mouldings/baseboard-provincial-8-inch-bas803/,301
/upcp_product/baseboard-imperial-7-inch-bas6749/,/products/trim-mouldings/baseboard-imperial-7-inch-bas6749/,301
/mouldings/product/baseboard-imperial-7-inch-bas6749/,/products/trim-mouldings/baseboard-imperial-7-inch-bas6749/,301
/interior-doors/product/baseboard-imperial-7-inch-bas6749/,/products/trim-mouldings/baseboard-imperial-7-inch-bas6749/,301
/doors/product/baseboard-imperial-7-inch-bas6749/,/products/trim-mouldings/baseboard-imperial-7-inch-bas6749/,301
/upcp_product/baseboard-colonial-4-inch-bas7706mdf/,/products/trim-mouldings/baseboard-colonial-4-inch-bas7706mdf/,301
/mouldings/product/baseboard-colonial-4-inch-bas7706mdf/,/products/trim-mouldings/baseboard-colonial-4-inch-bas7706mdf/,301
/interior-doors/product/baseboard-colonial-4-inch-bas7706mdf/,/products/trim-mouldings/baseboard-colonial-4-inch-bas7706mdf/,301
/doors/product/baseboard-colonial-4-inch-bas7706mdf/,/products/trim-mouldings/baseboard-colonial-4-inch-bas7706mdf/,301
/upcp_product/baseboard-1867-6-inch-bas8263mdf/,/products/trim-mouldings/baseboard-1867-6-inch-bas8263mdf/,301
/mouldings/product/baseboard-1867-6-inch-bas8263mdf/,/products/trim-mouldings/baseboard-1867-6-inch-bas8263mdf/,301
/interior-doors/product/baseboard-1867-6-inch-bas8263mdf/,/products/trim-mouldings/baseboard-1867-6-inch-bas8263mdf/,301
/doors/product/baseboard-1867-6-inch-bas8263mdf/,/products/trim-mouldings/baseboard-1867-6-inch-bas8263mdf/,301
/upcp_product/beadmould-bea001/,/products/trim-mouldings/beadmould-bea001/,301
/mouldings/product/beadmould-bea001/,/products/trim-mouldings/beadmould-bea001/,301
/interior-doors/product/beadmould-bea001/,/products/trim-mouldings/beadmould-bea001/,301
/doors/product/beadmould-bea001/,/products/trim-mouldings/beadmould-bea001/,301
/upcp_product/beadmould-bea100/,/products/trim-mouldings/beadmould-bea100/,301
/mouldings/product/beadmould-bea100/,/products/trim-mouldings/beadmould-bea100/,301
/interior-doors/product/beadmould-bea100/,/products/trim-mouldings/beadmould-bea100/,301
/doors/product/beadmould-bea100/,/products/trim-mouldings/beadmould-bea100/,301
/upcp_product/beadmould-bea116/,/products/trim-mouldings/beadmould-bea116/,301
/mouldings/product/beadmould-bea116/,/products/trim-mouldings/beadmould-bea116/,301
/interior-doors/product/beadmould-bea116/,/products/trim-mouldings/beadmould-bea116/,301
/doors/product/beadmould-bea116/,/products/trim-mouldings/beadmould-bea116/,301
/upcp_product/bedmould-bed001/,/products/trim-mouldings/bedmould-bed001/,301
/mouldings/product/bedmould-bed001/,/products/trim-mouldings/bedmould-bed001/,301
/interior-doors/product/bedmould-bed001/,/products/trim-mouldings/bedmould-bed001/,301
/doors/product/bedmould-bed001/,/products/trim-mouldings/bedmould-bed001/,301
/upcp_product/bedmould-bed100/,/products/trim-mouldings/bedmould-bed100/,301
/mouldings/product/bedmould-bed100/,/products/trim-mouldings/bedmould-bed100/,301
/interior-doors/product/bedmould-bed100/,/products/trim-mouldings/bedmould-bed100/,301
/doors/product/bedmould-bed100/,/products/trim-mouldings/bedmould-bed100/,301
/upcp_product/bedmould-bed201/,/products/trim-mouldings/bedmould-bed201/,301
/mouldings/product/bedmould-bed201/,/products/trim-mouldings/bedmould-bed201/,301
/interior-doors/product/bedmould-bed201/,/products/trim-mouldings/bedmould-bed201/,301
/doors/product/bedmould-bed201/,/products/trim-mouldings/bedmould-bed201/,301
/upcp_product/brickmould-bri103/,/products/trim-mouldings/brickmould-bri103/,301
/mouldings/product/brickmould-bri103/,/products/trim-mouldings/brickmould-bri103/,301
/interior-doors/product/brickmould-bri103/,/products/trim-mouldings/brickmould-bri103/,301
/doors/product/brickmould-bri103/,/products/trim-mouldings/brickmould-bri103/,301
/upcp_product/brickmould-bri531-pvc/,/products/trim-mouldings/brickmould-bri531-pvc/,301
/mouldings/product/brickmould-bri531-pvc/,/products/trim-mouldings/brickmould-bri531-pvc/,301
/interior-doors/product/brickmould-bri531-pvc/,/products/trim-mouldings/brickmould-bri531-pvc/,301
/doors/product/brickmould-bri531-pvc/,/products/trim-mouldings/brickmould-bri531-pvc/,301
/upcp_product/burlap-decorative-bur101/,/products/trim-mouldings/burlap-decorative-bur101/,301
/mouldings/product/burlap-decorative-bur101/,/products/trim-mouldings/burlap-decorative-bur101/,301
/interior-doors/product/burlap-decorative-bur101/,/products/trim-mouldings/burlap-decorative-bur101/,301
/doors/product/burlap-decorative-bur101/,/products/trim-mouldings/burlap-decorative-bur101/,301
/upcp_product/burlap-decorative-bur102/,/products/trim-mouldings/burlap-decorative-bur102/,301
/mouldings/product/burlap-decorative-bur102/,/products/trim-mouldings/burlap-decorative-bur102/,301
/interior-doors/product/burlap-decorative-bur102/,/products/trim-mouldings/burlap-decorative-bur102/,301
/doors/product/burlap-decorative-bur102/,/products/trim-mouldings/burlap-decorative-bur102/,301
/upcp_product/burlap-bullnose-bur105/,/products/trim-mouldings/burlap-bullnose-bur105/,301
/mouldings/product/burlap-bullnose-bur105/,/products/trim-mouldings/burlap-bullnose-bur105/,301
/interior-doors/product/burlap-bullnose-bur105/,/products/trim-mouldings/burlap-bullnose-bur105/,301
/doors/product/burlap-bullnose-bur105/,/products/trim-mouldings/burlap-bullnose-bur105/,301
/upcp_product/burlap-bullnose-bur106/,/products/trim-mouldings/burlap-bullnose-bur106/,301
/mouldings/product/burlap-bullnose-bur106/,/products/trim-mouldings/burlap-bullnose-bur106/,301
/interior-doors/product/burlap-bullnose-bur106/,/products/trim-mouldings/burlap-bullnose-bur106/,301
/doors/product/burlap-bullnose-bur106/,/products/trim-mouldings/burlap-bullnose-bur106/,301
/upcp_product/burlap-decorative-bur201/,/products/trim-mouldings/burlap-decorative-bur201/,301
/mouldings/product/burlap-decorative-bur201/,/products/trim-mouldings/burlap-decorative-bur201/,301
/interior-doors/product/burlap-decorative-bur201/,/products/trim-mouldings/burlap-decorative-bur201/,301
/doors/product/burlap-decorative-bur201/,/products/trim-mouldings/burlap-decorative-bur201/,301
/upcp_product/cap-mould-cap100/,/products/trim-mouldings/cap-mould-cap100/,301
/mouldings/product/cap-mould-cap100/,/products/trim-mouldings/cap-mould-cap100/,301
/interior-doors/product/cap-mould-cap100/,/products/trim-mouldings/cap-mould-cap100/,301
/doors/product/cap-mould-cap100/,/products/trim-mouldings/cap-mould-cap100/,301
/upcp_product/cap-mould-cap104/,/products/trim-mouldings/cap-mould-cap104/,301
/mouldings/product/cap-mould-cap104/,/products/trim-mouldings/cap-mould-cap104/,301
/interior-doors/product/cap-mould-cap104/,/products/trim-mouldings/cap-mould-cap104/,301
/doors/product/cap-mould-cap104/,/products/trim-mouldings/cap-mould-cap104/,301
/upcp_product/cap-mould-cap109/,/products/trim-mouldings/cap-mould-cap109/,301
/mouldings/product/cap-mould-cap109/,/products/trim-mouldings/cap-mould-cap109/,301
/interior-doors/product/cap-mould-cap109/,/products/trim-mouldings/cap-mould-cap109/,301
/doors/product/cap-mould-cap109/,/products/trim-mouldings/cap-mould-cap109/,301
/upcp_product/cap-mould-cap200/,/products/trim-mouldings/cap-mould-cap200/,301
/mouldings/product/cap-mould-cap200/,/products/trim-mouldings/cap-mould-cap200/,301
/interior-doors/product/cap-mould-cap200/,/products/trim-mouldings/cap-mould-cap200/,301
/doors/product/cap-mould-cap200/,/products/trim-mouldings/cap-mould-cap200/,301
/upcp_product/cap-mould-cap222/,/products/trim-mouldings/cap-mould-cap222/,301
/mouldings/product/cap-mould-cap222/,/products/trim-mouldings/cap-mould-cap222/,301
/interior-doors/product/cap-mould-cap222/,/products/trim-mouldings/cap-mould-cap222/,301
/doors/product/cap-mould-cap222/,/products/trim-mouldings/cap-mould-cap222/,301
/upcp_product/casing-regal-cas2f2/,/products/trim-mouldings/casing-regal-cas2f2/,301
/mouldings/product/casing-regal-cas2f2/,/products/trim-mouldings/casing-regal-cas2f2/,301
/interior-doors/product/casing-regal-cas2f2/,/products/trim-mouldings/casing-regal-cas2f2/,301
/doors/product/casing-regal-cas2f2/,/products/trim-mouldings/casing-regal-cas2f2/,301
/upcp_product/casing-cove-cas2f3/,/products/trim-mouldings/casing-cove-cas2f3/,301
/mouldings/product/casing-cove-cas2f3/,/products/trim-mouldings/casing-cove-cas2f3/,301
/interior-doors/product/casing-cove-cas2f3/,/products/trim-mouldings/casing-cove-cas2f3/,301
/doors/product/casing-cove-cas2f3/,/products/trim-mouldings/casing-cove-cas2f3/,301
/upcp_product/casing-transitional-cas2m4/,/products/trim-mouldings/casing-transitional-cas2m4/,301
/mouldings/product/casing-transitional-cas2m4/,/products/trim-mouldings/casing-transitional-cas2m4/,301
/interior-doors/product/casing-transitional-cas2m4/,/products/trim-mouldings/casing-transitional-cas2m4/,301
/doors/product/casing-transitional-cas2m4/,/products/trim-mouldings/casing-transitional-cas2m4/,301
/upcp_product/casing-ogee-cas2u4/,/products/trim-mouldings/casing-ogee-cas2u4/,301
/mouldings/product/casing-ogee-cas2u4/,/products/trim-mouldings/casing-ogee-cas2u4/,301
/interior-doors/product/casing-ogee-cas2u4/,/products/trim-mouldings/casing-ogee-cas2u4/,301
/doors/product/casing-ogee-cas2u4/,/products/trim-mouldings/casing-ogee-cas2u4/,301
/upcp_product/casing-plain-cas2x5/,/products/trim-mouldings/casing-plain-cas2x5/,301
/mouldings/product/casing-plain-cas2x5/,/products/trim-mouldings/casing-plain-cas2x5/,301
/interior-doors/product/casing-plain-cas2x5/,/products/trim-mouldings/casing-plain-cas2x5/,301
/doors/product/casing-plain-cas2x5/,/products/trim-mouldings/casing-plain-cas2x5/,301
/upcp_product/casing-plain-cas3ew/,/products/trim-mouldings/casing-plain-cas3ew/,301
/mouldings/product/casing-plain-cas3ew/,/products/trim-mouldings/casing-plain-cas3ew/,301
/interior-doors/product/casing-plain-cas3ew/,/products/trim-mouldings/casing-plain-cas3ew/,301
/doors/product/casing-plain-cas3ew/,/products/trim-mouldings/casing-plain-cas3ew/,301
/upcp_product/casing-ornamental-cas-3f5/,/products/trim-mouldings/casing-ornamental-cas-3f5/,301
/mouldings/product/casing-ornamental-cas-3f5/,/products/trim-mouldings/casing-ornamental-cas-3f5/,301
/interior-doors/product/casing-ornamental-cas-3f5/,/products/trim-mouldings/casing-ornamental-cas-3f5/,301
/doors/product/casing-ornamental-cas-3f5/,/products/trim-mouldings/casing-ornamental-cas-3f5/,301
/upcp_product/casing-antique-cas3f6/,/products/trim-mouldings/casing-antique-cas3f6/,301
/mouldings/product/casing-antique-cas3f6/,/products/trim-mouldings/casing-antique-cas3f6/,301
/interior-doors/product/casing-antique-cas3f6/,/products/trim-mouldings/casing-antique-cas3f6/,301
/doors/product/casing-antique-cas3f6/,/products/trim-mouldings/casing-antique-cas3f6/,301
/upcp_product/casing-regal-cas3j8/,/products/trim-mouldings/casing-regal-cas3j8/,301
/mouldings/product/casing-regal-cas3j8/,/products/trim-mouldings/casing-regal-cas3j8/,301
/interior-doors/product/casing-regal-cas3j8/,/products/trim-mouldings/casing-regal-cas3j8/,301
/doors/product/casing-regal-cas3j8/,/products/trim-mouldings/casing-regal-cas3j8/,301
/upcp_product/casing-bevel-cas3t2/,/products/trim-mouldings/casing-bevel-cas3t2/,301
/mouldings/product/casing-bevel-cas3t2/,/products/trim-mouldings/casing-bevel-cas3t2/,301
/interior-doors/product/casing-bevel-cas3t2/,/products/trim-mouldings/casing-bevel-cas3t2/,301
/doors/product/casing-bevel-cas3t2/,/products/trim-mouldings/casing-bevel-cas3t2/,301
/upcp_product/casing-ogee-cas3v6/,/products/trim-mouldings/casing-ogee-cas3v6/,301
/mouldings/product/casing-ogee-cas3v6/,/products/trim-mouldings/casing-ogee-cas3v6/,301
/interior-doors/product/casing-ogee-cas3v6/,/products/trim-mouldings/casing-ogee-cas3v6/,301
/doors/product/casing-ogee-cas3v6/,/products/trim-mouldings/casing-ogee-cas3v6/,301
/upcp_product/casing-modern-linear-cas3x8/,/products/trim-mouldings/casing-modern-linear-cas3x8/,301
/mouldings/product/casing-modern-linear-cas3x8/,/products/trim-mouldings/casing-modern-linear-cas3x8/,301
/interior-doors/product/casing-modern-linear-cas3x8/,/products/trim-mouldings/casing-modern-linear-cas3x8/,301
/doors/product/casing-modern-linear-cas3x8/,/products/trim-mouldings/casing-modern-linear-cas3x8/,301
/upcp_product/casing-builder-thin-colonial-cas203/,/products/trim-mouldings/casing-builder-thin-colonial-cas203/,301
/mouldings/product/casing-builder-thin-colonial-cas203/,/products/trim-mouldings/casing-builder-thin-colonial-cas203/,301
/interior-doors/product/casing-builder-thin-colonial-cas203/,/products/trim-mouldings/casing-builder-thin-colonial-cas203/,301
/doors/product/casing-builder-thin-colonial-cas203/,/products/trim-mouldings/casing-builder-thin-colonial-cas203/,301
/upcp_product/casing-colonial-cas206/,/products/trim-mouldings/casing-colonial-cas206/,301
/mouldings/product/casing-colonial-cas206/,/products/trim-mouldings/casing-colonial-cas206/,301
/interior-doors/product/casing-colonial-cas206/,/products/trim-mouldings/casing-colonial-cas206/,301
/doors/product/casing-colonial-cas206/,/products/trim-mouldings/casing-colonial-cas206/,301
/upcp_product/casing-bevel-cas208/,/products/trim-mouldings/casing-bevel-cas208/,301
/mouldings/product/casing-bevel-cas208/,/products/trim-mouldings/casing-bevel-cas208/,301
/interior-doors/product/casing-bevel-cas208/,/products/trim-mouldings/casing-bevel-cas208/,301
/doors/product/casing-bevel-cas208/,/products/trim-mouldings/casing-bevel-cas208/,301
/upcp_product/casing-2-step-cas213/,/products/trim-mouldings/casing-2-step-cas213/,301
/mouldings/product/casing-2-step-cas213/,/products/trim-mouldings/casing-2-step-cas213/,301
/interior-doors/product/casing-2-step-cas213/,/products/trim-mouldings/casing-2-step-cas213/,301
/doors/product/casing-2-step-cas213/,/products/trim-mouldings/casing-2-step-cas213/,301
/upcp_product/casing-bevel-cas214/,/products/trim-mouldings/casing-bevel-cas214/,301
/mouldings/product/casing-bevel-cas214/,/products/trim-mouldings/casing-bevel-cas214/,301
/interior-doors/product/casing-bevel-cas214/,/products/trim-mouldings/casing-bevel-cas214/,301
/doors/product/casing-bevel-cas214/,/products/trim-mouldings/casing-bevel-cas214/,301
/upcp_product/casing-two-step-tudor-cas219/,/products/trim-mouldings/casing-two-step-tudor-cas219/,301
/mouldings/product/casing-two-step-tudor-cas219/,/products/trim-mouldings/casing-two-step-tudor-cas219/,301
/interior-doors/product/casing-two-step-tudor-cas219/,/products/trim-mouldings/casing-two-step-tudor-cas219/,301
/doors/product/casing-two-step-tudor-cas219/,/products/trim-mouldings/casing-two-step-tudor-cas219/,301
/upcp_product/casing-colonial-cas255/,/products/trim-mouldings/casing-colonial-cas255/,301
/mouldings/product/casing-colonial-cas255/,/products/trim-mouldings/casing-colonial-cas255/,301
/interior-doors/product/casing-colonial-cas255/,/products/trim-mouldings/casing-colonial-cas255/,301
/doors/product/casing-colonial-cas255/,/products/trim-mouldings/casing-colonial-cas255/,301
/upcp_product/casing-two-step-tudor-cas300/,/products/trim-mouldings/casing-two-step-tudor-cas300/,301
/mouldings/product/casing-two-step-tudor-cas300/,/products/trim-mouldings/casing-two-step-tudor-cas300/,301
/interior-doors/product/casing-two-step-tudor-cas300/,/products/trim-mouldings/casing-two-step-tudor-cas300/,301
/doors/product/casing-two-step-tudor-cas300/,/products/trim-mouldings/casing-two-step-tudor-cas300/,301
/upcp_product/casing-modern-transitional-cas302/,/products/trim-mouldings/casing-modern-transitional-cas302/,301
/mouldings/product/casing-modern-transitional-cas302/,/products/trim-mouldings/casing-modern-transitional-cas302/,301
/interior-doors/product/casing-modern-transitional-cas302/,/products/trim-mouldings/casing-modern-transitional-cas302/,301
/doors/product/casing-modern-transitional-cas302/,/products/trim-mouldings/casing-modern-transitional-cas302/,301
/upcp_product/casing-symmetrical-heritage-cas305/,/products/trim-mouldings/casing-symmetrical-heritage-cas305/,301
/mouldings/product/casing-symmetrical-heritage-cas305/,/products/trim-mouldings/casing-symmetrical-heritage-cas305/,301
/interior-doors/product/casing-symmetrical-heritage-cas305/,/products/trim-mouldings/casing-symmetrical-heritage-cas305/,301
/doors/product/casing-symmetrical-heritage-cas305/,/products/trim-mouldings/casing-symmetrical-heritage-cas305/,301
/upcp_product/casing-large-colonial-cas314/,/products/trim-mouldings/casing-large-colonial-cas314/,301
/mouldings/product/casing-large-colonial-cas314/,/products/trim-mouldings/casing-large-colonial-cas314/,301
/interior-doors/product/casing-large-colonial-cas314/,/products/trim-mouldings/casing-large-colonial-cas314/,301
/doors/product/casing-large-colonial-cas314/,/products/trim-mouldings/casing-large-colonial-cas314/,301
/upcp_product/casing-1867-cas318/,/products/trim-mouldings/casing-1867-cas318/,301
/mouldings/product/casing-1867-cas318/,/products/trim-mouldings/casing-1867-cas318/,301
/interior-doors/product/casing-1867-cas318/,/products/trim-mouldings/casing-1867-cas318/,301
/doors/product/casing-1867-cas318/,/products/trim-mouldings/casing-1867-cas318/,301
/upcp_product/casing-symmetrical-heritage-cas400/,/products/trim-mouldings/casing-symmetrical-heritage-cas400/,301
/mouldings/product/casing-symmetrical-heritage-cas400/,/products/trim-mouldings/casing-symmetrical-heritage-cas400/,301
/interior-doors/product/casing-symmetrical-heritage-cas400/,/products/trim-mouldings/casing-symmetrical-heritage-cas400/,301
/doors/product/casing-symmetrical-heritage-cas400/,/products/trim-mouldings/casing-symmetrical-heritage-cas400/,301
/upcp_product/casing-4-inch-cas445/,/products/trim-mouldings/casing-4-inch-cas445/,301
/mouldings/product/casing-4-inch-cas445/,/products/trim-mouldings/casing-4-inch-cas445/,301
/interior-doors/product/casing-4-inch-cas445/,/products/trim-mouldings/casing-4-inch-cas445/,301
/doors/product/casing-4-inch-cas445/,/products/trim-mouldings/casing-4-inch-cas445/,301
/upcp_product/casing-colonial-bb-casing/,/products/trim-mouldings/casing-colonial-bb-casing/,301
/mouldings/product/casing-colonial-bb-casing/,/products/trim-mouldings/casing-colonial-bb-casing/,301
/interior-doors/product/casing-colonial-bb-casing/,/products/trim-mouldings/casing-colonial-bb-casing/,301
/doors/product/casing-colonial-bb-casing/,/products/trim-mouldings/casing-colonial-bb-casing/,301
/upcp_product/casing-builder-colonial-cas7705/,/products/trim-mouldings/casing-builder-colonial-cas7705/,301
/mouldings/product/casing-builder-colonial-cas7705/,/products/trim-mouldings/casing-builder-colonial-cas7705/,301
/interior-doors/product/casing-builder-colonial-cas7705/,/products/trim-mouldings/casing-builder-colonial-cas7705/,301
/doors/product/casing-builder-colonial-cas7705/,/products/trim-mouldings/casing-builder-colonial-cas7705/,301
/upcp_product/chair-rail-decorative-moulding-cha106/,/products/trim-mouldings/chair-rail-decorative-moulding-cha106/,301
/mouldings/product/chair-rail-decorative-moulding-cha106/,/products/trim-mouldings/chair-rail-decorative-moulding-cha106/,301
/interior-doors/product/chair-rail-decorative-moulding-cha106/,/products/trim-mouldings/chair-rail-decorative-moulding-cha106/,301
/doors/product/chair-rail-decorative-moulding-cha106/,/products/trim-mouldings/chair-rail-decorative-moulding-cha106/,301
/upcp_product/chair-rail-decorative-moulding-cha110/,/products/trim-mouldings/chair-rail-decorative-moulding-cha110/,301
/mouldings/product/chair-rail-decorative-moulding-cha110/,/products/trim-mouldings/chair-rail-decorative-moulding-cha110/,301
/interior-doors/product/chair-rail-decorative-moulding-cha110/,/products/trim-mouldings/chair-rail-decorative-moulding-cha110/,301
/doors/product/chair-rail-decorative-moulding-cha110/,/products/trim-mouldings/chair-rail-decorative-moulding-cha110/,301
/upcp_product/chair-rail-cha202/,/products/trim-mouldings/chair-rail-cha202/,301
/mouldings/product/chair-rail-cha202/,/products/trim-mouldings/chair-rail-cha202/,301
/interior-doors/product/chair-rail-cha202/,/products/trim-mouldings/chair-rail-cha202/,301
/doors/product/chair-rail-cha202/,/products/trim-mouldings/chair-rail-cha202/,301
/upcp_product/chair-rail-cha204/,/products/trim-mouldings/chair-rail-cha204/,301
/mouldings/product/chair-rail-cha204/,/products/trim-mouldings/chair-rail-cha204/,301
/interior-doors/product/chair-rail-cha204/,/products/trim-mouldings/chair-rail-cha204/,301
/doors/product/chair-rail-cha204/,/products/trim-mouldings/chair-rail-cha204/,301
/upcp_product/chair-rail-cha209/,/products/trim-mouldings/chair-rail-cha209/,301
/mouldings/product/chair-rail-cha209/,/products/trim-mouldings/chair-rail-cha209/,301
/interior-doors/product/chair-rail-cha209/,/products/trim-mouldings/chair-rail-cha209/,301
/doors/product/chair-rail-cha209/,/products/trim-mouldings/chair-rail-cha209/,301
/upcp_product/chair-rail-or-picture-frame-moulding-cha224/,/products/trim-mouldings/chair-rail-or-picture-frame-moulding-cha224/,301
/mouldings/product/chair-rail-or-picture-frame-moulding-cha224/,/products/trim-mouldings/chair-rail-or-picture-frame-moulding-cha224/,301
/interior-doors/product/chair-rail-or-picture-frame-moulding-cha224/,/products/trim-mouldings/chair-rail-or-picture-frame-moulding-cha224/,301
/doors/product/chair-rail-or-picture-frame-moulding-cha224/,/products/trim-mouldings/chair-rail-or-picture-frame-moulding-cha224/,301
/upcp_product/chair-rail-large-cha308/,/products/trim-mouldings/chair-rail-large-cha308/,301
/mouldings/product/chair-rail-large-cha308/,/products/trim-mouldings/chair-rail-large-cha308/,301
/interior-doors/product/chair-rail-large-cha308/,/products/trim-mouldings/chair-rail-large-cha308/,301
/doors/product/chair-rail-large-cha308/,/products/trim-mouldings/chair-rail-large-cha308/,301
/upcp_product/chair-rail-cha310/,/products/trim-mouldings/chair-rail-cha310/,301
/mouldings/product/chair-rail-cha310/,/products/trim-mouldings/chair-rail-cha310/,301
/interior-doors/product/chair-rail-cha310/,/products/trim-mouldings/chair-rail-cha310/,301
/doors/product/chair-rail-cha310/,/products/trim-mouldings/chair-rail-cha310/,301
/upcp_product/chair-rail-cha334/,/products/trim-mouldings/chair-rail-cha334/,301
/mouldings/product/chair-rail-cha334/,/products/trim-mouldings/chair-rail-cha334/,301
/interior-doors/product/chair-rail-cha334/,/products/trim-mouldings/chair-rail-cha334/,301
/doors/product/chair-rail-cha334/,/products/trim-mouldings/chair-rail-cha334/,301
/upcp_product/small-cove-moulding-cov001/,/products/trim-mouldings/small-cove-moulding-cov001/,301
/mouldings/product/small-cove-moulding-cov001/,/products/trim-mouldings/small-cove-moulding-cov001/,301
/interior-doors/product/small-cove-moulding-cov001/,/products/trim-mouldings/small-cove-moulding-cov001/,301
/doors/product/small-cove-moulding-cov001/,/products/trim-mouldings/small-cove-moulding-cov001/,301
/upcp_product/three-quarter-cove-mould-cov003/,/products/trim-mouldings/three-quarter-cove-mould-cov003/,301
/mouldings/product/three-quarter-cove-mould-cov003/,/products/trim-mouldings/three-quarter-cove-mould-cov003/,301
/interior-doors/product/three-quarter-cove-mould-cov003/,/products/trim-mouldings/three-quarter-cove-mould-cov003/,301
/doors/product/three-quarter-cove-mould-cov003/,/products/trim-mouldings/three-quarter-cove-mould-cov003/,301
/upcp_product/cove-moulding-cov103/,/products/trim-mouldings/cove-moulding-cov103/,301
/mouldings/product/cove-moulding-cov103/,/products/trim-mouldings/cove-moulding-cov103/,301
/interior-doors/product/cove-moulding-cov103/,/products/trim-mouldings/cove-moulding-cov103/,301
/doors/product/cove-moulding-cov103/,/products/trim-mouldings/cove-moulding-cov103/,301
/upcp_product/decorative-cove-moulding-cov221/,/products/trim-mouldings/decorative-cove-moulding-cov221/,301
/mouldings/product/decorative-cove-moulding-cov221/,/products/trim-mouldings/decorative-cove-moulding-cov221/,301
/interior-doors/product/decorative-cove-moulding-cov221/,/products/trim-mouldings/decorative-cove-moulding-cov221/,301
/doors/product/decorative-cove-moulding-cov221/,/products/trim-mouldings/decorative-cove-moulding-cov221/,301
/upcp_product/four-inch-cove-crown-moulding-cov401/,/products/trim-mouldings/four-inch-cove-crown-moulding-cov401/,301
/mouldings/product/four-inch-cove-crown-moulding-cov401/,/products/trim-mouldings/four-inch-cove-crown-moulding-cov401/,301
/interior-doors/product/four-inch-cove-crown-moulding-cov401/,/products/trim-mouldings/four-inch-cove-crown-moulding-cov401/,301
/doors/product/four-inch-cove-crown-moulding-cov401/,/products/trim-mouldings/four-inch-cove-crown-moulding-cov401/,301
/upcp_product/crown-moulding-cov509/,/products/trim-mouldings/crown-moulding-cov509/,301
/mouldings/product/crown-moulding-cov509/,/products/trim-mouldings/crown-moulding-cov509/,301
/interior-doors/product/crown-moulding-cov509/,/products/trim-mouldings/crown-moulding-cov509/,301
/doors/product/crown-moulding-cov509/,/products/trim-mouldings/crown-moulding-cov509/,301
/upcp_product/cove-crown-moulding-cov514/,/products/trim-mouldings/cove-crown-moulding-cov514/,301
/mouldings/product/cove-crown-moulding-cov514/,/products/trim-mouldings/cove-crown-moulding-cov514/,301
/interior-doors/product/cove-crown-moulding-cov514/,/products/trim-mouldings/cove-crown-moulding-cov514/,301
/doors/product/cove-crown-moulding-cov514/,/products/trim-mouldings/cove-crown-moulding-cov514/,301
/upcp_product/cove-crown-moulding-cov604/,/products/trim-mouldings/cove-crown-moulding-cov604/,301
/mouldings/product/cove-crown-moulding-cov604/,/products/trim-mouldings/cove-crown-moulding-cov604/,301
/interior-doors/product/cove-crown-moulding-cov604/,/products/trim-mouldings/cove-crown-moulding-cov604/,301
/doors/product/cove-crown-moulding-cov604/,/products/trim-mouldings/cove-crown-moulding-cov604/,301
/upcp_product/symmetrical-crown-moulding-mdf-cov41/,/products/trim-mouldings/symmetrical-crown-moulding-mdf-cov41/,301
/mouldings/product/symmetrical-crown-moulding-mdf-cov41/,/products/trim-mouldings/symmetrical-crown-moulding-mdf-cov41/,301
/interior-doors/product/symmetrical-crown-moulding-mdf-cov41/,/products/trim-mouldings/symmetrical-crown-moulding-mdf-cov41/,301
/doors/product/symmetrical-crown-moulding-mdf-cov41/,/products/trim-mouldings/symmetrical-crown-moulding-mdf-cov41/,301
/upcp_product/small-crown-moulding-cro-202/,/products/trim-mouldings/small-crown-moulding-cro-202/,301
/mouldings/product/small-crown-moulding-cro-202/,/products/trim-mouldings/small-crown-moulding-cro-202/,301
/interior-doors/product/small-crown-moulding-cro-202/,/products/trim-mouldings/small-crown-moulding-cro-202/,301
/doors/product/small-crown-moulding-cro-202/,/products/trim-mouldings/small-crown-moulding-cro-202/,301
/upcp_product/crown-moulding-cro300/,/products/trim-mouldings/crown-moulding-cro300/,301
/mouldings/product/crown-moulding-cro300/,/products/trim-mouldings/crown-moulding-cro300/,301
/interior-doors/product/crown-moulding-cro300/,/products/trim-mouldings/crown-moulding-cro300/,301
/doors/product/crown-moulding-cro300/,/products/trim-mouldings/crown-moulding-cro300/,301
/upcp_product/crown-moulding-cro301/,/products/trim-mouldings/crown-moulding-cro301/,301
/mouldings/product/crown-moulding-cro301/,/products/trim-mouldings/crown-moulding-cro301/,301
/interior-doors/product/crown-moulding-cro301/,/products/trim-mouldings/crown-moulding-cro301/,301
/doors/product/crown-moulding-cro301/,/products/trim-mouldings/crown-moulding-cro301/,301
/upcp_product/small-crown-moulding-cro-302/,/products/trim-mouldings/small-crown-moulding-cro-302/,301
/mouldings/product/small-crown-moulding-cro-302/,/products/trim-mouldings/small-crown-moulding-cro-302/,301
/interior-doors/product/small-crown-moulding-cro-302/,/products/trim-mouldings/small-crown-moulding-cro-302/,301
/doors/product/small-crown-moulding-cro-302/,/products/trim-mouldings/small-crown-moulding-cro-302/,301
/upcp_product/crown-moulding-cro-317/,/products/trim-mouldings/crown-moulding-cro-317/,301
/mouldings/product/crown-moulding-cro-317/,/products/trim-mouldings/crown-moulding-cro-317/,301
/interior-doors/product/crown-moulding-cro-317/,/products/trim-mouldings/crown-moulding-cro-317/,301
/doors/product/crown-moulding-cro-317/,/products/trim-mouldings/crown-moulding-cro-317/,301
/upcp_product/colonial-crown-moulding-cro400/,/products/trim-mouldings/colonial-crown-moulding-cro400/,301
/mouldings/product/colonial-crown-moulding-cro400/,/products/trim-mouldings/colonial-crown-moulding-cro400/,301
/interior-doors/product/colonial-crown-moulding-cro400/,/products/trim-mouldings/colonial-crown-moulding-cro400/,301
/doors/product/colonial-crown-moulding-cro400/,/products/trim-mouldings/colonial-crown-moulding-cro400/,301
/upcp_product/crown-moulding-cro-402/,/products/trim-mouldings/crown-moulding-cro-402/,301
/mouldings/product/crown-moulding-cro-402/,/products/trim-mouldings/crown-moulding-cro-402/,301
/interior-doors/product/crown-moulding-cro-402/,/products/trim-mouldings/crown-moulding-cro-402/,301
/doors/product/crown-moulding-cro-402/,/products/trim-mouldings/crown-moulding-cro-402/,301
/upcp_product/five-inch-crown-moulding-cro500/,/products/trim-mouldings/five-inch-crown-moulding-cro500/,301
/mouldings/product/five-inch-crown-moulding-cro500/,/products/trim-mouldings/five-inch-crown-moulding-cro500/,301
/interior-doors/product/five-inch-crown-moulding-cro500/,/products/trim-mouldings/five-inch-crown-moulding-cro500/,301
/doors/product/five-inch-crown-moulding-cro500/,/products/trim-mouldings/five-inch-crown-moulding-cro500/,301
/upcp_product/crown-moulding-cro501/,/products/trim-mouldings/crown-moulding-cro501/,301
/mouldings/product/crown-moulding-cro501/,/products/trim-mouldings/crown-moulding-cro501/,301
/interior-doors/product/crown-moulding-cro501/,/products/trim-mouldings/crown-moulding-cro501/,301
/doors/product/crown-moulding-cro501/,/products/trim-mouldings/crown-moulding-cro501/,301
/upcp_product/crown-moulding-cro511/,/products/trim-mouldings/crown-moulding-cro511/,301
/mouldings/product/crown-moulding-cro511/,/products/trim-mouldings/crown-moulding-cro511/,301
/interior-doors/product/crown-moulding-cro511/,/products/trim-mouldings/crown-moulding-cro511/,301
/doors/product/crown-moulding-cro511/,/products/trim-mouldings/crown-moulding-cro511/,301
/upcp_product/crown-moulding-cro702/,/products/trim-mouldings/crown-moulding-cro702/,301
/mouldings/product/crown-moulding-cro702/,/products/trim-mouldings/crown-moulding-cro702/,301
/interior-doors/product/crown-moulding-cro702/,/products/trim-mouldings/crown-moulding-cro702/,301
/doors/product/crown-moulding-cro702/,/products/trim-mouldings/crown-moulding-cro702/,301
/upcp_product/crown-moulding-cro712/,/products/trim-mouldings/crown-moulding-cro712/,301
/mouldings/product/crown-moulding-cro712/,/products/trim-mouldings/crown-moulding-cro712/,301
/interior-doors/product/crown-moulding-cro712/,/products/trim-mouldings/crown-moulding-cro712/,301
/doors/product/crown-moulding-cro712/,/products/trim-mouldings/crown-moulding-cro712/,301
/upcp_product/crown-moulding-cro6969/,/products/trim-mouldings/crown-moulding-cro6969/,301
/mouldings/product/crown-moulding-cro6969/,/products/trim-mouldings/crown-moulding-cro6969/,301
/interior-doors/product/crown-moulding-cro6969/,/products/trim-mouldings/crown-moulding-cro6969/,301
/doors/product/crown-moulding-cro6969/,/products/trim-mouldings/crown-moulding-cro6969/,301
/upcp_product/symmetrical-decorative-moulding-dec005/,/products/trim-mouldings/symmetrical-decorative-moulding-dec005/,301
/mouldings/product/symmetrical-decorative-moulding-dec005/,/products/trim-mouldings/symmetrical-decorative-moulding-dec005/,301
/interior-doors/product/symmetrical-decorative-moulding-dec005/,/products/trim-mouldings/symmetrical-decorative-moulding-dec005/,301
/doors/product/symmetrical-decorative-moulding-dec005/,/products/trim-mouldings/symmetrical-decorative-moulding-dec005/,301
/upcp_product/decorative-moulding-dec006/,/products/trim-mouldings/decorative-moulding-dec006/,301
/mouldings/product/decorative-moulding-dec006/,/products/trim-mouldings/decorative-moulding-dec006/,301
/interior-doors/product/decorative-moulding-dec006/,/products/trim-mouldings/decorative-moulding-dec006/,301
/doors/product/decorative-moulding-dec006/,/products/trim-mouldings/decorative-moulding-dec006/,301
/upcp_product/inset-decorative-panel-moulding-dec007/,/products/trim-mouldings/inset-decorative-panel-moulding-dec007/,301
/mouldings/product/inset-decorative-panel-moulding-dec007/,/products/trim-mouldings/inset-decorative-panel-moulding-dec007/,301
/interior-doors/product/inset-decorative-panel-moulding-dec007/,/products/trim-mouldings/inset-decorative-panel-moulding-dec007/,301
/doors/product/inset-decorative-panel-moulding-dec007/,/products/trim-mouldings/inset-decorative-panel-moulding-dec007/,301
/upcp_product/decorative-moulding-dec022/,/products/trim-mouldings/decorative-moulding-dec022/,301
/mouldings/product/decorative-moulding-dec022/,/products/trim-mouldings/decorative-moulding-dec022/,301
/interior-doors/product/decorative-moulding-dec022/,/products/trim-mouldings/decorative-moulding-dec022/,301
/doors/product/decorative-moulding-dec022/,/products/trim-mouldings/decorative-moulding-dec022/,301
/upcp_product/decorative-moulding-dec065/,/products/trim-mouldings/decorative-moulding-dec065/,301
/mouldings/product/decorative-moulding-dec065/,/products/trim-mouldings/decorative-moulding-dec065/,301
/interior-doors/product/decorative-moulding-dec065/,/products/trim-mouldings/decorative-moulding-dec065/,301
/doors/product/decorative-moulding-dec065/,/products/trim-mouldings/decorative-moulding-dec065/,301
/upcp_product/transitional-decorative-moulding-dec066/,/products/trim-mouldings/transitional-decorative-moulding-dec066/,301
/mouldings/product/transitional-decorative-moulding-dec066/,/products/trim-mouldings/transitional-decorative-moulding-dec066/,301
/interior-doors/product/transitional-decorative-moulding-dec066/,/products/trim-mouldings/transitional-decorative-moulding-dec066/,301
/doors/product/transitional-decorative-moulding-dec066/,/products/trim-mouldings/transitional-decorative-moulding-dec066/,301
/upcp_product/symmetrical-decorative-moulding-de102/,/products/trim-mouldings/symmetrical-decorative-moulding-de102/,301
/mouldings/product/symmetrical-decorative-moulding-de102/,/products/trim-mouldings/symmetrical-decorative-moulding-de102/,301
/interior-doors/product/symmetrical-decorative-moulding-de102/,/products/trim-mouldings/symmetrical-decorative-moulding-de102/,301
/doors/product/symmetrical-decorative-moulding-de102/,/products/trim-mouldings/symmetrical-decorative-moulding-de102/,301
/upcp_product/decorative-moulding-dec103/,/products/trim-mouldings/decorative-moulding-dec103/,301
/mouldings/product/decorative-moulding-dec103/,/products/trim-mouldings/decorative-moulding-dec103/,301
/interior-doors/product/decorative-moulding-dec103/,/products/trim-mouldings/decorative-moulding-dec103/,301
/doors/product/decorative-moulding-dec103/,/products/trim-mouldings/decorative-moulding-dec103/,301
/upcp_product/symmetrical-decorative-moulding-dec105/,/products/trim-mouldings/symmetrical-decorative-moulding-dec105/,301
/mouldings/product/symmetrical-decorative-moulding-dec105/,/products/trim-mouldings/symmetrical-decorative-moulding-dec105/,301
/interior-doors/product/symmetrical-decorative-moulding-dec105/,/products/trim-mouldings/symmetrical-decorative-moulding-dec105/,301
/doors/product/symmetrical-decorative-moulding-dec105/,/products/trim-mouldings/symmetrical-decorative-moulding-dec105/,301
/upcp_product/transitional-decorative-moulding-dec194/,/products/trim-mouldings/transitional-decorative-moulding-dec194/,301
/mouldings/product/transitional-decorative-moulding-dec194/,/products/trim-mouldings/transitional-decorative-moulding-dec194/,301
/interior-doors/product/transitional-decorative-moulding-dec194/,/products/trim-mouldings/transitional-decorative-moulding-dec194/,301
/doors/product/transitional-decorative-moulding-dec194/,/products/trim-mouldings/transitional-decorative-moulding-dec194/,301
/upcp_product/half-round-moulding-hal001/,/products/trim-mouldings/half-round-moulding-hal001/,301
/mouldings/product/half-round-moulding-hal001/,/products/trim-mouldings/half-round-moulding-hal001/,301
/interior-doors/product/half-round-moulding-hal001/,/products/trim-mouldings/half-round-moulding-hal001/,301
/doors/product/half-round-moulding-hal001/,/products/trim-mouldings/half-round-moulding-hal001/,301
/upcp_product/half-round-moulding-hal005/,/products/trim-mouldings/half-round-moulding-hal005/,301
/mouldings/product/half-round-moulding-hal005/,/products/trim-mouldings/half-round-moulding-hal005/,301
/interior-doors/product/half-round-moulding-hal005/,/products/trim-mouldings/half-round-moulding-hal005/,301
/doors/product/half-round-moulding-hal005/,/products/trim-mouldings/half-round-moulding-hal005/,301
/upcp_product/half-round-moulding-hal100/,/products/trim-mouldings/half-round-moulding-hal100/,301
/mouldings/product/half-round-moulding-hal100/,/products/trim-mouldings/half-round-moulding-hal100/,301
/interior-doors/product/half-round-moulding-hal100/,/products/trim-mouldings/half-round-moulding-hal100/,301
/doors/product/half-round-moulding-hal100/,/products/trim-mouldings/half-round-moulding-hal100/,301
/upcp_product/half-round-moulding-hal101/,/products/trim-mouldings/half-round-moulding-hal101/,301
/mouldings/product/half-round-moulding-hal101/,/products/trim-mouldings/half-round-moulding-hal101/,301
/interior-doors/product/half-round-moulding-hal101/,/products/trim-mouldings/half-round-moulding-hal101/,301
/doors/product/half-round-moulding-hal101/,/products/trim-mouldings/half-round-moulding-hal101/,301
/upcp_product/half-round-moulding-hal102/,/products/trim-mouldings/half-round-moulding-hal102/,301
/mouldings/product/half-round-moulding-hal102/,/products/trim-mouldings/half-round-moulding-hal102/,301
/interior-doors/product/half-round-moulding-hal102/,/products/trim-mouldings/half-round-moulding-hal102/,301
/doors/product/half-round-moulding-hal102/,/products/trim-mouldings/half-round-moulding-hal102/,301
/upcp_product/half-round-moulding-hal200/,/products/trim-mouldings/half-round-moulding-hal200/,301
/mouldings/product/half-round-moulding-hal200/,/products/trim-mouldings/half-round-moulding-hal200/,301
/interior-doors/product/half-round-moulding-hal200/,/products/trim-mouldings/half-round-moulding-hal200/,301
/doors/product/half-round-moulding-hal200/,/products/trim-mouldings/half-round-moulding-hal200/,301
/upcp_product/half-round-moulding-hal300/,/products/trim-mouldings/half-round-moulding-hal300/,301
/mouldings/product/half-round-moulding-hal300/,/products/trim-mouldings/half-round-moulding-hal300/,301
/interior-doors/product/half-round-moulding-hal300/,/products/trim-mouldings/half-round-moulding-hal300/,301
/doors/product/half-round-moulding-hal300/,/products/trim-mouldings/half-round-moulding-hal300/,301
/upcp_product/plain-handrail-han-200/,/products/trim-mouldings/plain-handrail-han-200/,301
/mouldings/product/plain-handrail-han-200/,/products/trim-mouldings/plain-handrail-han-200/,301
/interior-doors/product/plain-handrail-han-200/,/products/trim-mouldings/plain-handrail-han-200/,301
/doors/product/plain-handrail-han-200/,/products/trim-mouldings/plain-handrail-han-200/,301
/upcp_product/decorative-handrail-han205f/,/products/trim-mouldings/decorative-handrail-han205f/,301
/mouldings/product/decorative-handrail-han205f/,/products/trim-mouldings/decorative-handrail-han205f/,301
/interior-doors/product/decorative-handrail-han205f/,/products/trim-mouldings/decorative-handrail-han205f/,301
/doors/product/decorative-handrail-han205f/,/products/trim-mouldings/decorative-handrail-han205f/,301
/upcp_product/handrail-han206/,/products/trim-mouldings/handrail-han206/,301
/mouldings/product/handrail-han206/,/products/trim-mouldings/handrail-han206/,301
/interior-doors/product/handrail-han206/,/products/trim-mouldings/handrail-han206/,301
/doors/product/handrail-han206/,/products/trim-mouldings/handrail-han206/,301
/upcp_product/handrail-han209/,/products/trim-mouldings/handrail-han209/,301
/mouldings/product/handrail-han209/,/products/trim-mouldings/handrail-han209/,301
/interior-doors/product/handrail-han209/,/products/trim-mouldings/handrail-han209/,301
/doors/product/handrail-han209/,/products/trim-mouldings/handrail-han209/,301
/upcp_product/plain-handrail-han248/,/products/trim-mouldings/plain-handrail-han248/,301
/mouldings/product/plain-handrail-han248/,/products/trim-mouldings/plain-handrail-han248/,301
/interior-doors/product/plain-handrail-han248/,/products/trim-mouldings/plain-handrail-han248/,301
/doors/product/plain-handrail-han248/,/products/trim-mouldings/plain-handrail-han248/,301
/upcp_product/handrail-han289f/,/products/trim-mouldings/handrail-han289f/,301
/mouldings/product/handrail-han289f/,/products/trim-mouldings/handrail-han289f/,301
/interior-doors/product/handrail-han289f/,/products/trim-mouldings/handrail-han289f/,301
/doors/product/handrail-han289f/,/products/trim-mouldings/handrail-han289f/,301
/upcp_product/handrail-han297f/,/products/trim-mouldings/handrail-han297f/,301
/mouldings/product/handrail-han297f/,/products/trim-mouldings/handrail-han297f/,301
/interior-doors/product/handrail-han297f/,/products/trim-mouldings/handrail-han297f/,301
/doors/product/handrail-han297f/,/products/trim-mouldings/handrail-han297f/,301
/upcp_product/handrail-han301f/,/products/trim-mouldings/handrail-han301f/,301
/mouldings/product/handrail-han301f/,/products/trim-mouldings/handrail-han301f/,301
/interior-doors/product/handrail-han301f/,/products/trim-mouldings/handrail-han301f/,301
/doors/product/handrail-han301f/,/products/trim-mouldings/handrail-han301f/,301
/upcp_product/decorative-handrail-han305f/,/products/trim-mouldings/decorative-handrail-han305f/,301
/mouldings/product/decorative-handrail-han305f/,/products/trim-mouldings/decorative-handrail-han305f/,301
/interior-doors/product/decorative-handrail-han305f/,/products/trim-mouldings/decorative-handrail-han305f/,301
/doors/product/decorative-handrail-han305f/,/products/trim-mouldings/decorative-handrail-han305f/,301
/upcp_product/handrail-han336/,/products/trim-mouldings/handrail-han336/,301
/mouldings/product/handrail-han336/,/products/trim-mouldings/handrail-han336/,301
/interior-doors/product/handrail-han336/,/products/trim-mouldings/handrail-han336/,301
/doors/product/handrail-han336/,/products/trim-mouldings/handrail-han336/,301
/upcp_product/door-jamb-jam402/,/products/trim-mouldings/door-jamb-jam402/,301
/mouldings/product/door-jamb-jam402/,/products/trim-mouldings/door-jamb-jam402/,301
/interior-doors/product/door-jamb-jam402/,/products/trim-mouldings/door-jamb-jam402/,301
/doors/product/door-jamb-jam402/,/products/trim-mouldings/door-jamb-jam402/,301
/upcp_product/woos-door-jamb-jam-2x4-wall/,/products/trim-mouldings/door-jamb-jam402/,301
/mouldings/product/woos-door-jamb-jam-2x4-wall/,/products/trim-mouldings/door-jamb-jam402/,301
/interior-doors/product/woos-door-jamb-jam-2x4-wall/,/products/trim-mouldings/door-jamb-jam402/,301
/doors/product/woos-door-jamb-jam-2x4-wall/,/products/trim-mouldings/door-jamb-jam402/,301
/upcp_product/door-jamb-jam600/,/products/trim-mouldings/door-jamb-jam600/,301
/mouldings/product/door-jamb-jam600/,/products/trim-mouldings/door-jamb-jam600/,301
/interior-doors/product/door-jamb-jam600/,/products/trim-mouldings/door-jamb-jam600/,301
/doors/product/door-jamb-jam600/,/products/trim-mouldings/door-jamb-jam600/,301
/upcp_product/nosing-nos305/,/products/trim-mouldings/nosing-nos305/,301
/mouldings/product/nosing-nos305/,/products/trim-mouldings/nosing-nos305/,301
/interior-doors/product/nosing-nos305/,/products/trim-mouldings/nosing-nos305/,301
/doors/product/nosing-nos305/,/products/trim-mouldings/nosing-nos305/,301
/upcp_product/nosing-nos400/,/products/trim-mouldings/nosing-nos400/,301
/mouldings/product/nosing-nos400/,/products/trim-mouldings/nosing-nos400/,301
/interior-doors/product/nosing-nos400/,/products/trim-mouldings/nosing-nos400/,301
/doors/product/nosing-nos400/,/products/trim-mouldings/nosing-nos400/,301
/upcp_product/nosing-nos401/,/products/trim-mouldings/nosing-nos401/,301
/mouldings/product/nosing-nos401/,/products/trim-mouldings/nosing-nos401/,301
/interior-doors/product/nosing-nos401/,/products/trim-mouldings/nosing-nos401/,301
/doors/product/nosing-nos401/,/products/trim-mouldings/nosing-nos401/,301
/upcp_product/nosing-nos602/,/products/trim-mouldings/nosing-nos602/,301
/mouldings/product/nosing-nos602/,/products/trim-mouldings/nosing-nos602/,301
/interior-doors/product/nosing-nos602/,/products/trim-mouldings/nosing-nos602/,301
/doors/product/nosing-nos602/,/products/trim-mouldings/nosing-nos602/,301
/upcp_product/outside-corner-mould-out001/,/products/trim-mouldings/outside-corner-mould-out001/,301
/mouldings/product/outside-corner-mould-out001/,/products/trim-mouldings/outside-corner-mould-out001/,301
/interior-doors/product/outside-corner-mould-out001/,/products/trim-mouldings/outside-corner-mould-out001/,301
/doors/product/outside-corner-mould-out001/,/products/trim-mouldings/outside-corner-mould-out001/,301
/upcp_product/outside-corner-mould-out007/,/products/trim-mouldings/outside-corner-mould-out007/,301
/mouldings/product/outside-corner-mould-out007/,/products/trim-mouldings/outside-corner-mould-out007/,301
/interior-doors/product/outside-corner-mould-out007/,/products/trim-mouldings/outside-corner-mould-out007/,301
/doors/product/outside-corner-mould-out007/,/products/trim-mouldings/outside-corner-mould-out007/,301
/upcp_product/outside-corner-mould-out008/,/products/trim-mouldings/outside-corner-mould-out008/,301
/mouldings/product/outside-corner-mould-out008/,/products/trim-mouldings/outside-corner-mould-out008/,301
/interior-doors/product/outside-corner-mould-out008/,/products/trim-mouldings/outside-corner-mould-out008/,301
/doors/product/outside-corner-mould-out008/,/products/trim-mouldings/outside-corner-mould-out008/,301
/upcp_product/outside-corner-mould-out105/,/products/trim-mouldings/outside-corner-mould-out105/,301
/mouldings/product/outside-corner-mould-out105/,/products/trim-mouldings/outside-corner-mould-out105/,301
/interior-doors/product/outside-corner-mould-out105/,/products/trim-mouldings/outside-corner-mould-out105/,301
/doors/product/outside-corner-mould-out105/,/products/trim-mouldings/outside-corner-mould-out105/,301
/upcp_product/outside-corner-mould-out116/,/products/trim-mouldings/outside-corner-mould-out116/,301
/mouldings/product/outside-corner-mould-out116/,/products/trim-mouldings/outside-corner-mould-out116/,301
/interior-doors/product/outside-corner-mould-out116/,/products/trim-mouldings/outside-corner-mould-out116/,301
/doors/product/outside-corner-mould-out116/,/products/trim-mouldings/outside-corner-mould-out116/,301
/upcp_product/offset-panel-mould-pan001/,/products/trim-mouldings/offset-panel-mould-pan001/,301
/mouldings/product/offset-panel-mould-pan001/,/products/trim-mouldings/offset-panel-mould-pan001/,301
/interior-doors/product/offset-panel-mould-pan001/,/products/trim-mouldings/offset-panel-mould-pan001/,301
/doors/product/offset-panel-mould-pan001/,/products/trim-mouldings/offset-panel-mould-pan001/,301
/upcp_product/offset-panel-mould-pan101/,/products/trim-mouldings/offset-panel-mould-pan101/,301
/mouldings/product/offset-panel-mould-pan101/,/products/trim-mouldings/offset-panel-mould-pan101/,301
/interior-doors/product/offset-panel-mould-pan101/,/products/trim-mouldings/offset-panel-mould-pan101/,301
/doors/product/offset-panel-mould-pan101/,/products/trim-mouldings/offset-panel-mould-pan101/,301
/upcp_product/offset-panel-mould-pan103/,/products/trim-mouldings/offset-panel-mould-pan103/,301
/mouldings/product/offset-panel-mould-pan103/,/products/trim-mouldings/offset-panel-mould-pan103/,301
/interior-doors/product/offset-panel-mould-pan103/,/products/trim-mouldings/offset-panel-mould-pan103/,301
/doors/product/offset-panel-mould-pan103/,/products/trim-mouldings/offset-panel-mould-pan103/,301
/upcp_product/offset-panel-mould-pan142/,/products/trim-mouldings/offset-panel-mould-pan142/,301
/mouldings/product/offset-panel-mould-pan142/,/products/trim-mouldings/offset-panel-mould-pan142/,301
/interior-doors/product/offset-panel-mould-pan142/,/products/trim-mouldings/offset-panel-mould-pan142/,301
/doors/product/offset-panel-mould-pan142/,/products/trim-mouldings/offset-panel-mould-pan142/,301
/upcp_product/picture-frame-mould-pic102/,/products/trim-mouldings/picture-frame-mould-pic102/,301
/mouldings/product/picture-frame-mould-pic102/,/products/trim-mouldings/picture-frame-mould-pic102/,301
/interior-doors/product/picture-frame-mould-pic102/,/products/trim-mouldings/picture-frame-mould-pic102/,301
/doors/product/picture-frame-mould-pic102/,/products/trim-mouldings/picture-frame-mould-pic102/,301
/upcp_product/fluted-pilaster-mould-pil400/,/products/trim-mouldings/fluted-pilaster-mould-pil400/,301
/mouldings/product/fluted-pilaster-mould-pil400/,/products/trim-mouldings/fluted-pilaster-mould-pil400/,301
/interior-doors/product/fluted-pilaster-mould-pil400/,/products/trim-mouldings/fluted-pilaster-mould-pil400/,301
/doors/product/fluted-pilaster-mould-pil400/,/products/trim-mouldings/fluted-pilaster-mould-pil400/,301
/upcp_product/fluted-pilaster-mould-pil600/,/products/trim-mouldings/fluted-pilaster-mould-pil600/,301
/mouldings/product/fluted-pilaster-mould-pil600/,/products/trim-mouldings/fluted-pilaster-mould-pil600/,301
/interior-doors/product/fluted-pilaster-mould-pil600/,/products/trim-mouldings/fluted-pilaster-mould-pil600/,301
/doors/product/fluted-pilaster-mould-pil600/,/products/trim-mouldings/fluted-pilaster-mould-pil600/,301
/upcp_product/plinth-blocks-corner-blocks-rosettes/,/products/trim-mouldings/plinth-blocks-corner-blocks-rosettes/,301
/mouldings/product/plinth-blocks-corner-blocks-rosettes/,/products/trim-mouldings/plinth-blocks-corner-blocks-rosettes/,301
/interior-doors/product/plinth-blocks-corner-blocks-rosettes/,/products/trim-mouldings/plinth-blocks-corner-blocks-rosettes/,301
/doors/product/plinth-blocks-corner-blocks-rosettes/,/products/trim-mouldings/plinth-blocks-corner-blocks-rosettes/,301
/upcp_product/decorative-provincial-moulding-pro104/,/products/trim-mouldings/decorative-provincial-moulding-pro104/,301
/mouldings/product/decorative-provincial-moulding-pro104/,/products/trim-mouldings/decorative-provincial-moulding-pro104/,301
/interior-doors/product/decorative-provincial-moulding-pro104/,/products/trim-mouldings/decorative-provincial-moulding-pro104/,301
/doors/product/decorative-provincial-moulding-pro104/,/products/trim-mouldings/decorative-provincial-moulding-pro104/,301
/upcp_product/small-quarter-round-moulding-qua001/,/products/trim-mouldings/small-quarter-round-moulding-qua001/,301
/mouldings/product/small-quarter-round-moulding-qua001/,/products/trim-mouldings/small-quarter-round-moulding-qua001/,301
/interior-doors/product/small-quarter-round-moulding-qua001/,/products/trim-mouldings/small-quarter-round-moulding-qua001/,301
/doors/product/small-quarter-round-moulding-qua001/,/products/trim-mouldings/small-quarter-round-moulding-qua001/,301
/upcp_product/vintage-three-quarter-inch-quarter-round-moulding-qua003/,/products/trim-mouldings/vintage-three-quarter-inch-quarter-round-moulding-qua003/,301
/mouldings/product/vintage-three-quarter-inch-quarter-round-moulding-qua003/,/products/trim-mouldings/vintage-three-quarter-inch-quarter-round-moulding-qua003/,301
/interior-doors/product/vintage-three-quarter-inch-quarter-round-moulding-qua003/,/products/trim-mouldings/vintage-three-quarter-inch-quarter-round-moulding-qua003/,301
/doors/product/vintage-three-quarter-inch-quarter-round-moulding-qua003/,/products/trim-mouldings/vintage-three-quarter-inch-quarter-round-moulding-qua003/,301
/upcp_product/primed-quarter-round-moulding-qua004/,/products/trim-mouldings/primed-quarter-round-moulding-qua004/,301
/mouldings/product/primed-quarter-round-moulding-qua004/,/products/trim-mouldings/primed-quarter-round-moulding-qua004/,301
/interior-doors/product/primed-quarter-round-moulding-qua004/,/products/trim-mouldings/primed-quarter-round-moulding-qua004/,301
/doors/product/primed-quarter-round-moulding-qua004/,/products/trim-mouldings/primed-quarter-round-moulding-qua004/,301
/upcp_product/half-inch-quarter-round-moulding-qua006/,/products/trim-mouldings/half-inch-quarter-round-moulding-qua006/,301
/mouldings/product/half-inch-quarter-round-moulding-qua006/,/products/trim-mouldings/half-inch-quarter-round-moulding-qua006/,301
/interior-doors/product/half-inch-quarter-round-moulding-qua006/,/products/trim-mouldings/half-inch-quarter-round-moulding-qua006/,301
/doors/product/half-inch-quarter-round-moulding-qua006/,/products/trim-mouldings/half-inch-quarter-round-moulding-qua006/,301
/upcp_product/three-quarter-inch-quarter-round-moulding-qua009/,/products/trim-mouldings/three-quarter-inch-quarter-round-moulding-qua009/,301
/mouldings/product/three-quarter-inch-quarter-round-moulding-qua009/,/products/trim-mouldings/three-quarter-inch-quarter-round-moulding-qua009/,301
/interior-doors/product/three-quarter-inch-quarter-round-moulding-qua009/,/products/trim-mouldings/three-quarter-inch-quarter-round-moulding-qua009/,301
/doors/product/three-quarter-inch-quarter-round-moulding-qua009/,/products/trim-mouldings/three-quarter-inch-quarter-round-moulding-qua009/,301
/upcp_product/large-quarter-round-moulding-qua102/,/products/trim-mouldings/large-quarter-round-moulding-qua102/,301
/mouldings/product/large-quarter-round-moulding-qua102/,/products/trim-mouldings/large-quarter-round-moulding-qua102/,301
/interior-doors/product/large-quarter-round-moulding-qua102/,/products/trim-mouldings/large-quarter-round-moulding-qua102/,301
/doors/product/large-quarter-round-moulding-qua102/,/products/trim-mouldings/large-quarter-round-moulding-qua102/,301
/upcp_product/transition-strip-reducer-red114/,/products/trim-mouldings/transition-strip-reducer-red114/,301
/mouldings/product/transition-strip-reducer-red114/,/products/trim-mouldings/transition-strip-reducer-red114/,301
/interior-doors/product/transition-strip-reducer-red114/,/products/trim-mouldings/transition-strip-reducer-red114/,301
/doors/product/transition-strip-reducer-red114/,/products/trim-mouldings/transition-strip-reducer-red114/,301
/upcp_product/transition-strip-reducer-red116/,/products/trim-mouldings/transition-strip-reducer-red116/,301
/mouldings/product/transition-strip-reducer-red116/,/products/trim-mouldings/transition-strip-reducer-red116/,301
/interior-doors/product/transition-strip-reducer-red116/,/products/trim-mouldings/transition-strip-reducer-red116/,301
/doors/product/transition-strip-reducer-red116/,/products/trim-mouldings/transition-strip-reducer-red116/,301
/upcp_product/transition-strip-reducer-red119/,/products/trim-mouldings/transition-strip-reducer-red119/,301
/mouldings/product/transition-strip-reducer-red119/,/products/trim-mouldings/transition-strip-reducer-red119/,301
/interior-doors/product/transition-strip-reducer-red119/,/products/trim-mouldings/transition-strip-reducer-red119/,301
/doors/product/transition-strip-reducer-red119/,/products/trim-mouldings/transition-strip-reducer-red119/,301
/upcp_product/transition-strip-reducer-red122/,/products/trim-mouldings/transition-strip-reducer-red122/,301
/mouldings/product/transition-strip-reducer-red122/,/products/trim-mouldings/transition-strip-reducer-red122/,301
/interior-doors/product/transition-strip-reducer-red122/,/products/trim-mouldings/transition-strip-reducer-red122/,301
/doors/product/transition-strip-reducer-red122/,/products/trim-mouldings/transition-strip-reducer-red122/,301
/upcp_product/transition-strip-reducer-red201/,/products/trim-mouldings/transition-strip-reducer-red201/,301
/mouldings/product/transition-strip-reducer-red201/,/products/trim-mouldings/transition-strip-reducer-red201/,301
/interior-doors/product/transition-strip-reducer-red201/,/products/trim-mouldings/transition-strip-reducer-red201/,301
/doors/product/transition-strip-reducer-red201/,/products/trim-mouldings/transition-strip-reducer-red201/,301
/upcp_product/transition-strip-reducer-red202/,/products/trim-mouldings/transition-strip-reducer-red202/,301
/mouldings/product/transition-strip-reducer-red202/,/products/trim-mouldings/transition-strip-reducer-red202/,301
/interior-doors/product/transition-strip-reducer-red202/,/products/trim-mouldings/transition-strip-reducer-red202/,301
/doors/product/transition-strip-reducer-red202/,/products/trim-mouldings/transition-strip-reducer-red202/,301
/upcp_product/transition-strip-reducer-red221/,/products/trim-mouldings/transition-strip-reducer-red221/,301
/mouldings/product/transition-strip-reducer-red221/,/products/trim-mouldings/transition-strip-reducer-red221/,301
/interior-doors/product/transition-strip-reducer-red221/,/products/trim-mouldings/transition-strip-reducer-red221/,301
/doors/product/transition-strip-reducer-red221/,/products/trim-mouldings/transition-strip-reducer-red221/,301
/upcp_product/screen-moulding-scr001/,/products/trim-mouldings/screen-moulding-scr001/,301
/mouldings/product/screen-moulding-scr001/,/products/trim-mouldings/screen-moulding-scr001/,301
/interior-doors/product/screen-moulding-scr001/,/products/trim-mouldings/screen-moulding-scr001/,301
/doors/product/screen-moulding-scr001/,/products/trim-mouldings/screen-moulding-scr001/,301
/upcp_product/decorative-shingle-moulding-shi002/,/products/trim-mouldings/decorative-shingle-moulding-shi002/,301
/mouldings/product/decorative-shingle-moulding-shi002/,/products/trim-mouldings/decorative-shingle-moulding-shi002/,301
/interior-doors/product/decorative-shingle-moulding-shi002/,/products/trim-mouldings/decorative-shingle-moulding-shi002/,301
/doors/product/decorative-shingle-moulding-shi002/,/products/trim-mouldings/decorative-shingle-moulding-shi002/,301
/upcp_product/decorative-shingle-moulding-shi101/,/products/trim-mouldings/decorative-shingle-moulding-shi101/,301
/mouldings/product/decorative-shingle-moulding-shi101/,/products/trim-mouldings/decorative-shingle-moulding-shi101/,301
/interior-doors/product/decorative-shingle-moulding-shi101/,/products/trim-mouldings/decorative-shingle-moulding-shi101/,301
/doors/product/decorative-shingle-moulding-shi101/,/products/trim-mouldings/decorative-shingle-moulding-shi101/,301
/upcp_product/decorative-shingle-moulding-shi102/,/products/trim-mouldings/decorative-shingle-moulding-shi102/,301
/mouldings/product/decorative-shingle-moulding-shi102/,/products/trim-mouldings/decorative-shingle-moulding-shi102/,301
/interior-doors/product/decorative-shingle-moulding-shi102/,/products/trim-mouldings/decorative-shingle-moulding-shi102/,301
/doors/product/decorative-shingle-moulding-shi102/,/products/trim-mouldings/decorative-shingle-moulding-shi102/,301
/upcp_product/decorative-transitional-shingle-moulding-shi156/,/products/trim-mouldings/decorative-transitional-shingle-moulding-shi156/,301
/mouldings/product/decorative-transitional-shingle-moulding-shi156/,/products/trim-mouldings/decorative-transitional-shingle-moulding-shi156/,301
/interior-doors/product/decorative-transitional-shingle-moulding-shi156/,/products/trim-mouldings/decorative-transitional-shingle-moulding-shi156/,301
/doors/product/decorative-transitional-shingle-moulding-shi156/,/products/trim-mouldings/decorative-transitional-shingle-moulding-shi156/,301
/upcp_product/large-decorative-shingle-moulding-shi203/,/products/trim-mouldings/large-decorative-shingle-moulding-shi203/,301
/mouldings/product/large-decorative-shingle-moulding-shi203/,/products/trim-mouldings/large-decorative-shingle-moulding-shi203/,301
/interior-doors/product/large-decorative-shingle-moulding-shi203/,/products/trim-mouldings/large-decorative-shingle-moulding-shi203/,301
/doors/product/large-decorative-shingle-moulding-shi203/,/products/trim-mouldings/large-decorative-shingle-moulding-shi203/,301
/upcp_product/decorative-shingle-moulding-shi214/,/products/trim-mouldings/decorative-shingle-moulding-shi214/,301
/mouldings/product/decorative-shingle-moulding-shi214/,/products/trim-mouldings/decorative-shingle-moulding-shi214/,301
/interior-doors/product/decorative-shingle-moulding-shi214/,/products/trim-mouldings/decorative-shingle-moulding-shi214/,301
/doors/product/decorative-shingle-moulding-shi214/,/products/trim-mouldings/decorative-shingle-moulding-shi214/,301
/upcp_product/decorative-shingle-moulding-shi234/,/products/trim-mouldings/decorative-shingle-moulding-shi234/,301
/mouldings/product/decorative-shingle-moulding-shi234/,/products/trim-mouldings/decorative-shingle-moulding-shi234/,301
/interior-doors/product/decorative-shingle-moulding-shi234/,/products/trim-mouldings/decorative-shingle-moulding-shi234/,301
/doors/product/decorative-shingle-moulding-shi234/,/products/trim-mouldings/decorative-shingle-moulding-shi234/,301
/upcp_product/decorative-shingle-moulding-shi308/,/products/trim-mouldings/decorative-shingle-moulding-shi308/,301
/mouldings/product/decorative-shingle-moulding-shi308/,/products/trim-mouldings/decorative-shingle-moulding-shi308/,301
/interior-doors/product/decorative-shingle-moulding-shi308/,/products/trim-mouldings/decorative-shingle-moulding-shi308/,301
/doors/product/decorative-shingle-moulding-shi308/,/products/trim-mouldings/decorative-shingle-moulding-shi308/,301
/upcp_product/sho-moulding-sho001/,/products/trim-mouldings/sho-moulding-sho001/,301
/mouldings/product/sho-moulding-sho001/,/products/trim-mouldings/sho-moulding-sho001/,301
/interior-doors/product/sho-moulding-sho001/,/products/trim-mouldings/sho-moulding-sho001/,301
/doors/product/sho-moulding-sho001/,/products/trim-mouldings/sho-moulding-sho001/,301
/upcp_product/sho-moulding-sho206f/,/products/trim-mouldings/sho-moulding-sho206f/,301
/mouldings/product/sho-moulding-sho206f/,/products/trim-mouldings/sho-moulding-sho206f/,301
/interior-doors/product/sho-moulding-sho206f/,/products/trim-mouldings/sho-moulding-sho206f/,301
/doors/product/sho-moulding-sho206f/,/products/trim-mouldings/sho-moulding-sho206f/,301
/upcp_product/sho-moulding-sho305f-2/,/products/trim-mouldings/sho-moulding-sho305f/,301
/mouldings/product/sho-moulding-sho305f-2/,/products/trim-mouldings/sho-moulding-sho305f/,301
/interior-doors/product/sho-moulding-sho305f-2/,/products/trim-mouldings/sho-moulding-sho305f/,301
/doors/product/sho-moulding-sho305f-2/,/products/trim-mouldings/sho-moulding-sho305f/,301
/upcp_product/window-sill-stool-sil103/,/products/trim-mouldings/window-sill-stool-sil103/,301
/mouldings/product/window-sill-stool-sil103/,/products/trim-mouldings/window-sill-stool-sil103/,301
/interior-doors/product/window-sill-stool-sil103/,/products/trim-mouldings/window-sill-stool-sil103/,301
/doors/product/window-sill-stool-sil103/,/products/trim-mouldings/window-sill-stool-sil103/,301
/upcp_product/window-sill-stool-sil202/,/products/trim-mouldings/window-sill-stool-sil202/,301
/mouldings/product/window-sill-stool-sil202/,/products/trim-mouldings/window-sill-stool-sil202/,301
/interior-doors/product/window-sill-stool-sil202/,/products/trim-mouldings/window-sill-stool-sil202/,301
/doors/product/window-sill-stool-sil202/,/products/trim-mouldings/window-sill-stool-sil202/,301
/upcp_product/window-sill-stool-sil203/,/products/trim-mouldings/window-sill-stool-sil203/,301
/mouldings/product/window-sill-stool-sil203/,/products/trim-mouldings/window-sill-stool-sil203/,301
/interior-doors/product/window-sill-stool-sil203/,/products/trim-mouldings/window-sill-stool-sil203/,301
/doors/product/window-sill-stool-sil203/,/products/trim-mouldings/window-sill-stool-sil203/,301
/upcp_product/window-sill-stool-sil219/,/products/trim-mouldings/window-sill-stool-sil219/,301
/mouldings/product/window-sill-stool-sil219/,/products/trim-mouldings/window-sill-stool-sil219/,301
/interior-doors/product/window-sill-stool-sil219/,/products/trim-mouldings/window-sill-stool-sil219/,301
/doors/product/window-sill-stool-sil219/,/products/trim-mouldings/window-sill-stool-sil219/,301
/upcp_product/window-sill-stool-sil248/,/products/trim-mouldings/window-sill-stool-sil248/,301
/mouldings/product/window-sill-stool-sil248/,/products/trim-mouldings/window-sill-stool-sil248/,301
/interior-doors/product/window-sill-stool-sil248/,/products/trim-mouldings/window-sill-stool-sil248/,301
/doors/product/window-sill-stool-sil248/,/products/trim-mouldings/window-sill-stool-sil248/,301
/upcp_product/window-sill-stool-sil304/,/products/trim-mouldings/window-sill-stool-sil304/,301
/mouldings/product/window-sill-stool-sil304/,/products/trim-mouldings/window-sill-stool-sil304/,301
/interior-doors/product/window-sill-stool-sil304/,/products/trim-mouldings/window-sill-stool-sil304/,301
/doors/product/window-sill-stool-sil304/,/products/trim-mouldings/window-sill-stool-sil304/,301
/upcp_product/window-sill-stool-sil305/,/products/trim-mouldings/window-sill-stool-sil305/,301
/mouldings/product/window-sill-stool-sil305/,/products/trim-mouldings/window-sill-stool-sil305/,301
/interior-doors/product/window-sill-stool-sil305/,/products/trim-mouldings/window-sill-stool-sil305/,301
/doors/product/window-sill-stool-sil305/,/products/trim-mouldings/window-sill-stool-sil305/,301
/upcp_product/window-sill-stool-sil306/,/products/trim-mouldings/window-sill-stool-sil306/,301
/mouldings/product/window-sill-stool-sil306/,/products/trim-mouldings/window-sill-stool-sil306/,301
/interior-doors/product/window-sill-stool-sil306/,/products/trim-mouldings/window-sill-stool-sil306/,301
/doors/product/window-sill-stool-sil306/,/products/trim-mouldings/window-sill-stool-sil306/,301
/upcp_product/window-sill-stool-sil502/,/products/trim-mouldings/window-sill-stool-sil502/,301
/mouldings/product/window-sill-stool-sil502/,/products/trim-mouldings/window-sill-stool-sil502/,301
/interior-doors/product/window-sill-stool-sil502/,/products/trim-mouldings/window-sill-stool-sil502/,301
/doors/product/window-sill-stool-sil502/,/products/trim-mouldings/window-sill-stool-sil502/,301
/upcp_product/window-sill-stool-sil503/,/products/trim-mouldings/window-sill-stool-sil503/,301
/mouldings/product/window-sill-stool-sil503/,/products/trim-mouldings/window-sill-stool-sil503/,301
/interior-doors/product/window-sill-stool-sil503/,/products/trim-mouldings/window-sill-stool-sil503/,301
/doors/product/window-sill-stool-sil503/,/products/trim-mouldings/window-sill-stool-sil503/,301
/upcp_product/window-sill-stool-sil702/,/products/trim-mouldings/window-sill-stool-sil702/,301
/mouldings/product/window-sill-stool-sil702/,/products/trim-mouldings/window-sill-stool-sil702/,301
/interior-doors/product/window-sill-stool-sil702/,/products/trim-mouldings/window-sill-stool-sil702/,301
/doors/product/window-sill-stool-sil702/,/products/trim-mouldings/window-sill-stool-sil702/,301
/upcp_product/door-stop-sto100/,/products/trim-mouldings/door-stop-sto100/,301
/mouldings/product/door-stop-sto100/,/products/trim-mouldings/door-stop-sto100/,301
/interior-doors/product/door-stop-sto100/,/products/trim-mouldings/door-stop-sto100/,301
/doors/product/door-stop-sto100/,/products/trim-mouldings/door-stop-sto100/,301
/upcp_product/door-stop-sto101/,/products/trim-mouldings/door-stop-sto101/,301
/mouldings/product/door-stop-sto101/,/products/trim-mouldings/door-stop-sto101/,301
/interior-doors/product/door-stop-sto101/,/products/trim-mouldings/door-stop-sto101/,301
/doors/product/door-stop-sto101/,/products/trim-mouldings/door-stop-sto101/,301
/upcp_product/door-stop-sto102/,/products/trim-mouldings/door-stop-sto102/,301
/mouldings/product/door-stop-sto102/,/products/trim-mouldings/door-stop-sto102/,301
/interior-doors/product/door-stop-sto102/,/products/trim-mouldings/door-stop-sto102/,301
/doors/product/door-stop-sto102/,/products/trim-mouldings/door-stop-sto102/,301
/upcp_product/door-stop-sto111/,/products/trim-mouldings/door-stop-sto111/,301
/mouldings/product/door-stop-sto111/,/products/trim-mouldings/door-stop-sto111/,301
/interior-doors/product/door-stop-sto111/,/products/trim-mouldings/door-stop-sto111/,301
/doors/product/door-stop-sto111/,/products/trim-mouldings/door-stop-sto111/,301
/upcp_product/door-stop-sto112/,/products/trim-mouldings/door-stop-sto112/,301
/mouldings/product/door-stop-sto112/,/products/trim-mouldings/door-stop-sto112/,301
/interior-doors/product/door-stop-sto112/,/products/trim-mouldings/door-stop-sto112/,301
/doors/product/door-stop-sto112/,/products/trim-mouldings/door-stop-sto112/,301
/upcp_product/door-stop-sto139/,/products/trim-mouldings/door-stop-sto139/,301
/mouldings/product/door-stop-sto139/,/products/trim-mouldings/door-stop-sto139/,301
/interior-doors/product/door-stop-sto139/,/products/trim-mouldings/door-stop-sto139/,301
/doors/product/door-stop-sto139/,/products/trim-mouldings/door-stop-sto139/,301
/upcp_product/door-stop-sto174/,/products/trim-mouldings/door-stop-sto174/,301
/mouldings/product/door-stop-sto174/,/products/trim-mouldings/door-stop-sto174/,301
/interior-doors/product/door-stop-sto174/,/products/trim-mouldings/door-stop-sto174/,301
/doors/product/door-stop-sto174/,/products/trim-mouldings/door-stop-sto174/,301
/upcp_product/door-stop-sto181/,/products/trim-mouldings/door-stop-sto181/,301
/mouldings/product/door-stop-sto181/,/products/trim-mouldings/door-stop-sto181/,301
/interior-doors/product/door-stop-sto181/,/products/trim-mouldings/door-stop-sto181/,301
/doors/product/door-stop-sto181/,/products/trim-mouldings/door-stop-sto181/,301
/upcp_product/door-stop-stoal730/,/products/trim-mouldings/door-stop-stoal730/,301
/mouldings/product/door-stop-stoal730/,/products/trim-mouldings/door-stop-stoal730/,301
/interior-doors/product/door-stop-stoal730/,/products/trim-mouldings/door-stop-stoal730/,301
/doors/product/door-stop-stoal730/,/products/trim-mouldings/door-stop-stoal730/,301
/upcp_product/tongue-and-groove-tg300/,/products/trim-mouldings/tongue-and-groove-tg300/,301
/mouldings/product/tongue-and-groove-tg300/,/products/trim-mouldings/tongue-and-groove-tg300/,301
/interior-doors/product/tongue-and-groove-tg300/,/products/trim-mouldings/tongue-and-groove-tg300/,301
/doors/product/tongue-and-groove-tg300/,/products/trim-mouldings/tongue-and-groove-tg300/,301
/upcp_product/tongue-and-groove-tg305/,/products/trim-mouldings/tongue-and-groove-tg305/,301
/mouldings/product/tongue-and-groove-tg305/,/products/trim-mouldings/tongue-and-groove-tg305/,301
/interior-doors/product/tongue-and-groove-tg305/,/products/trim-mouldings/tongue-and-groove-tg305/,301
/doors/product/tongue-and-groove-tg305/,/products/trim-mouldings/tongue-and-groove-tg305/,301
/upcp_product/tongue-and-groove-tg409/,/products/trim-mouldings/tongue-and-groove-tg409/,301
/mouldings/product/tongue-and-groove-tg409/,/products/trim-mouldings/tongue-and-groove-tg409/,301
/interior-doors/product/tongue-and-groove-tg409/,/products/trim-mouldings/tongue-and-groove-tg409/,301
/doors/product/tongue-and-groove-tg409/,/products/trim-mouldings/tongue-and-groove-tg409/,301
/upcp_product/tongue-and-groove-tg500/,/products/trim-mouldings/tongue-and-groove-tg500/,301
/mouldings/product/tongue-and-groove-tg500/,/products/trim-mouldings/tongue-and-groove-tg500/,301
/interior-doors/product/tongue-and-groove-tg500/,/products/trim-mouldings/tongue-and-groove-tg500/,301
/doors/product/tongue-and-groove-tg500/,/products/trim-mouldings/tongue-and-groove-tg500/,301
/upcp_product/tongue-and-groove-tg502/,/products/trim-mouldings/tongue-and-groove-tg502/,301
/mouldings/product/tongue-and-groove-tg502/,/products/trim-mouldings/tongue-and-groove-tg502/,301
/interior-doors/product/tongue-and-groove-tg502/,/products/trim-mouldings/tongue-and-groove-tg502/,301
/doors/product/tongue-and-groove-tg502/,/products/trim-mouldings/tongue-and-groove-tg502/,301
/upcp_product/tongue-and-groove-tg509/,/products/trim-mouldings/tongue-and-groove-tg509/,301
/mouldings/product/tongue-and-groove-tg509/,/products/trim-mouldings/tongue-and-groove-tg509/,301
/interior-doors/product/tongue-and-groove-tg509/,/products/trim-mouldings/tongue-and-groove-tg509/,301
/doors/product/tongue-and-groove-tg509/,/products/trim-mouldings/tongue-and-groove-tg509/,301
/upcp_product/tongue-and-groove-tg537/,/products/trim-mouldings/tongue-and-groove-tg537/,301
/mouldings/product/tongue-and-groove-tg537/,/products/trim-mouldings/tongue-and-groove-tg537/,301
/interior-doors/product/tongue-and-groove-tg537/,/products/trim-mouldings/tongue-and-groove-tg537/,301
/doors/product/tongue-and-groove-tg537/,/products/trim-mouldings/tongue-and-groove-tg537/,301
/upcp_product/tongue-and-groove-tg727/,/products/trim-mouldings/tongue-and-groove-tg727/,301
/mouldings/product/tongue-and-groove-tg727/,/products/trim-mouldings/tongue-and-groove-tg727/,301
/interior-doors/product/tongue-and-groove-tg727/,/products/trim-mouldings/tongue-and-groove-tg727/,301
/doors/product/tongue-and-groove-tg727/,/products/trim-mouldings/tongue-and-groove-tg727/,301
/upcp_product/tongue-and-groove-tg800/,/products/trim-mouldings/tongue-and-groove-tg800/,301
/mouldings/product/tongue-and-groove-tg800/,/products/trim-mouldings/tongue-and-groove-tg800/,301
/interior-doors/product/tongue-and-groove-tg800/,/products/trim-mouldings/tongue-and-groove-tg800/,301
/doors/product/tongue-and-groove-tg800/,/products/trim-mouldings/tongue-and-groove-tg800/,301
/upcp_product/tongue-and-groove-tg03701/,/products/trim-mouldings/tongue-and-groove-tg03701/,301
/mouldings/product/tongue-and-groove-tg03701/,/products/trim-mouldings/tongue-and-groove-tg03701/,301
/interior-doors/product/tongue-and-groove-tg03701/,/products/trim-mouldings/tongue-and-groove-tg03701/,301
/doors/product/tongue-and-groove-tg03701/,/products/trim-mouldings/tongue-and-groove-tg03701/,301
/upcp_product/tongue-and-groove-tg-aromatic-cedar/,/products/trim-mouldings/tongue-and-groove-tg-aromatic-cedar/,301
/mouldings/product/tongue-and-groove-tg-aromatic-cedar/,/products/trim-mouldings/tongue-and-groove-tg-aromatic-cedar/,301
/interior-doors/product/tongue-and-groove-tg-aromatic-cedar/,/products/trim-mouldings/tongue-and-groove-tg-aromatic-cedar/,301
/doors/product/tongue-and-groove-tg-aromatic-cedar/,/products/trim-mouldings/tongue-and-groove-tg-aromatic-cedar/,301
/upcp_product/tongue-and-groove-porch-flooring-tgnf32/,/products/trim-mouldings/tongue-and-groove-porch-flooring-tgnf32/,301
/mouldings/product/tongue-and-groove-porch-flooring-tgnf32/,/products/trim-mouldings/tongue-and-groove-porch-flooring-tgnf32/,301
/interior-doors/product/tongue-and-groove-porch-flooring-tgnf32/,/products/trim-mouldings/tongue-and-groove-porch-flooring-tgnf32/,301
/doors/product/tongue-and-groove-porch-flooring-tgnf32/,/products/trim-mouldings/tongue-and-groove-porch-flooring-tgnf32/,301
/upcp_product/threshold-transition-thr501/,/products/trim-mouldings/threshold-transition-thr501/,301
/mouldings/product/threshold-transition-thr501/,/products/trim-mouldings/threshold-transition-thr501/,301
/interior-doors/product/threshold-transition-thr501/,/products/trim-mouldings/threshold-transition-thr501/,301
/doors/product/threshold-transition-thr501/,/products/trim-mouldings/threshold-transition-thr501/,301
/upcp_product/wine-glass-holder-moulding-win200/,/products/trim-mouldings/wine-glass-holder-moulding-win200/,301
/mouldings/product/wine-glass-holder-moulding-win200/,/products/trim-mouldings/wine-glass-holder-moulding-win200/,301
/interior-doors/product/wine-glass-holder-moulding-win200/,/products/trim-mouldings/wine-glass-holder-moulding-win200/,301
/doors/product/wine-glass-holder-moulding-win200/,/products/trim-mouldings/wine-glass-holder-moulding-win200/,301
/upcp_product/interior-door-two-panel-cambridge-carrera/,/products/interior-doors/interior-door-two-panel-cambridge-carrera/,301
/mouldings/product/interior-door-two-panel-cambridge-carrera/,/products/interior-doors/interior-door-two-panel-cambridge-carrera/,301
/interior-doors/product/interior-door-two-panel-cambridge-carrera/,/products/interior-doors/interior-door-two-panel-cambridge-carrera/,301
/doors/product/interior-door-two-panel-cambridge-carrera/,/products/interior-doors/interior-door-two-panel-cambridge-carrera/,301
/upcp_product/moulded-interior-door-two-panel-eyebrow-textured-camden/,/products/interior-doors/moulded-interior-door-two-panel-eyebrow-textured-camden/,301
/mouldings/product/moulded-interior-door-two-panel-eyebrow-textured-camden/,/products/interior-doors/moulded-interior-door-two-panel-eyebrow-textured-camden/,301
/interior-doors/product/moulded-interior-door-two-panel-eyebrow-textured-camden/,/products/interior-doors/moulded-interior-door-two-panel-eyebrow-textured-camden/,301
/doors/product/moulded-interior-door-two-panel-eyebrow-textured-camden/,/products/interior-doors/moulded-interior-door-two-panel-eyebrow-textured-camden/,301
/upcp_product/moulded-interior-door-six-panel-textured-colonist/,/products/interior-doors/moulded-interior-door-six-panel-textured-colonist/,301
/mouldings/product/moulded-interior-door-six-panel-textured-colonist/,/products/interior-doors/moulded-interior-door-six-panel-textured-colonist/,301
/interior-doors/product/moulded-interior-door-six-panel-textured-colonist/,/products/interior-doors/moulded-interior-door-six-panel-textured-colonist/,301
/doors/product/moulded-interior-door-six-panel-textured-colonist/,/products/interior-doors/moulded-interior-door-six-panel-textured-colonist/,301
/upcp_product/moulded-interior-door-five-panel-smooth-conmore/,/products/interior-doors/moulded-interior-door-five-panel-smooth-conmore/,301
/mouldings/product/moulded-interior-door-five-panel-smooth-conmore/,/products/interior-doors/moulded-interior-door-five-panel-smooth-conmore/,301
/interior-doors/product/moulded-interior-door-five-panel-smooth-conmore/,/products/interior-doors/moulded-interior-door-five-panel-smooth-conmore/,301
/doors/product/moulded-interior-door-five-panel-smooth-conmore/,/products/interior-doors/moulded-interior-door-five-panel-smooth-conmore/,301
/upcp_product/moulded-interior-door-two-panel-arch-smooth-continental/,/products/interior-doors/moulded-interior-door-two-panel-arch-smooth-continental/,301
/mouldings/product/moulded-interior-door-two-panel-arch-smooth-continental/,/products/interior-doors/moulded-interior-door-two-panel-arch-smooth-continental/,301
/interior-doors/product/moulded-interior-door-two-panel-arch-smooth-continental/,/products/interior-doors/moulded-interior-door-two-panel-arch-smooth-continental/,301
/doors/product/moulded-interior-door-two-panel-arch-smooth-continental/,/products/interior-doors/moulded-interior-door-two-panel-arch-smooth-continental/,301
/upcp_product/moulded-interior-door-three-panel-smooth-craftsman/,/products/interior-doors/moulded-interior-door-three-panel-smooth-craftsman/,301
/mouldings/product/moulded-interior-door-three-panel-smooth-craftsman/,/products/interior-doors/moulded-interior-door-three-panel-smooth-craftsman/,301
/interior-doors/product/moulded-interior-door-three-panel-smooth-craftsman/,/products/interior-doors/moulded-interior-door-three-panel-smooth-craftsman/,301
/doors/product/moulded-interior-door-three-panel-smooth-craftsman/,/products/interior-doors/moulded-interior-door-three-panel-smooth-craftsman/,301
/upcp_product/one-panel-madison-door/,/products/interior-doors/one-panel-madison-door/,301
/mouldings/product/one-panel-madison-door/,/products/interior-doors/one-panel-madison-door/,301
/interior-doors/product/one-panel-madison-door/,/products/interior-doors/one-panel-madison-door/,301
/doors/product/one-panel-madison-door/,/products/interior-doors/one-panel-madison-door/,301
/upcp_product/moulded-interior-door-two-panel-smooth-monroe/,/products/interior-doors/moulded-interior-door-two-panel-smooth-monroe/,301
/mouldings/product/moulded-interior-door-two-panel-smooth-monroe/,/products/interior-doors/moulded-interior-door-two-panel-smooth-monroe/,301
/interior-doors/product/moulded-interior-door-two-panel-smooth-monroe/,/products/interior-doors/moulded-interior-door-two-panel-smooth-monroe/,301
/doors/product/moulded-interior-door-two-panel-smooth-monroe/,/products/interior-doors/moulded-interior-door-two-panel-smooth-monroe/,301
/upcp_product/moulded-interior-door-two-panel-eyebrow-smooth/,/products/interior-doors/moulded-interior-door-two-panel-eyebrow-smooth/,301
/mouldings/product/moulded-interior-door-two-panel-eyebrow-smooth/,/products/interior-doors/moulded-interior-door-two-panel-eyebrow-smooth/,301
/interior-doors/product/moulded-interior-door-two-panel-eyebrow-smooth/,/products/interior-doors/moulded-interior-door-two-panel-eyebrow-smooth/,301
/doors/product/moulded-interior-door-two-panel-eyebrow-smooth/,/products/interior-doors/moulded-interior-door-two-panel-eyebrow-smooth/,301
/upcp_product/moulded-interior-door-five-panel-smooth-rockport/,/products/interior-doors/moulded-interior-door-five-panel-smooth-rockport/,301
/mouldings/product/moulded-interior-door-five-panel-smooth-rockport/,/products/interior-doors/moulded-interior-door-five-panel-smooth-rockport/,301
/interior-doors/product/moulded-interior-door-five-panel-smooth-rockport/,/products/interior-doors/moulded-interior-door-five-panel-smooth-rockport/,301
/doors/product/moulded-interior-door-five-panel-smooth-rockport/,/products/interior-doors/moulded-interior-door-five-panel-smooth-rockport/,301
/upcp_product/moulded-interior-door-two-panel-arc-smooth-vgroove-santafe/,/products/interior-doors/moulded-interior-door-two-panel-arc-smooth-vgroove-santafe/,301
/mouldings/product/moulded-interior-door-two-panel-arc-smooth-vgroove-santafe/,/products/interior-doors/moulded-interior-door-two-panel-arc-smooth-vgroove-santafe/,301
/interior-doors/product/moulded-interior-door-two-panel-arc-smooth-vgroove-santafe/,/products/interior-doors/moulded-interior-door-two-panel-arc-smooth-vgroove-santafe/,301
/doors/product/moulded-interior-door-two-panel-arc-smooth-vgroove-santafe/,/products/interior-doors/moulded-interior-door-two-panel-arc-smooth-vgroove-santafe/,301
/upcp_product/moulded-interior-door-west-end-melrose/,/products/interior-doors/moulded-interior-door-west-end-melrose/,301
/mouldings/product/moulded-interior-door-west-end-melrose/,/products/interior-doors/moulded-interior-door-west-end-melrose/,301
/interior-doors/product/moulded-interior-door-west-end-melrose/,/products/interior-doors/moulded-interior-door-west-end-melrose/,301
/doors/product/moulded-interior-door-west-end-melrose/,/products/interior-doors/moulded-interior-door-west-end-melrose/,301
/upcp_product/one-panel-shaker-door-8401/,/products/interior-doors/one-panel-shaker-door-8401/,301
/mouldings/product/one-panel-shaker-door-8401/,/products/interior-doors/one-panel-shaker-door-8401/,301
/interior-doors/product/one-panel-shaker-door-8401/,/products/interior-doors/one-panel-shaker-door-8401/,301
/doors/product/one-panel-shaker-door-8401/,/products/interior-doors/one-panel-shaker-door-8401/,301
/upcp_product/two-panel-shaker-door-8402/,/products/interior-doors/two-panel-shaker-door-8402/,301
/mouldings/product/two-panel-shaker-door-8402/,/products/interior-doors/two-panel-shaker-door-8402/,301
/interior-doors/product/two-panel-shaker-door-8402/,/products/interior-doors/two-panel-shaker-door-8402/,301
/doors/product/two-panel-shaker-door-8402/,/products/interior-doors/two-panel-shaker-door-8402/,301
/upcp_product/three-panel-craftsman-shaker-door-8403/,/products/interior-doors/three-panel-craftsman-shaker-door-8403/,301
/mouldings/product/three-panel-craftsman-shaker-door-8403/,/products/interior-doors/three-panel-craftsman-shaker-door-8403/,301
/interior-doors/product/three-panel-craftsman-shaker-door-8403/,/products/interior-doors/three-panel-craftsman-shaker-door-8403/,301
/doors/product/three-panel-craftsman-shaker-door-8403/,/products/interior-doors/three-panel-craftsman-shaker-door-8403/,301
/upcp_product/three-equal-panel-shaker-door-8433/,/products/interior-doors/three-equal-panel-shaker-door-8433/,301
/mouldings/product/three-equal-panel-shaker-door-8433/,/products/interior-doors/three-equal-panel-shaker-door-8433/,301
/interior-doors/product/three-equal-panel-shaker-door-8433/,/products/interior-doors/three-equal-panel-shaker-door-8433/,301
/doors/product/three-equal-panel-shaker-door-8433/,/products/interior-doors/three-equal-panel-shaker-door-8433/,301
/upcp_product/four-panel-shaker-door-8444/,/products/interior-doors/four-panel-shaker-door-8444/,301
/mouldings/product/four-panel-shaker-door-8444/,/products/interior-doors/four-panel-shaker-door-8444/,301
/interior-doors/product/four-panel-shaker-door-8444/,/products/interior-doors/four-panel-shaker-door-8444/,301
/doors/product/four-panel-shaker-door-8444/,/products/interior-doors/four-panel-shaker-door-8444/,301
/upcp_product/five-panel-shaker-door-8405/,/products/interior-doors/five-panel-shaker-door-8405/,301
/mouldings/product/five-panel-shaker-door-8405/,/products/interior-doors/five-panel-shaker-door-8405/,301
/interior-doors/product/five-panel-shaker-door-8405/,/products/interior-doors/five-panel-shaker-door-8405/,301
/doors/product/five-panel-shaker-door-8405/,/products/interior-doors/five-panel-shaker-door-8405/,301
/upcp_product/fir-shaker-door-8401/,/products/interior-doors/fir-shaker-door-8401/,301
/mouldings/product/fir-shaker-door-8401/,/products/interior-doors/fir-shaker-door-8401/,301
/interior-doors/product/fir-shaker-door-8401/,/products/interior-doors/fir-shaker-door-8401/,301
/doors/product/fir-shaker-door-8401/,/products/interior-doors/fir-shaker-door-8401/,301
/upcp_product/fir-shaker-door-8402/,/products/interior-doors/fir-shaker-door-8402/,301
/mouldings/product/fir-shaker-door-8402/,/products/interior-doors/fir-shaker-door-8402/,301
/interior-doors/product/fir-shaker-door-8402/,/products/interior-doors/fir-shaker-door-8402/,301
/doors/product/fir-shaker-door-8402/,/products/interior-doors/fir-shaker-door-8402/,301
/upcp_product/fir-shaker-door-craftsman/,/products/interior-doors/fir-shaker-door-craftsman/,301
/mouldings/product/fir-shaker-door-craftsman/,/products/interior-doors/fir-shaker-door-craftsman/,301
/interior-doors/product/fir-shaker-door-craftsman/,/products/interior-doors/fir-shaker-door-craftsman/,301
/doors/product/fir-shaker-door-craftsman/,/products/interior-doors/fir-shaker-door-craftsman/,301
/upcp_product/fir-shaker-door-8433/,/products/interior-doors/fir-shaker-door-8433/,301
/mouldings/product/fir-shaker-door-8433/,/products/interior-doors/fir-shaker-door-8433/,301
/interior-doors/product/fir-shaker-door-8433/,/products/interior-doors/fir-shaker-door-8433/,301
/doors/product/fir-shaker-door-8433/,/products/interior-doors/fir-shaker-door-8433/,301
/upcp_product/fir-shaker-door-8405/,/products/interior-doors/fir-shaker-door-8405/,301
/mouldings/product/fir-shaker-door-8405/,/products/interior-doors/fir-shaker-door-8405/,301
/interior-doors/product/fir-shaker-door-8405/,/products/interior-doors/fir-shaker-door-8405/,301
/doors/product/fir-shaker-door-8405/,/products/interior-doors/fir-shaker-door-8405/,301
/upcp_product/french-door-8402-2-lite-shaker-white-lam-glass/,/products/interior-doors/french-door-8402-2-lite-shaker-white-lam-glass/,301
/mouldings/product/french-door-8402-2-lite-shaker-white-lam-glass/,/products/interior-doors/french-door-8402-2-lite-shaker-white-lam-glass/,301
/interior-doors/product/french-door-8402-2-lite-shaker-white-lam-glass/,/products/interior-doors/french-door-8402-2-lite-shaker-white-lam-glass/,301
/doors/product/french-door-8402-2-lite-shaker-white-lam-glass/,/products/interior-doors/french-door-8402-2-lite-shaker-white-lam-glass/,301
/upcp_product/french-door-8403-3-lite-shaker-craftsman-white-lam-glass/,/products/interior-doors/french-door-8403-3-lite-shaker-craftsman-white-lam-glass/,301
/mouldings/product/french-door-8403-3-lite-shaker-craftsman-white-lam-glass/,/products/interior-doors/french-door-8403-3-lite-shaker-craftsman-white-lam-glass/,301
/interior-doors/product/french-door-8403-3-lite-shaker-craftsman-white-lam-glass/,/products/interior-doors/french-door-8403-3-lite-shaker-craftsman-white-lam-glass/,301
/doors/product/french-door-8403-3-lite-shaker-craftsman-white-lam-glass/,/products/interior-doors/french-door-8403-3-lite-shaker-craftsman-white-lam-glass/,301
/upcp_product/french-door-8405-5-lite-shaker-clear-glass/,/products/interior-doors/french-door-8405-5-lite-shaker-clear-glass/,301
/mouldings/product/french-door-8405-5-lite-shaker-clear-glass/,/products/interior-doors/french-door-8405-5-lite-shaker-clear-glass/,301
/interior-doors/product/french-door-8405-5-lite-shaker-clear-glass/,/products/interior-doors/french-door-8405-5-lite-shaker-clear-glass/,301
/doors/product/french-door-8405-5-lite-shaker-clear-glass/,/products/interior-doors/french-door-8405-5-lite-shaker-clear-glass/,301
/upcp_product/french-door-8405-5-lite-shaker-white-lam-glass/,/products/interior-doors/french-door-8405-5-lite-shaker-white-lam-glass/,301
/mouldings/product/french-door-8405-5-lite-shaker-white-lam-glass/,/products/interior-doors/french-door-8405-5-lite-shaker-white-lam-glass/,301
/interior-doors/product/french-door-8405-5-lite-shaker-white-lam-glass/,/products/interior-doors/french-door-8405-5-lite-shaker-white-lam-glass/,301
/doors/product/french-door-8405-5-lite-shaker-white-lam-glass/,/products/interior-doors/french-door-8405-5-lite-shaker-white-lam-glass/,301
/upcp_product/french-door-8433-3-equal-lite-shaker-clear-glass/,/products/interior-doors/french-door-8433-3-equal-lite-shaker-clear-glass/,301
/mouldings/product/french-door-8433-3-equal-lite-shaker-clear-glass/,/products/interior-doors/french-door-8433-3-equal-lite-shaker-clear-glass/,301
/interior-doors/product/french-door-8433-3-equal-lite-shaker-clear-glass/,/products/interior-doors/french-door-8433-3-equal-lite-shaker-clear-glass/,301
/doors/product/french-door-8433-3-equal-lite-shaker-clear-glass/,/products/interior-doors/french-door-8433-3-equal-lite-shaker-clear-glass/,301
/upcp_product/french-door-8433-3-equal-lite-shaker-white-lam-glass/,/products/interior-doors/french-door-8433-3-equal-lite-shaker-white-lam-glass/,301
/mouldings/product/french-door-8433-3-equal-lite-shaker-white-lam-glass/,/products/interior-doors/french-door-8433-3-equal-lite-shaker-white-lam-glass/,301
/interior-doors/product/french-door-8433-3-equal-lite-shaker-white-lam-glass/,/products/interior-doors/french-door-8433-3-equal-lite-shaker-white-lam-glass/,301
/doors/product/french-door-8433-3-equal-lite-shaker-white-lam-glass/,/products/interior-doors/french-door-8433-3-equal-lite-shaker-white-lam-glass/,301
/upcp_product/french-door-8444-4-lite-shaker-clear-glass/,/products/interior-doors/french-door-8444-4-lite-shaker-clear-glass/,301
/mouldings/product/french-door-8444-4-lite-shaker-clear-glass/,/products/interior-doors/french-door-8444-4-lite-shaker-clear-glass/,301
/interior-doors/product/french-door-8444-4-lite-shaker-clear-glass/,/products/interior-doors/french-door-8444-4-lite-shaker-clear-glass/,301
/doors/product/french-door-8444-4-lite-shaker-clear-glass/,/products/interior-doors/french-door-8444-4-lite-shaker-clear-glass/,301
/upcp_product/french-door-8444-4-lite-shaker-white-lam-glass/,/products/interior-doors/french-door-8444-4-lite-shaker-white-lam-glass/,301
/mouldings/product/french-door-8444-4-lite-shaker-white-lam-glass/,/products/interior-doors/french-door-8444-4-lite-shaker-white-lam-glass/,301
/interior-doors/product/french-door-8444-4-lite-shaker-white-lam-glass/,/products/interior-doors/french-door-8444-4-lite-shaker-white-lam-glass/,301
/doors/product/french-door-8444-4-lite-shaker-white-lam-glass/,/products/interior-doors/french-door-8444-4-lite-shaker-white-lam-glass/,301
/upcp_product/french-door-adelaide-8ft.tif/,/products/interior-doors/french-door-adelaide-8ft-tif/,301
/mouldings/product/french-door-adelaide-8ft.tif/,/products/interior-doors/french-door-adelaide-8ft-tif/,301
/interior-doors/product/french-door-adelaide-8ft.tif/,/products/interior-doors/french-door-adelaide-8ft-tif/,301
/doors/product/french-door-adelaide-8ft.tif/,/products/interior-doors/french-door-adelaide-8ft-tif/,301
/upcp_product/french-door-adelaide-8ft-tif/,/products/interior-doors/french-door-adelaide-8ft-tif/,301
/mouldings/product/french-door-adelaide-8ft-tif/,/products/interior-doors/french-door-adelaide-8ft-tif/,301
/interior-doors/product/french-door-adelaide-8ft-tif/,/products/interior-doors/french-door-adelaide-8ft-tif/,301
/doors/product/french-door-adelaide-8ft-tif/,/products/interior-doors/french-door-adelaide-8ft-tif/,301
/upcp_product/french-door-adelaide.tif/,/products/interior-doors/french-door-adelaide-tif/,301
/mouldings/product/french-door-adelaide.tif/,/products/interior-doors/french-door-adelaide-tif/,301
/interior-doors/product/french-door-adelaide.tif/,/products/interior-doors/french-door-adelaide-tif/,301
/doors/product/french-door-adelaide.tif/,/products/interior-doors/french-door-adelaide-tif/,301
/upcp_product/french-door-adelaide-tif/,/products/interior-doors/french-door-adelaide-tif/,301
/mouldings/product/french-door-adelaide-tif/,/products/interior-doors/french-door-adelaide-tif/,301
/interior-doors/product/french-door-adelaide-tif/,/products/interior-doors/french-door-adelaide-tif/,301
/doors/product/french-door-adelaide-tif/,/products/interior-doors/french-door-adelaide-tif/,301
/upcp_product/french-door-artisan-8ft.tif/,/products/interior-doors/french-door-artisan-8ft-tif/,301
/mouldings/product/french-door-artisan-8ft.tif/,/products/interior-doors/french-door-artisan-8ft-tif/,301
/interior-doors/product/french-door-artisan-8ft.tif/,/products/interior-doors/french-door-artisan-8ft-tif/,301
/doors/product/french-door-artisan-8ft.tif/,/products/interior-doors/french-door-artisan-8ft-tif/,301
/upcp_product/french-door-artisan-8ft-tif/,/products/interior-doors/french-door-artisan-8ft-tif/,301
/mouldings/product/french-door-artisan-8ft-tif/,/products/interior-doors/french-door-artisan-8ft-tif/,301
/interior-doors/product/french-door-artisan-8ft-tif/,/products/interior-doors/french-door-artisan-8ft-tif/,301
/doors/product/french-door-artisan-8ft-tif/,/products/interior-doors/french-door-artisan-8ft-tif/,301
/upcp_product/french-door-artisan.tif/,/products/interior-doors/french-door-artisan-tif/,301
/mouldings/product/french-door-artisan.tif/,/products/interior-doors/french-door-artisan-tif/,301
/interior-doors/product/french-door-artisan.tif/,/products/interior-doors/french-door-artisan-tif/,301
/doors/product/french-door-artisan.tif/,/products/interior-doors/french-door-artisan-tif/,301
/upcp_product/french-door-artisan-tif/,/products/interior-doors/french-door-artisan-tif/,301
/mouldings/product/french-door-artisan-tif/,/products/interior-doors/french-door-artisan-tif/,301
/interior-doors/product/french-door-artisan-tif/,/products/interior-doors/french-door-artisan-tif/,301
/doors/product/french-door-artisan-tif/,/products/interior-doors/french-door-artisan-tif/,301
/upcp_product/french-door-classic-15lite-woodbar.tif/,/products/interior-doors/french-door-classic-15lite-woodbar-tif/,301
/mouldings/product/french-door-classic-15lite-woodbar.tif/,/products/interior-doors/french-door-classic-15lite-woodbar-tif/,301
/interior-doors/product/french-door-classic-15lite-woodbar.tif/,/products/interior-doors/french-door-classic-15lite-woodbar-tif/,301
/doors/product/french-door-classic-15lite-woodbar.tif/,/products/interior-doors/french-door-classic-15lite-woodbar-tif/,301
/upcp_product/french-door-classic-15lite-woodbar-tif/,/products/interior-doors/french-door-classic-15lite-woodbar-tif/,301
/mouldings/product/french-door-classic-15lite-woodbar-tif/,/products/interior-doors/french-door-classic-15lite-woodbar-tif/,301
/interior-doors/product/french-door-classic-15lite-woodbar-tif/,/products/interior-doors/french-door-classic-15lite-woodbar-tif/,301
/doors/product/french-door-classic-15lite-woodbar-tif/,/products/interior-doors/french-door-classic-15lite-woodbar-tif/,301
/upcp_product/french-door-cs1000c.jpg/,/products/interior-doors/french-door-cs1000c-jpg/,301
/mouldings/product/french-door-cs1000c.jpg/,/products/interior-doors/french-door-cs1000c-jpg/,301
/interior-doors/product/french-door-cs1000c.jpg/,/products/interior-doors/french-door-cs1000c-jpg/,301
/doors/product/french-door-cs1000c.jpg/,/products/interior-doors/french-door-cs1000c-jpg/,301
/upcp_product/french-door-cs1000c-jpg/,/products/interior-doors/french-door-cs1000c-jpg/,301
/mouldings/product/french-door-cs1000c-jpg/,/products/interior-doors/french-door-cs1000c-jpg/,301
/interior-doors/product/french-door-cs1000c-jpg/,/products/interior-doors/french-door-cs1000c-jpg/,301
/doors/product/french-door-cs1000c-jpg/,/products/interior-doors/french-door-cs1000c-jpg/,301
/upcp_product/french-door-cs1000s.jpg/,/products/interior-doors/french-door-cs1000s-jpg/,301
/mouldings/product/french-door-cs1000s.jpg/,/products/interior-doors/french-door-cs1000s-jpg/,301
/interior-doors/product/french-door-cs1000s.jpg/,/products/interior-doors/french-door-cs1000s-jpg/,301
/doors/product/french-door-cs1000s.jpg/,/products/interior-doors/french-door-cs1000s-jpg/,301
/upcp_product/french-door-cs1000s-jpg/,/products/interior-doors/french-door-cs1000s-jpg/,301
/mouldings/product/french-door-cs1000s-jpg/,/products/interior-doors/french-door-cs1000s-jpg/,301
/interior-doors/product/french-door-cs1000s-jpg/,/products/interior-doors/french-door-cs1000s-jpg/,301
/doors/product/french-door-cs1000s-jpg/,/products/interior-doors/french-door-cs1000s-jpg/,301
/upcp_product/french-door-cs1010.jpg/,/products/interior-doors/french-door-cs1010-jpg/,301
/mouldings/product/french-door-cs1010.jpg/,/products/interior-doors/french-door-cs1010-jpg/,301
/interior-doors/product/french-door-cs1010.jpg/,/products/interior-doors/french-door-cs1010-jpg/,301
/doors/product/french-door-cs1010.jpg/,/products/interior-doors/french-door-cs1010-jpg/,301
/upcp_product/french-door-cs1010-jpg/,/products/interior-doors/french-door-cs1010-jpg/,301
/mouldings/product/french-door-cs1010-jpg/,/products/interior-doors/french-door-cs1010-jpg/,301
/interior-doors/product/french-door-cs1010-jpg/,/products/interior-doors/french-door-cs1010-jpg/,301
/doors/product/french-door-cs1010-jpg/,/products/interior-doors/french-door-cs1010-jpg/,301
/upcp_product/french-door-cs1010c.jpg/,/products/interior-doors/french-door-cs1010c-jpg/,301
/mouldings/product/french-door-cs1010c.jpg/,/products/interior-doors/french-door-cs1010c-jpg/,301
/interior-doors/product/french-door-cs1010c.jpg/,/products/interior-doors/french-door-cs1010c-jpg/,301
/doors/product/french-door-cs1010c.jpg/,/products/interior-doors/french-door-cs1010c-jpg/,301
/upcp_product/french-door-cs1010c-jpg/,/products/interior-doors/french-door-cs1010c-jpg/,301
/mouldings/product/french-door-cs1010c-jpg/,/products/interior-doors/french-door-cs1010c-jpg/,301
/interior-doors/product/french-door-cs1010c-jpg/,/products/interior-doors/french-door-cs1010c-jpg/,301
/doors/product/french-door-cs1010c-jpg/,/products/interior-doors/french-door-cs1010c-jpg/,301
/upcp_product/french-door-cs1010s.jpg/,/products/interior-doors/french-door-cs1010s-jpg/,301
/mouldings/product/french-door-cs1010s.jpg/,/products/interior-doors/french-door-cs1010s-jpg/,301
/interior-doors/product/french-door-cs1010s.jpg/,/products/interior-doors/french-door-cs1010s-jpg/,301
/doors/product/french-door-cs1010s.jpg/,/products/interior-doors/french-door-cs1010s-jpg/,301
/upcp_product/french-door-cs1010s-jpg/,/products/interior-doors/french-door-cs1010s-jpg/,301
/mouldings/product/french-door-cs1010s-jpg/,/products/interior-doors/french-door-cs1010s-jpg/,301
/interior-doors/product/french-door-cs1010s-jpg/,/products/interior-doors/french-door-cs1010s-jpg/,301
/doors/product/french-door-cs1010s-jpg/,/products/interior-doors/french-door-cs1010s-jpg/,301
/upcp_product/french-door-cs101a.jpg/,/products/interior-doors/french-door-cs101a-jpg/,301
/mouldings/product/french-door-cs101a.jpg/,/products/interior-doors/french-door-cs101a-jpg/,301
/interior-doors/product/french-door-cs101a.jpg/,/products/interior-doors/french-door-cs101a-jpg/,301
/doors/product/french-door-cs101a.jpg/,/products/interior-doors/french-door-cs101a-jpg/,301
/upcp_product/french-door-cs101a-jpg/,/products/interior-doors/french-door-cs101a-jpg/,301
/mouldings/product/french-door-cs101a-jpg/,/products/interior-doors/french-door-cs101a-jpg/,301
/interior-doors/product/french-door-cs101a-jpg/,/products/interior-doors/french-door-cs101a-jpg/,301
/doors/product/french-door-cs101a-jpg/,/products/interior-doors/french-door-cs101a-jpg/,301
/upcp_product/french-door-cs101ac.jpg/,/products/interior-doors/french-door-cs101ac-jpg/,301
/mouldings/product/french-door-cs101ac.jpg/,/products/interior-doors/french-door-cs101ac-jpg/,301
/interior-doors/product/french-door-cs101ac.jpg/,/products/interior-doors/french-door-cs101ac-jpg/,301
/doors/product/french-door-cs101ac.jpg/,/products/interior-doors/french-door-cs101ac-jpg/,301
/upcp_product/french-door-cs101ac-jpg/,/products/interior-doors/french-door-cs101ac-jpg/,301
/mouldings/product/french-door-cs101ac-jpg/,/products/interior-doors/french-door-cs101ac-jpg/,301
/interior-doors/product/french-door-cs101ac-jpg/,/products/interior-doors/french-door-cs101ac-jpg/,301
/doors/product/french-door-cs101ac-jpg/,/products/interior-doors/french-door-cs101ac-jpg/,301
/upcp_product/french-door-cs101as.jpg/,/products/interior-doors/french-door-cs101as-jpg/,301
/mouldings/product/french-door-cs101as.jpg/,/products/interior-doors/french-door-cs101as-jpg/,301
/interior-doors/product/french-door-cs101as.jpg/,/products/interior-doors/french-door-cs101as-jpg/,301
/doors/product/french-door-cs101as.jpg/,/products/interior-doors/french-door-cs101as-jpg/,301
/upcp_product/french-door-cs101as-jpg/,/products/interior-doors/french-door-cs101as-jpg/,301
/mouldings/product/french-door-cs101as-jpg/,/products/interior-doors/french-door-cs101as-jpg/,301
/interior-doors/product/french-door-cs101as-jpg/,/products/interior-doors/french-door-cs101as-jpg/,301
/doors/product/french-door-cs101as-jpg/,/products/interior-doors/french-door-cs101as-jpg/,301
/upcp_product/french-door-cs3030.jpg/,/products/interior-doors/french-door-cs3030-jpg/,301
/mouldings/product/french-door-cs3030.jpg/,/products/interior-doors/french-door-cs3030-jpg/,301
/interior-doors/product/french-door-cs3030.jpg/,/products/interior-doors/french-door-cs3030-jpg/,301
/doors/product/french-door-cs3030.jpg/,/products/interior-doors/french-door-cs3030-jpg/,301
/upcp_product/french-door-cs3030-jpg/,/products/interior-doors/french-door-cs3030-jpg/,301
/mouldings/product/french-door-cs3030-jpg/,/products/interior-doors/french-door-cs3030-jpg/,301
/interior-doors/product/french-door-cs3030-jpg/,/products/interior-doors/french-door-cs3030-jpg/,301
/doors/product/french-door-cs3030-jpg/,/products/interior-doors/french-door-cs3030-jpg/,301
/upcp_product/french-door-cs3030c.jpg/,/products/interior-doors/french-door-cs3030c-jpg/,301
/mouldings/product/french-door-cs3030c.jpg/,/products/interior-doors/french-door-cs3030c-jpg/,301
/interior-doors/product/french-door-cs3030c.jpg/,/products/interior-doors/french-door-cs3030c-jpg/,301
/doors/product/french-door-cs3030c.jpg/,/products/interior-doors/french-door-cs3030c-jpg/,301
/upcp_product/french-door-cs3030c-jpg/,/products/interior-doors/french-door-cs3030c-jpg/,301
/mouldings/product/french-door-cs3030c-jpg/,/products/interior-doors/french-door-cs3030c-jpg/,301
/interior-doors/product/french-door-cs3030c-jpg/,/products/interior-doors/french-door-cs3030c-jpg/,301
/doors/product/french-door-cs3030c-jpg/,/products/interior-doors/french-door-cs3030c-jpg/,301
/upcp_product/french-door-cs3030s.jpg/,/products/interior-doors/french-door-cs3030s-jpg/,301
/mouldings/product/french-door-cs3030s.jpg/,/products/interior-doors/french-door-cs3030s-jpg/,301
/interior-doors/product/french-door-cs3030s.jpg/,/products/interior-doors/french-door-cs3030s-jpg/,301
/doors/product/french-door-cs3030s.jpg/,/products/interior-doors/french-door-cs3030s-jpg/,301
/upcp_product/french-door-cs3030s-jpg/,/products/interior-doors/french-door-cs3030s-jpg/,301
/mouldings/product/french-door-cs3030s-jpg/,/products/interior-doors/french-door-cs3030s-jpg/,301
/interior-doors/product/french-door-cs3030s-jpg/,/products/interior-doors/french-door-cs3030s-jpg/,301
/doors/product/french-door-cs3030s-jpg/,/products/interior-doors/french-door-cs3030s-jpg/,301
/upcp_product/french-door-cs303l.jpg/,/products/interior-doors/french-door-cs303l-jpg/,301
/mouldings/product/french-door-cs303l.jpg/,/products/interior-doors/french-door-cs303l-jpg/,301
/interior-doors/product/french-door-cs303l.jpg/,/products/interior-doors/french-door-cs303l-jpg/,301
/doors/product/french-door-cs303l.jpg/,/products/interior-doors/french-door-cs303l-jpg/,301
/upcp_product/french-door-cs303l-jpg/,/products/interior-doors/french-door-cs303l-jpg/,301
/mouldings/product/french-door-cs303l-jpg/,/products/interior-doors/french-door-cs303l-jpg/,301
/interior-doors/product/french-door-cs303l-jpg/,/products/interior-doors/french-door-cs303l-jpg/,301
/doors/product/french-door-cs303l-jpg/,/products/interior-doors/french-door-cs303l-jpg/,301
/upcp_product/french-door-cs3040.jpg/,/products/interior-doors/french-door-cs3040-jpg/,301
/mouldings/product/french-door-cs3040.jpg/,/products/interior-doors/french-door-cs3040-jpg/,301
/interior-doors/product/french-door-cs3040.jpg/,/products/interior-doors/french-door-cs3040-jpg/,301
/doors/product/french-door-cs3040.jpg/,/products/interior-doors/french-door-cs3040-jpg/,301
/upcp_product/french-door-cs3040-jpg/,/products/interior-doors/french-door-cs3040-jpg/,301
/mouldings/product/french-door-cs3040-jpg/,/products/interior-doors/french-door-cs3040-jpg/,301
/interior-doors/product/french-door-cs3040-jpg/,/products/interior-doors/french-door-cs3040-jpg/,301
/doors/product/french-door-cs3040-jpg/,/products/interior-doors/french-door-cs3040-jpg/,301
/upcp_product/french-door-cs3040c.jpg/,/products/interior-doors/french-door-cs3040c-jpg/,301
/mouldings/product/french-door-cs3040c.jpg/,/products/interior-doors/french-door-cs3040c-jpg/,301
/interior-doors/product/french-door-cs3040c.jpg/,/products/interior-doors/french-door-cs3040c-jpg/,301
/doors/product/french-door-cs3040c.jpg/,/products/interior-doors/french-door-cs3040c-jpg/,301
/upcp_product/french-door-cs3040c-jpg/,/products/interior-doors/french-door-cs3040c-jpg/,301
/mouldings/product/french-door-cs3040c-jpg/,/products/interior-doors/french-door-cs3040c-jpg/,301
/interior-doors/product/french-door-cs3040c-jpg/,/products/interior-doors/french-door-cs3040c-jpg/,301
/doors/product/french-door-cs3040c-jpg/,/products/interior-doors/french-door-cs3040c-jpg/,301
/upcp_product/french-door-cs3040s.jpg/,/products/interior-doors/french-door-cs3040s-jpg/,301
/mouldings/product/french-door-cs3040s.jpg/,/products/interior-doors/french-door-cs3040s-jpg/,301
/interior-doors/product/french-door-cs3040s.jpg/,/products/interior-doors/french-door-cs3040s-jpg/,301
/doors/product/french-door-cs3040s.jpg/,/products/interior-doors/french-door-cs3040s-jpg/,301
/upcp_product/french-door-cs3040s-jpg/,/products/interior-doors/french-door-cs3040s-jpg/,301
/mouldings/product/french-door-cs3040s-jpg/,/products/interior-doors/french-door-cs3040s-jpg/,301
/interior-doors/product/french-door-cs3040s-jpg/,/products/interior-doors/french-door-cs3040s-jpg/,301
/doors/product/french-door-cs3040s-jpg/,/products/interior-doors/french-door-cs3040s-jpg/,301
/upcp_product/french-door-cs304a.jpg/,/products/interior-doors/french-door-cs304a-jpg/,301
/mouldings/product/french-door-cs304a.jpg/,/products/interior-doors/french-door-cs304a-jpg/,301
/interior-doors/product/french-door-cs304a.jpg/,/products/interior-doors/french-door-cs304a-jpg/,301
/doors/product/french-door-cs304a.jpg/,/products/interior-doors/french-door-cs304a-jpg/,301
/upcp_product/french-door-cs304a-jpg/,/products/interior-doors/french-door-cs304a-jpg/,301
/mouldings/product/french-door-cs304a-jpg/,/products/interior-doors/french-door-cs304a-jpg/,301
/interior-doors/product/french-door-cs304a-jpg/,/products/interior-doors/french-door-cs304a-jpg/,301
/doors/product/french-door-cs304a-jpg/,/products/interior-doors/french-door-cs304a-jpg/,301
/upcp_product/french-door-cs304ac.jpg/,/products/interior-doors/french-door-cs304ac-jpg/,301
/mouldings/product/french-door-cs304ac.jpg/,/products/interior-doors/french-door-cs304ac-jpg/,301
/interior-doors/product/french-door-cs304ac.jpg/,/products/interior-doors/french-door-cs304ac-jpg/,301
/doors/product/french-door-cs304ac.jpg/,/products/interior-doors/french-door-cs304ac-jpg/,301
/upcp_product/french-door-cs304ac-jpg/,/products/interior-doors/french-door-cs304ac-jpg/,301
/mouldings/product/french-door-cs304ac-jpg/,/products/interior-doors/french-door-cs304ac-jpg/,301
/interior-doors/product/french-door-cs304ac-jpg/,/products/interior-doors/french-door-cs304ac-jpg/,301
/doors/product/french-door-cs304ac-jpg/,/products/interior-doors/french-door-cs304ac-jpg/,301
/upcp_product/french-door-cs304as.jpg/,/products/interior-doors/french-door-cs304as-jpg/,301
/mouldings/product/french-door-cs304as.jpg/,/products/interior-doors/french-door-cs304as-jpg/,301
/interior-doors/product/french-door-cs304as.jpg/,/products/interior-doors/french-door-cs304as-jpg/,301
/doors/product/french-door-cs304as.jpg/,/products/interior-doors/french-door-cs304as-jpg/,301
/upcp_product/french-door-cs304as-jpg/,/products/interior-doors/french-door-cs304as-jpg/,301
/mouldings/product/french-door-cs304as-jpg/,/products/interior-doors/french-door-cs304as-jpg/,301
/interior-doors/product/french-door-cs304as-jpg/,/products/interior-doors/french-door-cs304as-jpg/,301
/doors/product/french-door-cs304as-jpg/,/products/interior-doors/french-door-cs304as-jpg/,301
/upcp_product/french-door-cs304l.jpg/,/products/interior-doors/french-door-cs304l-jpg/,301
/mouldings/product/french-door-cs304l.jpg/,/products/interior-doors/french-door-cs304l-jpg/,301
/interior-doors/product/french-door-cs304l.jpg/,/products/interior-doors/french-door-cs304l-jpg/,301
/doors/product/french-door-cs304l.jpg/,/products/interior-doors/french-door-cs304l-jpg/,301
/upcp_product/french-door-cs304l-jpg/,/products/interior-doors/french-door-cs304l-jpg/,301
/mouldings/product/french-door-cs304l-jpg/,/products/interior-doors/french-door-cs304l-jpg/,301
/interior-doors/product/french-door-cs304l-jpg/,/products/interior-doors/french-door-cs304l-jpg/,301
/doors/product/french-door-cs304l-jpg/,/products/interior-doors/french-door-cs304l-jpg/,301
/upcp_product/french-door-cs3050.jpg/,/products/interior-doors/french-door-cs3050-jpg/,301
/mouldings/product/french-door-cs3050.jpg/,/products/interior-doors/french-door-cs3050-jpg/,301
/interior-doors/product/french-door-cs3050.jpg/,/products/interior-doors/french-door-cs3050-jpg/,301
/doors/product/french-door-cs3050.jpg/,/products/interior-doors/french-door-cs3050-jpg/,301
/upcp_product/french-door-cs3050-jpg/,/products/interior-doors/french-door-cs3050-jpg/,301
/mouldings/product/french-door-cs3050-jpg/,/products/interior-doors/french-door-cs3050-jpg/,301
/interior-doors/product/french-door-cs3050-jpg/,/products/interior-doors/french-door-cs3050-jpg/,301
/doors/product/french-door-cs3050-jpg/,/products/interior-doors/french-door-cs3050-jpg/,301
/upcp_product/french-door-cs3050c.jpg/,/products/interior-doors/french-door-cs3050c-jpg/,301
/mouldings/product/french-door-cs3050c.jpg/,/products/interior-doors/french-door-cs3050c-jpg/,301
/interior-doors/product/french-door-cs3050c.jpg/,/products/interior-doors/french-door-cs3050c-jpg/,301
/doors/product/french-door-cs3050c.jpg/,/products/interior-doors/french-door-cs3050c-jpg/,301
/upcp_product/french-door-cs3050c-jpg/,/products/interior-doors/french-door-cs3050c-jpg/,301
/mouldings/product/french-door-cs3050c-jpg/,/products/interior-doors/french-door-cs3050c-jpg/,301
/interior-doors/product/french-door-cs3050c-jpg/,/products/interior-doors/french-door-cs3050c-jpg/,301
/doors/product/french-door-cs3050c-jpg/,/products/interior-doors/french-door-cs3050c-jpg/,301
/upcp_product/french-door-cs3050s.jpg/,/products/interior-doors/french-door-cs3050s-jpg/,301
/mouldings/product/french-door-cs3050s.jpg/,/products/interior-doors/french-door-cs3050s-jpg/,301
/interior-doors/product/french-door-cs3050s.jpg/,/products/interior-doors/french-door-cs3050s-jpg/,301
/doors/product/french-door-cs3050s.jpg/,/products/interior-doors/french-door-cs3050s-jpg/,301
/upcp_product/french-door-cs3050s-jpg/,/products/interior-doors/french-door-cs3050s-jpg/,301
/mouldings/product/french-door-cs3050s-jpg/,/products/interior-doors/french-door-cs3050s-jpg/,301
/interior-doors/product/french-door-cs3050s-jpg/,/products/interior-doors/french-door-cs3050s-jpg/,301
/doors/product/french-door-cs3050s-jpg/,/products/interior-doors/french-door-cs3050s-jpg/,301
/upcp_product/french-door-cs305l.jpg/,/products/interior-doors/french-door-cs305l-jpg/,301
/mouldings/product/french-door-cs305l.jpg/,/products/interior-doors/french-door-cs305l-jpg/,301
/interior-doors/product/french-door-cs305l.jpg/,/products/interior-doors/french-door-cs305l-jpg/,301
/doors/product/french-door-cs305l.jpg/,/products/interior-doors/french-door-cs305l-jpg/,301
/upcp_product/french-door-cs305l-jpg/,/products/interior-doors/french-door-cs305l-jpg/,301
/mouldings/product/french-door-cs305l-jpg/,/products/interior-doors/french-door-cs305l-jpg/,301
/interior-doors/product/french-door-cs305l-jpg/,/products/interior-doors/french-door-cs305l-jpg/,301
/doors/product/french-door-cs305l-jpg/,/products/interior-doors/french-door-cs305l-jpg/,301
/upcp_product/french-door-cs3060.jpg/,/products/interior-doors/french-door-cs3060-jpg/,301
/mouldings/product/french-door-cs3060.jpg/,/products/interior-doors/french-door-cs3060-jpg/,301
/interior-doors/product/french-door-cs3060.jpg/,/products/interior-doors/french-door-cs3060-jpg/,301
/doors/product/french-door-cs3060.jpg/,/products/interior-doors/french-door-cs3060-jpg/,301
/upcp_product/french-door-cs3060-jpg/,/products/interior-doors/french-door-cs3060-jpg/,301
/mouldings/product/french-door-cs3060-jpg/,/products/interior-doors/french-door-cs3060-jpg/,301
/interior-doors/product/french-door-cs3060-jpg/,/products/interior-doors/french-door-cs3060-jpg/,301
/doors/product/french-door-cs3060-jpg/,/products/interior-doors/french-door-cs3060-jpg/,301
/upcp_product/french-door-cs3060c.jpg/,/products/interior-doors/french-door-cs3060c-jpg/,301
/mouldings/product/french-door-cs3060c.jpg/,/products/interior-doors/french-door-cs3060c-jpg/,301
/interior-doors/product/french-door-cs3060c.jpg/,/products/interior-doors/french-door-cs3060c-jpg/,301
/doors/product/french-door-cs3060c.jpg/,/products/interior-doors/french-door-cs3060c-jpg/,301
/upcp_product/french-door-cs3060c-jpg/,/products/interior-doors/french-door-cs3060c-jpg/,301
/mouldings/product/french-door-cs3060c-jpg/,/products/interior-doors/french-door-cs3060c-jpg/,301
/interior-doors/product/french-door-cs3060c-jpg/,/products/interior-doors/french-door-cs3060c-jpg/,301
/doors/product/french-door-cs3060c-jpg/,/products/interior-doors/french-door-cs3060c-jpg/,301
/upcp_product/french-door-cs3060s.jpg/,/products/interior-doors/french-door-cs3060s-jpg/,301
/mouldings/product/french-door-cs3060s.jpg/,/products/interior-doors/french-door-cs3060s-jpg/,301
/interior-doors/product/french-door-cs3060s.jpg/,/products/interior-doors/french-door-cs3060s-jpg/,301
/doors/product/french-door-cs3060s.jpg/,/products/interior-doors/french-door-cs3060s-jpg/,301
/upcp_product/french-door-cs3060s-jpg/,/products/interior-doors/french-door-cs3060s-jpg/,301
/mouldings/product/french-door-cs3060s-jpg/,/products/interior-doors/french-door-cs3060s-jpg/,301
/interior-doors/product/french-door-cs3060s-jpg/,/products/interior-doors/french-door-cs3060s-jpg/,301
/doors/product/french-door-cs3060s-jpg/,/products/interior-doors/french-door-cs3060s-jpg/,301
/upcp_product/french-door-cs306y.jpg/,/products/interior-doors/french-door-cs306y-jpg/,301
/mouldings/product/french-door-cs306y.jpg/,/products/interior-doors/french-door-cs306y-jpg/,301
/interior-doors/product/french-door-cs306y.jpg/,/products/interior-doors/french-door-cs306y-jpg/,301
/doors/product/french-door-cs306y.jpg/,/products/interior-doors/french-door-cs306y-jpg/,301
/upcp_product/french-door-cs306y-jpg/,/products/interior-doors/french-door-cs306y-jpg/,301
/mouldings/product/french-door-cs306y-jpg/,/products/interior-doors/french-door-cs306y-jpg/,301
/interior-doors/product/french-door-cs306y-jpg/,/products/interior-doors/french-door-cs306y-jpg/,301
/doors/product/french-door-cs306y-jpg/,/products/interior-doors/french-door-cs306y-jpg/,301
/upcp_product/french-door-cs3080.jpg/,/products/interior-doors/french-door-cs3080-jpg/,301
/mouldings/product/french-door-cs3080.jpg/,/products/interior-doors/french-door-cs3080-jpg/,301
/interior-doors/product/french-door-cs3080.jpg/,/products/interior-doors/french-door-cs3080-jpg/,301
/doors/product/french-door-cs3080.jpg/,/products/interior-doors/french-door-cs3080-jpg/,301
/upcp_product/french-door-cs3080-jpg/,/products/interior-doors/french-door-cs3080-jpg/,301
/mouldings/product/french-door-cs3080-jpg/,/products/interior-doors/french-door-cs3080-jpg/,301
/interior-doors/product/french-door-cs3080-jpg/,/products/interior-doors/french-door-cs3080-jpg/,301
/doors/product/french-door-cs3080-jpg/,/products/interior-doors/french-door-cs3080-jpg/,301
/upcp_product/french-door-cs3080c.jpg/,/products/interior-doors/french-door-cs3080c-jpg/,301
/mouldings/product/french-door-cs3080c.jpg/,/products/interior-doors/french-door-cs3080c-jpg/,301
/interior-doors/product/french-door-cs3080c.jpg/,/products/interior-doors/french-door-cs3080c-jpg/,301
/doors/product/french-door-cs3080c.jpg/,/products/interior-doors/french-door-cs3080c-jpg/,301
/upcp_product/french-door-cs3080c-jpg/,/products/interior-doors/french-door-cs3080c-jpg/,301
/mouldings/product/french-door-cs3080c-jpg/,/products/interior-doors/french-door-cs3080c-jpg/,301
/interior-doors/product/french-door-cs3080c-jpg/,/products/interior-doors/french-door-cs3080c-jpg/,301
/doors/product/french-door-cs3080c-jpg/,/products/interior-doors/french-door-cs3080c-jpg/,301
/upcp_product/french-door-cs3080s.jpg/,/products/interior-doors/french-door-cs3080s-jpg/,301
/mouldings/product/french-door-cs3080s.jpg/,/products/interior-doors/french-door-cs3080s-jpg/,301
/interior-doors/product/french-door-cs3080s.jpg/,/products/interior-doors/french-door-cs3080s-jpg/,301
/doors/product/french-door-cs3080s.jpg/,/products/interior-doors/french-door-cs3080s-jpg/,301
/upcp_product/french-door-cs3080s-jpg/,/products/interior-doors/french-door-cs3080s-jpg/,301
/mouldings/product/french-door-cs3080s-jpg/,/products/interior-doors/french-door-cs3080s-jpg/,301
/interior-doors/product/french-door-cs3080s-jpg/,/products/interior-doors/french-door-cs3080s-jpg/,301
/doors/product/french-door-cs3080s-jpg/,/products/interior-doors/french-door-cs3080s-jpg/,301
/upcp_product/french-door-cs308a.jpg/,/products/interior-doors/french-door-cs308a-jpg/,301
/mouldings/product/french-door-cs308a.jpg/,/products/interior-doors/french-door-cs308a-jpg/,301
/interior-doors/product/french-door-cs308a.jpg/,/products/interior-doors/french-door-cs308a-jpg/,301
/doors/product/french-door-cs308a.jpg/,/products/interior-doors/french-door-cs308a-jpg/,301
/upcp_product/french-door-cs308a-jpg/,/products/interior-doors/french-door-cs308a-jpg/,301
/mouldings/product/french-door-cs308a-jpg/,/products/interior-doors/french-door-cs308a-jpg/,301
/interior-doors/product/french-door-cs308a-jpg/,/products/interior-doors/french-door-cs308a-jpg/,301
/doors/product/french-door-cs308a-jpg/,/products/interior-doors/french-door-cs308a-jpg/,301
/upcp_product/french-door-cs308ac.jpg/,/products/interior-doors/french-door-cs308ac-jpg/,301
/mouldings/product/french-door-cs308ac.jpg/,/products/interior-doors/french-door-cs308ac-jpg/,301
/interior-doors/product/french-door-cs308ac.jpg/,/products/interior-doors/french-door-cs308ac-jpg/,301
/doors/product/french-door-cs308ac.jpg/,/products/interior-doors/french-door-cs308ac-jpg/,301
/upcp_product/french-door-cs308ac-jpg/,/products/interior-doors/french-door-cs308ac-jpg/,301
/mouldings/product/french-door-cs308ac-jpg/,/products/interior-doors/french-door-cs308ac-jpg/,301
/interior-doors/product/french-door-cs308ac-jpg/,/products/interior-doors/french-door-cs308ac-jpg/,301
/doors/product/french-door-cs308ac-jpg/,/products/interior-doors/french-door-cs308ac-jpg/,301
/upcp_product/french-door-cs308as.jpg/,/products/interior-doors/french-door-cs308as-jpg/,301
/mouldings/product/french-door-cs308as.jpg/,/products/interior-doors/french-door-cs308as-jpg/,301
/interior-doors/product/french-door-cs308as.jpg/,/products/interior-doors/french-door-cs308as-jpg/,301
/doors/product/french-door-cs308as.jpg/,/products/interior-doors/french-door-cs308as-jpg/,301
/upcp_product/french-door-cs308as-jpg/,/products/interior-doors/french-door-cs308as-jpg/,301
/mouldings/product/french-door-cs308as-jpg/,/products/interior-doors/french-door-cs308as-jpg/,301
/interior-doors/product/french-door-cs308as-jpg/,/products/interior-doors/french-door-cs308as-jpg/,301
/doors/product/french-door-cs308as-jpg/,/products/interior-doors/french-door-cs308as-jpg/,301
/upcp_product/french-door-cs3090.jpg/,/products/interior-doors/french-door-cs3090-jpg/,301
/mouldings/product/french-door-cs3090.jpg/,/products/interior-doors/french-door-cs3090-jpg/,301
/interior-doors/product/french-door-cs3090.jpg/,/products/interior-doors/french-door-cs3090-jpg/,301
/doors/product/french-door-cs3090.jpg/,/products/interior-doors/french-door-cs3090-jpg/,301
/upcp_product/french-door-cs3090-jpg/,/products/interior-doors/french-door-cs3090-jpg/,301
/mouldings/product/french-door-cs3090-jpg/,/products/interior-doors/french-door-cs3090-jpg/,301
/interior-doors/product/french-door-cs3090-jpg/,/products/interior-doors/french-door-cs3090-jpg/,301
/doors/product/french-door-cs3090-jpg/,/products/interior-doors/french-door-cs3090-jpg/,301
/upcp_product/french-door-cs3090c.jpg/,/products/interior-doors/french-door-cs3090c-jpg/,301
/mouldings/product/french-door-cs3090c.jpg/,/products/interior-doors/french-door-cs3090c-jpg/,301
/interior-doors/product/french-door-cs3090c.jpg/,/products/interior-doors/french-door-cs3090c-jpg/,301
/doors/product/french-door-cs3090c.jpg/,/products/interior-doors/french-door-cs3090c-jpg/,301
/upcp_product/french-door-cs3090c-jpg/,/products/interior-doors/french-door-cs3090c-jpg/,301
/mouldings/product/french-door-cs3090c-jpg/,/products/interior-doors/french-door-cs3090c-jpg/,301
/interior-doors/product/french-door-cs3090c-jpg/,/products/interior-doors/french-door-cs3090c-jpg/,301
/doors/product/french-door-cs3090c-jpg/,/products/interior-doors/french-door-cs3090c-jpg/,301
/upcp_product/french-door-cs3090s.jpg/,/products/interior-doors/french-door-cs3090s-jpg/,301
/mouldings/product/french-door-cs3090s.jpg/,/products/interior-doors/french-door-cs3090s-jpg/,301
/interior-doors/product/french-door-cs3090s.jpg/,/products/interior-doors/french-door-cs3090s-jpg/,301
/doors/product/french-door-cs3090s.jpg/,/products/interior-doors/french-door-cs3090s-jpg/,301
/upcp_product/french-door-cs3090s-jpg/,/products/interior-doors/french-door-cs3090s-jpg/,301
/mouldings/product/french-door-cs3090s-jpg/,/products/interior-doors/french-door-cs3090s-jpg/,301
/interior-doors/product/french-door-cs3090s-jpg/,/products/interior-doors/french-door-cs3090s-jpg/,301
/doors/product/french-door-cs3090s-jpg/,/products/interior-doors/french-door-cs3090s-jpg/,301
/upcp_product/french-door-cs3093.jpg/,/products/interior-doors/french-door-cs3093-jpg/,301
/mouldings/product/french-door-cs3093.jpg/,/products/interior-doors/french-door-cs3093-jpg/,301
/interior-doors/product/french-door-cs3093.jpg/,/products/interior-doors/french-door-cs3093-jpg/,301
/doors/product/french-door-cs3093.jpg/,/products/interior-doors/french-door-cs3093-jpg/,301
/upcp_product/french-door-cs3093-jpg/,/products/interior-doors/french-door-cs3093-jpg/,301
/mouldings/product/french-door-cs3093-jpg/,/products/interior-doors/french-door-cs3093-jpg/,301
/interior-doors/product/french-door-cs3093-jpg/,/products/interior-doors/french-door-cs3093-jpg/,301
/doors/product/french-door-cs3093-jpg/,/products/interior-doors/french-door-cs3093-jpg/,301
/upcp_product/french-door-cs3100.jpg/,/products/interior-doors/french-door-cs3100-jpg/,301
/mouldings/product/french-door-cs3100.jpg/,/products/interior-doors/french-door-cs3100-jpg/,301
/interior-doors/product/french-door-cs3100.jpg/,/products/interior-doors/french-door-cs3100-jpg/,301
/doors/product/french-door-cs3100.jpg/,/products/interior-doors/french-door-cs3100-jpg/,301
/upcp_product/french-door-cs3100-jpg/,/products/interior-doors/french-door-cs3100-jpg/,301
/mouldings/product/french-door-cs3100-jpg/,/products/interior-doors/french-door-cs3100-jpg/,301
/interior-doors/product/french-door-cs3100-jpg/,/products/interior-doors/french-door-cs3100-jpg/,301
/doors/product/french-door-cs3100-jpg/,/products/interior-doors/french-door-cs3100-jpg/,301
/upcp_product/french-door-cs3100c.jpg/,/products/interior-doors/french-door-cs3100c-jpg/,301
/mouldings/product/french-door-cs3100c.jpg/,/products/interior-doors/french-door-cs3100c-jpg/,301
/interior-doors/product/french-door-cs3100c.jpg/,/products/interior-doors/french-door-cs3100c-jpg/,301
/doors/product/french-door-cs3100c.jpg/,/products/interior-doors/french-door-cs3100c-jpg/,301
/upcp_product/french-door-cs3100c-jpg/,/products/interior-doors/french-door-cs3100c-jpg/,301
/mouldings/product/french-door-cs3100c-jpg/,/products/interior-doors/french-door-cs3100c-jpg/,301
/interior-doors/product/french-door-cs3100c-jpg/,/products/interior-doors/french-door-cs3100c-jpg/,301
/doors/product/french-door-cs3100c-jpg/,/products/interior-doors/french-door-cs3100c-jpg/,301
/upcp_product/french-door-cs3100s.jpg/,/products/interior-doors/french-door-cs3100s-jpg/,301
/mouldings/product/french-door-cs3100s.jpg/,/products/interior-doors/french-door-cs3100s-jpg/,301
/interior-doors/product/french-door-cs3100s.jpg/,/products/interior-doors/french-door-cs3100s-jpg/,301
/doors/product/french-door-cs3100s.jpg/,/products/interior-doors/french-door-cs3100s-jpg/,301
/upcp_product/french-door-cs3100s-jpg/,/products/interior-doors/french-door-cs3100s-jpg/,301
/mouldings/product/french-door-cs3100s-jpg/,/products/interior-doors/french-door-cs3100s-jpg/,301
/interior-doors/product/french-door-cs3100s-jpg/,/products/interior-doors/french-door-cs3100s-jpg/,301
/doors/product/french-door-cs3100s-jpg/,/products/interior-doors/french-door-cs3100s-jpg/,301
/upcp_product/french-door-cs3120.jpg/,/products/interior-doors/french-door-cs3120-jpg/,301
/mouldings/product/french-door-cs3120.jpg/,/products/interior-doors/french-door-cs3120-jpg/,301
/interior-doors/product/french-door-cs3120.jpg/,/products/interior-doors/french-door-cs3120-jpg/,301
/doors/product/french-door-cs3120.jpg/,/products/interior-doors/french-door-cs3120-jpg/,301
/upcp_product/french-door-cs3120-jpg/,/products/interior-doors/french-door-cs3120-jpg/,301
/mouldings/product/french-door-cs3120-jpg/,/products/interior-doors/french-door-cs3120-jpg/,301
/interior-doors/product/french-door-cs3120-jpg/,/products/interior-doors/french-door-cs3120-jpg/,301
/doors/product/french-door-cs3120-jpg/,/products/interior-doors/french-door-cs3120-jpg/,301
/upcp_product/french-door-cs3120c.jpg/,/products/interior-doors/french-door-cs3120c-jpg/,301
/mouldings/product/french-door-cs3120c.jpg/,/products/interior-doors/french-door-cs3120c-jpg/,301
/interior-doors/product/french-door-cs3120c.jpg/,/products/interior-doors/french-door-cs3120c-jpg/,301
/doors/product/french-door-cs3120c.jpg/,/products/interior-doors/french-door-cs3120c-jpg/,301
/upcp_product/french-door-cs3120c-jpg/,/products/interior-doors/french-door-cs3120c-jpg/,301
/mouldings/product/french-door-cs3120c-jpg/,/products/interior-doors/french-door-cs3120c-jpg/,301
/interior-doors/product/french-door-cs3120c-jpg/,/products/interior-doors/french-door-cs3120c-jpg/,301
/doors/product/french-door-cs3120c-jpg/,/products/interior-doors/french-door-cs3120c-jpg/,301
/upcp_product/french-door-cs3120s.jpg/,/products/interior-doors/french-door-cs3120s-jpg/,301
/mouldings/product/french-door-cs3120s.jpg/,/products/interior-doors/french-door-cs3120s-jpg/,301
/interior-doors/product/french-door-cs3120s.jpg/,/products/interior-doors/french-door-cs3120s-jpg/,301
/doors/product/french-door-cs3120s.jpg/,/products/interior-doors/french-door-cs3120s-jpg/,301
/upcp_product/french-door-cs3120s-jpg/,/products/interior-doors/french-door-cs3120s-jpg/,301
/mouldings/product/french-door-cs3120s-jpg/,/products/interior-doors/french-door-cs3120s-jpg/,301
/interior-doors/product/french-door-cs3120s-jpg/,/products/interior-doors/french-door-cs3120s-jpg/,301
/doors/product/french-door-cs3120s-jpg/,/products/interior-doors/french-door-cs3120s-jpg/,301
/upcp_product/french-door-cs312a.jpg/,/products/interior-doors/french-door-cs312a-jpg/,301
/mouldings/product/french-door-cs312a.jpg/,/products/interior-doors/french-door-cs312a-jpg/,301
/interior-doors/product/french-door-cs312a.jpg/,/products/interior-doors/french-door-cs312a-jpg/,301
/doors/product/french-door-cs312a.jpg/,/products/interior-doors/french-door-cs312a-jpg/,301
/upcp_product/french-door-cs312a-jpg/,/products/interior-doors/french-door-cs312a-jpg/,301
/mouldings/product/french-door-cs312a-jpg/,/products/interior-doors/french-door-cs312a-jpg/,301
/interior-doors/product/french-door-cs312a-jpg/,/products/interior-doors/french-door-cs312a-jpg/,301
/doors/product/french-door-cs312a-jpg/,/products/interior-doors/french-door-cs312a-jpg/,301
/upcp_product/french-door-cs312ac.jpg/,/products/interior-doors/french-door-cs312ac-jpg/,301
/mouldings/product/french-door-cs312ac.jpg/,/products/interior-doors/french-door-cs312ac-jpg/,301
/interior-doors/product/french-door-cs312ac.jpg/,/products/interior-doors/french-door-cs312ac-jpg/,301
/doors/product/french-door-cs312ac.jpg/,/products/interior-doors/french-door-cs312ac-jpg/,301
/upcp_product/french-door-cs312ac-jpg/,/products/interior-doors/french-door-cs312ac-jpg/,301
/mouldings/product/french-door-cs312ac-jpg/,/products/interior-doors/french-door-cs312ac-jpg/,301
/interior-doors/product/french-door-cs312ac-jpg/,/products/interior-doors/french-door-cs312ac-jpg/,301
/doors/product/french-door-cs312ac-jpg/,/products/interior-doors/french-door-cs312ac-jpg/,301
/upcp_product/french-door-cs312as.jpg/,/products/interior-doors/french-door-cs312as-jpg/,301
/mouldings/product/french-door-cs312as.jpg/,/products/interior-doors/french-door-cs312as-jpg/,301
/interior-doors/product/french-door-cs312as.jpg/,/products/interior-doors/french-door-cs312as-jpg/,301
/doors/product/french-door-cs312as.jpg/,/products/interior-doors/french-door-cs312as-jpg/,301
/upcp_product/french-door-cs312as-jpg/,/products/interior-doors/french-door-cs312as-jpg/,301
/mouldings/product/french-door-cs312as-jpg/,/products/interior-doors/french-door-cs312as-jpg/,301
/interior-doors/product/french-door-cs312as-jpg/,/products/interior-doors/french-door-cs312as-jpg/,301
/doors/product/french-door-cs312as-jpg/,/products/interior-doors/french-door-cs312as-jpg/,301
/upcp_product/french-door-cs3150.jpg/,/products/interior-doors/french-door-cs3150-jpg/,301
/mouldings/product/french-door-cs3150.jpg/,/products/interior-doors/french-door-cs3150-jpg/,301
/interior-doors/product/french-door-cs3150.jpg/,/products/interior-doors/french-door-cs3150-jpg/,301
/doors/product/french-door-cs3150.jpg/,/products/interior-doors/french-door-cs3150-jpg/,301
/upcp_product/french-door-cs3150-jpg/,/products/interior-doors/french-door-cs3150-jpg/,301
/mouldings/product/french-door-cs3150-jpg/,/products/interior-doors/french-door-cs3150-jpg/,301
/interior-doors/product/french-door-cs3150-jpg/,/products/interior-doors/french-door-cs3150-jpg/,301
/doors/product/french-door-cs3150-jpg/,/products/interior-doors/french-door-cs3150-jpg/,301
/upcp_product/french-door-cs3150c.jpg/,/products/interior-doors/french-door-cs3150c-jpg/,301
/mouldings/product/french-door-cs3150c.jpg/,/products/interior-doors/french-door-cs3150c-jpg/,301
/interior-doors/product/french-door-cs3150c.jpg/,/products/interior-doors/french-door-cs3150c-jpg/,301
/doors/product/french-door-cs3150c.jpg/,/products/interior-doors/french-door-cs3150c-jpg/,301
/upcp_product/french-door-cs3150c-jpg/,/products/interior-doors/french-door-cs3150c-jpg/,301
/mouldings/product/french-door-cs3150c-jpg/,/products/interior-doors/french-door-cs3150c-jpg/,301
/interior-doors/product/french-door-cs3150c-jpg/,/products/interior-doors/french-door-cs3150c-jpg/,301
/doors/product/french-door-cs3150c-jpg/,/products/interior-doors/french-door-cs3150c-jpg/,301
/upcp_product/french-door-cs3150s.jpg/,/products/interior-doors/french-door-cs3150s-jpg/,301
/mouldings/product/french-door-cs3150s.jpg/,/products/interior-doors/french-door-cs3150s-jpg/,301
/interior-doors/product/french-door-cs3150s.jpg/,/products/interior-doors/french-door-cs3150s-jpg/,301
/doors/product/french-door-cs3150s.jpg/,/products/interior-doors/french-door-cs3150s-jpg/,301
/upcp_product/french-door-cs3150s-jpg/,/products/interior-doors/french-door-cs3150s-jpg/,301
/mouldings/product/french-door-cs3150s-jpg/,/products/interior-doors/french-door-cs3150s-jpg/,301
/interior-doors/product/french-door-cs3150s-jpg/,/products/interior-doors/french-door-cs3150s-jpg/,301
/doors/product/french-door-cs3150s-jpg/,/products/interior-doors/french-door-cs3150s-jpg/,301
/upcp_product/french-door-cs691a.jpg/,/products/interior-doors/french-door-cs691a-jpg/,301
/mouldings/product/french-door-cs691a.jpg/,/products/interior-doors/french-door-cs691a-jpg/,301
/interior-doors/product/french-door-cs691a.jpg/,/products/interior-doors/french-door-cs691a-jpg/,301
/doors/product/french-door-cs691a.jpg/,/products/interior-doors/french-door-cs691a-jpg/,301
/upcp_product/french-door-cs691a-jpg/,/products/interior-doors/french-door-cs691a-jpg/,301
/mouldings/product/french-door-cs691a-jpg/,/products/interior-doors/french-door-cs691a-jpg/,301
/interior-doors/product/french-door-cs691a-jpg/,/products/interior-doors/french-door-cs691a-jpg/,301
/doors/product/french-door-cs691a-jpg/,/products/interior-doors/french-door-cs691a-jpg/,301
/upcp_product/french-door-cs803l.jpg/,/products/interior-doors/french-door-cs803l-jpg/,301
/mouldings/product/french-door-cs803l.jpg/,/products/interior-doors/french-door-cs803l-jpg/,301
/interior-doors/product/french-door-cs803l.jpg/,/products/interior-doors/french-door-cs803l-jpg/,301
/doors/product/french-door-cs803l.jpg/,/products/interior-doors/french-door-cs803l-jpg/,301
/upcp_product/french-door-cs803l-jpg/,/products/interior-doors/french-door-cs803l-jpg/,301
/mouldings/product/french-door-cs803l-jpg/,/products/interior-doors/french-door-cs803l-jpg/,301
/interior-doors/product/french-door-cs803l-jpg/,/products/interior-doors/french-door-cs803l-jpg/,301
/doors/product/french-door-cs803l-jpg/,/products/interior-doors/french-door-cs803l-jpg/,301
/upcp_product/french-door-cs804l.jpg/,/products/interior-doors/french-door-cs804l-jpg/,301
/mouldings/product/french-door-cs804l.jpg/,/products/interior-doors/french-door-cs804l-jpg/,301
/interior-doors/product/french-door-cs804l.jpg/,/products/interior-doors/french-door-cs804l-jpg/,301
/doors/product/french-door-cs804l.jpg/,/products/interior-doors/french-door-cs804l-jpg/,301
/upcp_product/french-door-cs804l-jpg/,/products/interior-doors/french-door-cs804l-jpg/,301
/mouldings/product/french-door-cs804l-jpg/,/products/interior-doors/french-door-cs804l-jpg/,301
/interior-doors/product/french-door-cs804l-jpg/,/products/interior-doors/french-door-cs804l-jpg/,301
/doors/product/french-door-cs804l-jpg/,/products/interior-doors/french-door-cs804l-jpg/,301
/upcp_product/french-door-cs805l.jpg/,/products/interior-doors/french-door-cs805l-jpg/,301
/mouldings/product/french-door-cs805l.jpg/,/products/interior-doors/french-door-cs805l-jpg/,301
/interior-doors/product/french-door-cs805l.jpg/,/products/interior-doors/french-door-cs805l-jpg/,301
/doors/product/french-door-cs805l.jpg/,/products/interior-doors/french-door-cs805l-jpg/,301
/upcp_product/french-door-cs805l-jpg/,/products/interior-doors/french-door-cs805l-jpg/,301
/mouldings/product/french-door-cs805l-jpg/,/products/interior-doors/french-door-cs805l-jpg/,301
/interior-doors/product/french-door-cs805l-jpg/,/products/interior-doors/french-door-cs805l-jpg/,301
/doors/product/french-door-cs805l-jpg/,/products/interior-doors/french-door-cs805l-jpg/,301
/upcp_product/french-door-delta-frost.tif/,/products/interior-doors/french-door-delta-frost-tif/,301
/mouldings/product/french-door-delta-frost.tif/,/products/interior-doors/french-door-delta-frost-tif/,301
/interior-doors/product/french-door-delta-frost.tif/,/products/interior-doors/french-door-delta-frost-tif/,301
/doors/product/french-door-delta-frost.tif/,/products/interior-doors/french-door-delta-frost-tif/,301
/upcp_product/french-door-delta-frost-tif/,/products/interior-doors/french-door-delta-frost-tif/,301
/mouldings/product/french-door-delta-frost-tif/,/products/interior-doors/french-door-delta-frost-tif/,301
/interior-doors/product/french-door-delta-frost-tif/,/products/interior-doors/french-door-delta-frost-tif/,301
/doors/product/french-door-delta-frost-tif/,/products/interior-doors/french-door-delta-frost-tif/,301
/upcp_product/french-door-diffused-white-lam.tif/,/products/interior-doors/french-door-diffused-white-lam-tif/,301
/mouldings/product/french-door-diffused-white-lam.tif/,/products/interior-doors/french-door-diffused-white-lam-tif/,301
/interior-doors/product/french-door-diffused-white-lam.tif/,/products/interior-doors/french-door-diffused-white-lam-tif/,301
/doors/product/french-door-diffused-white-lam.tif/,/products/interior-doors/french-door-diffused-white-lam-tif/,301
/upcp_product/french-door-diffused-white-lam-tif/,/products/interior-doors/french-door-diffused-white-lam-tif/,301
/mouldings/product/french-door-diffused-white-lam-tif/,/products/interior-doors/french-door-diffused-white-lam-tif/,301
/interior-doors/product/french-door-diffused-white-lam-tif/,/products/interior-doors/french-door-diffused-white-lam-tif/,301
/doors/product/french-door-diffused-white-lam-tif/,/products/interior-doors/french-door-diffused-white-lam-tif/,301
/upcp_product/french-door-double-water.tif/,/products/interior-doors/french-door-double-water-tif/,301
/mouldings/product/french-door-double-water.tif/,/products/interior-doors/french-door-double-water-tif/,301
/interior-doors/product/french-door-double-water.tif/,/products/interior-doors/french-door-double-water-tif/,301
/doors/product/french-door-double-water.tif/,/products/interior-doors/french-door-double-water-tif/,301
/upcp_product/french-door-double-water-tif/,/products/interior-doors/french-door-double-water-tif/,301
/mouldings/product/french-door-double-water-tif/,/products/interior-doors/french-door-double-water-tif/,301
/interior-doors/product/french-door-double-water-tif/,/products/interior-doors/french-door-double-water-tif/,301
/doors/product/french-door-double-water-tif/,/products/interior-doors/french-door-double-water-tif/,301
/upcp_product/french-door-harlow-8ft.tif/,/products/interior-doors/french-door-harlow-8ft-tif/,301
/mouldings/product/french-door-harlow-8ft.tif/,/products/interior-doors/french-door-harlow-8ft-tif/,301
/interior-doors/product/french-door-harlow-8ft.tif/,/products/interior-doors/french-door-harlow-8ft-tif/,301
/doors/product/french-door-harlow-8ft.tif/,/products/interior-doors/french-door-harlow-8ft-tif/,301
/upcp_product/french-door-harlow-8ft-tif/,/products/interior-doors/french-door-harlow-8ft-tif/,301
/mouldings/product/french-door-harlow-8ft-tif/,/products/interior-doors/french-door-harlow-8ft-tif/,301
/interior-doors/product/french-door-harlow-8ft-tif/,/products/interior-doors/french-door-harlow-8ft-tif/,301
/doors/product/french-door-harlow-8ft-tif/,/products/interior-doors/french-door-harlow-8ft-tif/,301
/upcp_product/french-door-harlow.tif/,/products/interior-doors/french-door-harlow-tif/,301
/mouldings/product/french-door-harlow.tif/,/products/interior-doors/french-door-harlow-tif/,301
/interior-doors/product/french-door-harlow.tif/,/products/interior-doors/french-door-harlow-tif/,301
/doors/product/french-door-harlow.tif/,/products/interior-doors/french-door-harlow-tif/,301
/upcp_product/french-door-harlow-tif/,/products/interior-doors/french-door-harlow-tif/,301
/mouldings/product/french-door-harlow-tif/,/products/interior-doors/french-door-harlow-tif/,301
/interior-doors/product/french-door-harlow-tif/,/products/interior-doors/french-door-harlow-tif/,301
/doors/product/french-door-harlow-tif/,/products/interior-doors/french-door-harlow-tif/,301
/upcp_product/french-door-heavy-water.tif/,/products/interior-doors/french-door-heavy-water-tif/,301
/mouldings/product/french-door-heavy-water.tif/,/products/interior-doors/french-door-heavy-water-tif/,301
/interior-doors/product/french-door-heavy-water.tif/,/products/interior-doors/french-door-heavy-water-tif/,301
/doors/product/french-door-heavy-water.tif/,/products/interior-doors/french-door-heavy-water-tif/,301
/upcp_product/french-door-heavy-water-tif/,/products/interior-doors/french-door-heavy-water-tif/,301
/mouldings/product/french-door-heavy-water-tif/,/products/interior-doors/french-door-heavy-water-tif/,301
/interior-doors/product/french-door-heavy-water-tif/,/products/interior-doors/french-door-heavy-water-tif/,301
/doors/product/french-door-heavy-water-tif/,/products/interior-doors/french-door-heavy-water-tif/,301
/upcp_product/french-door-laundry.tif/,/products/interior-doors/french-door-laundry-tif/,301
/mouldings/product/french-door-laundry.tif/,/products/interior-doors/french-door-laundry-tif/,301
/interior-doors/product/french-door-laundry.tif/,/products/interior-doors/french-door-laundry-tif/,301
/doors/product/french-door-laundry.tif/,/products/interior-doors/french-door-laundry-tif/,301
/upcp_product/french-door-laundry-tif/,/products/interior-doors/french-door-laundry-tif/,301
/mouldings/product/french-door-laundry-tif/,/products/interior-doors/french-door-laundry-tif/,301
/interior-doors/product/french-door-laundry-tif/,/products/interior-doors/french-door-laundry-tif/,301
/doors/product/french-door-laundry-tif/,/products/interior-doors/french-door-laundry-tif/,301
/upcp_product/french-door-leaf-large.tif/,/products/interior-doors/french-door-leaf-large-tif/,301
/mouldings/product/french-door-leaf-large.tif/,/products/interior-doors/french-door-leaf-large-tif/,301
/interior-doors/product/french-door-leaf-large.tif/,/products/interior-doors/french-door-leaf-large-tif/,301
/doors/product/french-door-leaf-large.tif/,/products/interior-doors/french-door-leaf-large-tif/,301
/upcp_product/french-door-leaf-large-tif/,/products/interior-doors/french-door-leaf-large-tif/,301
/mouldings/product/french-door-leaf-large-tif/,/products/interior-doors/french-door-leaf-large-tif/,301
/interior-doors/product/french-door-leaf-large-tif/,/products/interior-doors/french-door-leaf-large-tif/,301
/doors/product/french-door-leaf-large-tif/,/products/interior-doors/french-door-leaf-large-tif/,301
/upcp_product/french-door-leaf-small.tif/,/products/interior-doors/french-door-leaf-small-tif/,301
/mouldings/product/french-door-leaf-small.tif/,/products/interior-doors/french-door-leaf-small-tif/,301
/interior-doors/product/french-door-leaf-small.tif/,/products/interior-doors/french-door-leaf-small-tif/,301
/doors/product/french-door-leaf-small.tif/,/products/interior-doors/french-door-leaf-small-tif/,301
/upcp_product/french-door-leaf-small-tif/,/products/interior-doors/french-door-leaf-small-tif/,301
/mouldings/product/french-door-leaf-small-tif/,/products/interior-doors/french-door-leaf-small-tif/,301
/interior-doors/product/french-door-leaf-small-tif/,/products/interior-doors/french-door-leaf-small-tif/,301
/doors/product/french-door-leaf-small-tif/,/products/interior-doors/french-door-leaf-small-tif/,301
/upcp_product/french-door-madison.tif/,/products/interior-doors/french-door-madison-tif/,301
/mouldings/product/french-door-madison.tif/,/products/interior-doors/french-door-madison-tif/,301
/interior-doors/product/french-door-madison.tif/,/products/interior-doors/french-door-madison-tif/,301
/doors/product/french-door-madison.tif/,/products/interior-doors/french-door-madison-tif/,301
/upcp_product/french-door-madison-tif/,/products/interior-doors/french-door-madison-tif/,301
/mouldings/product/french-door-madison-tif/,/products/interior-doors/french-door-madison-tif/,301
/interior-doors/product/french-door-madison-tif/,/products/interior-doors/french-door-madison-tif/,301
/doors/product/french-door-madison-tif/,/products/interior-doors/french-door-madison-tif/,301
/upcp_product/french-door-modena-8ft.tif/,/products/interior-doors/french-door-modena-8ft-tif/,301
/mouldings/product/french-door-modena-8ft.tif/,/products/interior-doors/french-door-modena-8ft-tif/,301
/interior-doors/product/french-door-modena-8ft.tif/,/products/interior-doors/french-door-modena-8ft-tif/,301
/doors/product/french-door-modena-8ft.tif/,/products/interior-doors/french-door-modena-8ft-tif/,301
/upcp_product/french-door-modena-8ft-tif/,/products/interior-doors/french-door-modena-8ft-tif/,301
/mouldings/product/french-door-modena-8ft-tif/,/products/interior-doors/french-door-modena-8ft-tif/,301
/interior-doors/product/french-door-modena-8ft-tif/,/products/interior-doors/french-door-modena-8ft-tif/,301
/doors/product/french-door-modena-8ft-tif/,/products/interior-doors/french-door-modena-8ft-tif/,301
/upcp_product/french-door-modena.tif/,/products/interior-doors/french-door-modena-tif/,301
/mouldings/product/french-door-modena.tif/,/products/interior-doors/french-door-modena-tif/,301
/interior-doors/product/french-door-modena.tif/,/products/interior-doors/french-door-modena-tif/,301
/doors/product/french-door-modena.tif/,/products/interior-doors/french-door-modena-tif/,301
/upcp_product/french-door-modena-tif/,/products/interior-doors/french-door-modena-tif/,301
/mouldings/product/french-door-modena-tif/,/products/interior-doors/french-door-modena-tif/,301
/interior-doors/product/french-door-modena-tif/,/products/interior-doors/french-door-modena-tif/,301
/doors/product/french-door-modena-tif/,/products/interior-doors/french-door-modena-tif/,301
/upcp_product/french-door-narrow-reed.tif/,/products/interior-doors/french-door-narrow-reed-tif/,301
/mouldings/product/french-door-narrow-reed.tif/,/products/interior-doors/french-door-narrow-reed-tif/,301
/interior-doors/product/french-door-narrow-reed.tif/,/products/interior-doors/french-door-narrow-reed-tif/,301
/doors/product/french-door-narrow-reed.tif/,/products/interior-doors/french-door-narrow-reed-tif/,301
/upcp_product/french-door-narrow-reed-tif/,/products/interior-doors/french-door-narrow-reed-tif/,301
/mouldings/product/french-door-narrow-reed-tif/,/products/interior-doors/french-door-narrow-reed-tif/,301
/interior-doors/product/french-door-narrow-reed-tif/,/products/interior-doors/french-door-narrow-reed-tif/,301
/doors/product/french-door-narrow-reed-tif/,/products/interior-doors/french-door-narrow-reed-tif/,301
/upcp_product/french-door-pantry.tif/,/products/interior-doors/french-door-pantry-tif/,301
/mouldings/product/french-door-pantry.tif/,/products/interior-doors/french-door-pantry-tif/,301
/interior-doors/product/french-door-pantry.tif/,/products/interior-doors/french-door-pantry-tif/,301
/doors/product/french-door-pantry.tif/,/products/interior-doors/french-door-pantry-tif/,301
/upcp_product/french-door-pantry-tif/,/products/interior-doors/french-door-pantry-tif/,301
/mouldings/product/french-door-pantry-tif/,/products/interior-doors/french-door-pantry-tif/,301
/interior-doors/product/french-door-pantry-tif/,/products/interior-doors/french-door-pantry-tif/,301
/doors/product/french-door-pantry-tif/,/products/interior-doors/french-door-pantry-tif/,301
/upcp_product/french-door-pinhead.tif/,/products/interior-doors/french-door-pinhead-tif/,301
/mouldings/product/french-door-pinhead.tif/,/products/interior-doors/french-door-pinhead-tif/,301
/interior-doors/product/french-door-pinhead.tif/,/products/interior-doors/french-door-pinhead-tif/,301
/doors/product/french-door-pinhead.tif/,/products/interior-doors/french-door-pinhead-tif/,301
/upcp_product/french-door-pinhead-tif/,/products/interior-doors/french-door-pinhead-tif/,301
/mouldings/product/french-door-pinhead-tif/,/products/interior-doors/french-door-pinhead-tif/,301
/interior-doors/product/french-door-pinhead-tif/,/products/interior-doors/french-door-pinhead-tif/,301
/doors/product/french-door-pinhead-tif/,/products/interior-doors/french-door-pinhead-tif/,301
/upcp_product/french-door-quattro.tif/,/products/interior-doors/french-door-quattro-tif/,301
/mouldings/product/french-door-quattro.tif/,/products/interior-doors/french-door-quattro-tif/,301
/interior-doors/product/french-door-quattro.tif/,/products/interior-doors/french-door-quattro-tif/,301
/doors/product/french-door-quattro.tif/,/products/interior-doors/french-door-quattro-tif/,301
/upcp_product/french-door-quattro-tif/,/products/interior-doors/french-door-quattro-tif/,301
/mouldings/product/french-door-quattro-tif/,/products/interior-doors/french-door-quattro-tif/,301
/interior-doors/product/french-door-quattro-tif/,/products/interior-doors/french-door-quattro-tif/,301
/doors/product/french-door-quattro-tif/,/products/interior-doors/french-door-quattro-tif/,301
/upcp_product/french-door-rain.tif/,/products/interior-doors/french-door-rain-tif/,301
/mouldings/product/french-door-rain.tif/,/products/interior-doors/french-door-rain-tif/,301
/interior-doors/product/french-door-rain.tif/,/products/interior-doors/french-door-rain-tif/,301
/doors/product/french-door-rain.tif/,/products/interior-doors/french-door-rain-tif/,301
/upcp_product/french-door-rain-tif/,/products/interior-doors/french-door-rain-tif/,301
/mouldings/product/french-door-rain-tif/,/products/interior-doors/french-door-rain-tif/,301
/interior-doors/product/french-door-rain-tif/,/products/interior-doors/french-door-rain-tif/,301
/doors/product/french-door-rain-tif/,/products/interior-doors/french-door-rain-tif/,301
/upcp_product/french-door-riverton-clear.tif/,/products/interior-doors/french-door-riverton-clear-tif/,301
/mouldings/product/french-door-riverton-clear.tif/,/products/interior-doors/french-door-riverton-clear-tif/,301
/interior-doors/product/french-door-riverton-clear.tif/,/products/interior-doors/french-door-riverton-clear-tif/,301
/doors/product/french-door-riverton-clear.tif/,/products/interior-doors/french-door-riverton-clear-tif/,301
/upcp_product/french-door-riverton-clear-tif/,/products/interior-doors/french-door-riverton-clear-tif/,301
/mouldings/product/french-door-riverton-clear-tif/,/products/interior-doors/french-door-riverton-clear-tif/,301
/interior-doors/product/french-door-riverton-clear-tif/,/products/interior-doors/french-door-riverton-clear-tif/,301
/doors/product/french-door-riverton-clear-tif/,/products/interior-doors/french-door-riverton-clear-tif/,301
/upcp_product/french-door-riverton-obscure.tif/,/products/interior-doors/french-door-riverton-obscure-tif/,301
/mouldings/product/french-door-riverton-obscure.tif/,/products/interior-doors/french-door-riverton-obscure-tif/,301
/interior-doors/product/french-door-riverton-obscure.tif/,/products/interior-doors/french-door-riverton-obscure-tif/,301
/doors/product/french-door-riverton-obscure.tif/,/products/interior-doors/french-door-riverton-obscure-tif/,301
/upcp_product/french-door-riverton-obscure-tif/,/products/interior-doors/french-door-riverton-obscure-tif/,301
/mouldings/product/french-door-riverton-obscure-tif/,/products/interior-doors/french-door-riverton-obscure-tif/,301
/interior-doors/product/french-door-riverton-obscure-tif/,/products/interior-doors/french-door-riverton-obscure-tif/,301
/doors/product/french-door-riverton-obscure-tif/,/products/interior-doors/french-door-riverton-obscure-tif/,301
/upcp_product/french-door-rooftop.tif/,/products/interior-doors/french-door-rooftop-tif/,301
/mouldings/product/french-door-rooftop.tif/,/products/interior-doors/french-door-rooftop-tif/,301
/interior-doors/product/french-door-rooftop.tif/,/products/interior-doors/french-door-rooftop-tif/,301
/doors/product/french-door-rooftop.tif/,/products/interior-doors/french-door-rooftop-tif/,301
/upcp_product/french-door-rooftop-tif/,/products/interior-doors/french-door-rooftop-tif/,301
/mouldings/product/french-door-rooftop-tif/,/products/interior-doors/french-door-rooftop-tif/,301
/interior-doors/product/french-door-rooftop-tif/,/products/interior-doors/french-door-rooftop-tif/,301
/doors/product/french-door-rooftop-tif/,/products/interior-doors/french-door-rooftop-tif/,301
/upcp_product/french-door-sable.tif/,/products/interior-doors/french-door-sable-tif/,301
/mouldings/product/french-door-sable.tif/,/products/interior-doors/french-door-sable-tif/,301
/interior-doors/product/french-door-sable.tif/,/products/interior-doors/french-door-sable-tif/,301
/doors/product/french-door-sable.tif/,/products/interior-doors/french-door-sable-tif/,301
/upcp_product/french-door-sable-tif/,/products/interior-doors/french-door-sable-tif/,301
/mouldings/product/french-door-sable-tif/,/products/interior-doors/french-door-sable-tif/,301
/interior-doors/product/french-door-sable-tif/,/products/interior-doors/french-door-sable-tif/,301
/doors/product/french-door-sable-tif/,/products/interior-doors/french-door-sable-tif/,301
/upcp_product/french-door-screendot.tif/,/products/interior-doors/french-door-screendot-tif/,301
/mouldings/product/french-door-screendot.tif/,/products/interior-doors/french-door-screendot-tif/,301
/interior-doors/product/french-door-screendot.tif/,/products/interior-doors/french-door-screendot-tif/,301
/doors/product/french-door-screendot.tif/,/products/interior-doors/french-door-screendot-tif/,301
/upcp_product/french-door-screendot-tif/,/products/interior-doors/french-door-screendot-tif/,301
/mouldings/product/french-door-screendot-tif/,/products/interior-doors/french-door-screendot-tif/,301
/interior-doors/product/french-door-screendot-tif/,/products/interior-doors/french-door-screendot-tif/,301
/doors/product/french-door-screendot-tif/,/products/interior-doors/french-door-screendot-tif/,301
/upcp_product/french-door-seedy-baroque.tif/,/products/interior-doors/french-door-seedy-baroque-tif/,301
/mouldings/product/french-door-seedy-baroque.tif/,/products/interior-doors/french-door-seedy-baroque-tif/,301
/interior-doors/product/french-door-seedy-baroque.tif/,/products/interior-doors/french-door-seedy-baroque-tif/,301
/doors/product/french-door-seedy-baroque.tif/,/products/interior-doors/french-door-seedy-baroque-tif/,301
/upcp_product/french-door-seedy-baroque-tif/,/products/interior-doors/french-door-seedy-baroque-tif/,301
/mouldings/product/french-door-seedy-baroque-tif/,/products/interior-doors/french-door-seedy-baroque-tif/,301
/interior-doors/product/french-door-seedy-baroque-tif/,/products/interior-doors/french-door-seedy-baroque-tif/,301
/doors/product/french-door-seedy-baroque-tif/,/products/interior-doors/french-door-seedy-baroque-tif/,301
/upcp_product/french-door-shaker-8401-1-lite-clear-glass.jpg/,/products/interior-doors/french-door-shaker-8401-1-lite-clear-glass-jpg/,301
/mouldings/product/french-door-shaker-8401-1-lite-clear-glass.jpg/,/products/interior-doors/french-door-shaker-8401-1-lite-clear-glass-jpg/,301
/interior-doors/product/french-door-shaker-8401-1-lite-clear-glass.jpg/,/products/interior-doors/french-door-shaker-8401-1-lite-clear-glass-jpg/,301
/doors/product/french-door-shaker-8401-1-lite-clear-glass.jpg/,/products/interior-doors/french-door-shaker-8401-1-lite-clear-glass-jpg/,301
/upcp_product/french-door-shaker-8401-1-lite-clear-glass-jpg/,/products/interior-doors/french-door-shaker-8401-1-lite-clear-glass-jpg/,301
/mouldings/product/french-door-shaker-8401-1-lite-clear-glass-jpg/,/products/interior-doors/french-door-shaker-8401-1-lite-clear-glass-jpg/,301
/interior-doors/product/french-door-shaker-8401-1-lite-clear-glass-jpg/,/products/interior-doors/french-door-shaker-8401-1-lite-clear-glass-jpg/,301
/doors/product/french-door-shaker-8401-1-lite-clear-glass-jpg/,/products/interior-doors/french-door-shaker-8401-1-lite-clear-glass-jpg/,301
/upcp_product/french-door-travertine.tif/,/products/interior-doors/french-door-travertine-tif/,301
/mouldings/product/french-door-travertine.tif/,/products/interior-doors/french-door-travertine-tif/,301
/interior-doors/product/french-door-travertine.tif/,/products/interior-doors/french-door-travertine-tif/,301
/doors/product/french-door-travertine.tif/,/products/interior-doors/french-door-travertine-tif/,301
/upcp_product/french-door-travertine-tif/,/products/interior-doors/french-door-travertine-tif/,301
/mouldings/product/french-door-travertine-tif/,/products/interior-doors/french-door-travertine-tif/,301
/interior-doors/product/french-door-travertine-tif/,/products/interior-doors/french-door-travertine-tif/,301
/doors/product/french-door-travertine-tif/,/products/interior-doors/french-door-travertine-tif/,301
/upcp_product/french-door-waterton.png/,/products/interior-doors/french-door-waterton-png/,301
/mouldings/product/french-door-waterton.png/,/products/interior-doors/french-door-waterton-png/,301
/interior-doors/product/french-door-waterton.png/,/products/interior-doors/french-door-waterton-png/,301
/doors/product/french-door-waterton.png/,/products/interior-doors/french-door-waterton-png/,301
/upcp_product/french-door-wheat.tif/,/products/interior-doors/french-door-wheat-tif/,301
/mouldings/product/french-door-wheat.tif/,/products/interior-doors/french-door-wheat-tif/,301
/interior-doors/product/french-door-wheat.tif/,/products/interior-doors/french-door-wheat-tif/,301
/doors/product/french-door-wheat.tif/,/products/interior-doors/french-door-wheat-tif/,301
/upcp_product/french-door-wheat-tif/,/products/interior-doors/french-door-wheat-tif/,301
/mouldings/product/french-door-wheat-tif/,/products/interior-doors/french-door-wheat-tif/,301
/interior-doors/product/french-door-wheat-tif/,/products/interior-doors/french-door-wheat-tif/,301
/doors/product/french-door-wheat-tif/,/products/interior-doors/french-door-wheat-tif/,301
/upcp_product/Stain-grade-wood-door-2010/,/products/interior-doors/stain-grade-wood-door-2010/,301
/mouldings/product/Stain-grade-wood-door-2010/,/products/interior-doors/stain-grade-wood-door-2010/,301
/interior-doors/product/Stain-grade-wood-door-2010/,/products/interior-doors/stain-grade-wood-door-2010/,301
/doors/product/Stain-grade-wood-door-2010/,/products/interior-doors/stain-grade-wood-door-2010/,301
/upcp_product/stain-grade-wood-door-2010/,/products/interior-doors/stain-grade-wood-door-2010/,301
/mouldings/product/stain-grade-wood-door-2010/,/products/interior-doors/stain-grade-wood-door-2010/,301
/interior-doors/product/stain-grade-wood-door-2010/,/products/interior-doors/stain-grade-wood-door-2010/,301
/doors/product/stain-grade-wood-door-2010/,/products/interior-doors/stain-grade-wood-door-2010/,301
/upcp_product/Stain-grade-wood-door- 2010C/,/products/interior-doors/stain-grade-wood-door-2010c/,301
/mouldings/product/Stain-grade-wood-door- 2010C/,/products/interior-doors/stain-grade-wood-door-2010c/,301
/interior-doors/product/Stain-grade-wood-door- 2010C/,/products/interior-doors/stain-grade-wood-door-2010c/,301
/doors/product/Stain-grade-wood-door- 2010C/,/products/interior-doors/stain-grade-wood-door-2010c/,301
/upcp_product/stain-grade-wood-door-2010c/,/products/interior-doors/stain-grade-wood-door-2010c/,301
/mouldings/product/stain-grade-wood-door-2010c/,/products/interior-doors/stain-grade-wood-door-2010c/,301
/interior-doors/product/stain-grade-wood-door-2010c/,/products/interior-doors/stain-grade-wood-door-2010c/,301
/doors/product/stain-grade-wood-door-2010c/,/products/interior-doors/stain-grade-wood-door-2010c/,301
/upcp_product/Stain-grade-wood-door- 2010S/,/products/interior-doors/stain-grade-wood-door-2010s/,301
/mouldings/product/Stain-grade-wood-door- 2010S/,/products/interior-doors/stain-grade-wood-door-2010s/,301
/interior-doors/product/Stain-grade-wood-door- 2010S/,/products/interior-doors/stain-grade-wood-door-2010s/,301
/doors/product/Stain-grade-wood-door- 2010S/,/products/interior-doors/stain-grade-wood-door-2010s/,301
/upcp_product/stain-grade-wood-door-2010s/,/products/interior-doors/stain-grade-wood-door-2010s/,301
/mouldings/product/stain-grade-wood-door-2010s/,/products/interior-doors/stain-grade-wood-door-2010s/,301
/interior-doors/product/stain-grade-wood-door-2010s/,/products/interior-doors/stain-grade-wood-door-2010s/,301
/doors/product/stain-grade-wood-door-2010s/,/products/interior-doors/stain-grade-wood-door-2010s/,301
/upcp_product/Stain-grade-wood-door- 2020/,/products/interior-doors/stain-grade-wood-door-2020/,301
/mouldings/product/Stain-grade-wood-door- 2020/,/products/interior-doors/stain-grade-wood-door-2020/,301
/interior-doors/product/Stain-grade-wood-door- 2020/,/products/interior-doors/stain-grade-wood-door-2020/,301
/doors/product/Stain-grade-wood-door- 2020/,/products/interior-doors/stain-grade-wood-door-2020/,301
/upcp_product/stain-grade-wood-door-2020/,/products/interior-doors/stain-grade-wood-door-2020/,301
/mouldings/product/stain-grade-wood-door-2020/,/products/interior-doors/stain-grade-wood-door-2020/,301
/interior-doors/product/stain-grade-wood-door-2020/,/products/interior-doors/stain-grade-wood-door-2020/,301
/doors/product/stain-grade-wood-door-2020/,/products/interior-doors/stain-grade-wood-door-2020/,301
/upcp_product/Stain-grade-wood-door- 2020C/,/products/interior-doors/stain-grade-wood-door-2020c/,301
/mouldings/product/Stain-grade-wood-door- 2020C/,/products/interior-doors/stain-grade-wood-door-2020c/,301
/interior-doors/product/Stain-grade-wood-door- 2020C/,/products/interior-doors/stain-grade-wood-door-2020c/,301
/doors/product/Stain-grade-wood-door- 2020C/,/products/interior-doors/stain-grade-wood-door-2020c/,301
/upcp_product/stain-grade-wood-door-2020c/,/products/interior-doors/stain-grade-wood-door-2020c/,301
/mouldings/product/stain-grade-wood-door-2020c/,/products/interior-doors/stain-grade-wood-door-2020c/,301
/interior-doors/product/stain-grade-wood-door-2020c/,/products/interior-doors/stain-grade-wood-door-2020c/,301
/doors/product/stain-grade-wood-door-2020c/,/products/interior-doors/stain-grade-wood-door-2020c/,301
/upcp_product/Stain-grade-wood-door- 2020S/,/products/interior-doors/stain-grade-wood-door-2020s/,301
/mouldings/product/Stain-grade-wood-door- 2020S/,/products/interior-doors/stain-grade-wood-door-2020s/,301
/interior-doors/product/Stain-grade-wood-door- 2020S/,/products/interior-doors/stain-grade-wood-door-2020s/,301
/doors/product/Stain-grade-wood-door- 2020S/,/products/interior-doors/stain-grade-wood-door-2020s/,301
/upcp_product/stain-grade-wood-door-2020s/,/products/interior-doors/stain-grade-wood-door-2020s/,301
/mouldings/product/stain-grade-wood-door-2020s/,/products/interior-doors/stain-grade-wood-door-2020s/,301
/interior-doors/product/stain-grade-wood-door-2020s/,/products/interior-doors/stain-grade-wood-door-2020s/,301
/doors/product/stain-grade-wood-door-2020s/,/products/interior-doors/stain-grade-wood-door-2020s/,301
/upcp_product/Stain-grade-wood-door- 202A/,/products/interior-doors/stain-grade-wood-door-202a/,301
/mouldings/product/Stain-grade-wood-door- 202A/,/products/interior-doors/stain-grade-wood-door-202a/,301
/interior-doors/product/Stain-grade-wood-door- 202A/,/products/interior-doors/stain-grade-wood-door-202a/,301
/doors/product/Stain-grade-wood-door- 202A/,/products/interior-doors/stain-grade-wood-door-202a/,301
/upcp_product/stain-grade-wood-door-202a/,/products/interior-doors/stain-grade-wood-door-202a/,301
/mouldings/product/stain-grade-wood-door-202a/,/products/interior-doors/stain-grade-wood-door-202a/,301
/interior-doors/product/stain-grade-wood-door-202a/,/products/interior-doors/stain-grade-wood-door-202a/,301
/doors/product/stain-grade-wood-door-202a/,/products/interior-doors/stain-grade-wood-door-202a/,301
/upcp_product/Stain-grade-wood-door- 202AC/,/products/interior-doors/stain-grade-wood-door-202ac/,301
/mouldings/product/Stain-grade-wood-door- 202AC/,/products/interior-doors/stain-grade-wood-door-202ac/,301
/interior-doors/product/Stain-grade-wood-door- 202AC/,/products/interior-doors/stain-grade-wood-door-202ac/,301
/doors/product/Stain-grade-wood-door- 202AC/,/products/interior-doors/stain-grade-wood-door-202ac/,301
/upcp_product/stain-grade-wood-door-202ac/,/products/interior-doors/stain-grade-wood-door-202ac/,301
/mouldings/product/stain-grade-wood-door-202ac/,/products/interior-doors/stain-grade-wood-door-202ac/,301
/interior-doors/product/stain-grade-wood-door-202ac/,/products/interior-doors/stain-grade-wood-door-202ac/,301
/doors/product/stain-grade-wood-door-202ac/,/products/interior-doors/stain-grade-wood-door-202ac/,301
/upcp_product/Stain-grade-wood-door- 202AS/,/products/interior-doors/stain-grade-wood-door-202as/,301
/mouldings/product/Stain-grade-wood-door- 202AS/,/products/interior-doors/stain-grade-wood-door-202as/,301
/interior-doors/product/Stain-grade-wood-door- 202AS/,/products/interior-doors/stain-grade-wood-door-202as/,301
/doors/product/Stain-grade-wood-door- 202AS/,/products/interior-doors/stain-grade-wood-door-202as/,301
/upcp_product/stain-grade-wood-door-202as/,/products/interior-doors/stain-grade-wood-door-202as/,301
/mouldings/product/stain-grade-wood-door-202as/,/products/interior-doors/stain-grade-wood-door-202as/,301
/interior-doors/product/stain-grade-wood-door-202as/,/products/interior-doors/stain-grade-wood-door-202as/,301
/doors/product/stain-grade-wood-door-202as/,/products/interior-doors/stain-grade-wood-door-202as/,301
/upcp_product/Stain-grade-wood-door- 2035/,/products/interior-doors/stain-grade-wood-door-2035/,301
/mouldings/product/Stain-grade-wood-door- 2035/,/products/interior-doors/stain-grade-wood-door-2035/,301
/interior-doors/product/Stain-grade-wood-door- 2035/,/products/interior-doors/stain-grade-wood-door-2035/,301
/doors/product/Stain-grade-wood-door- 2035/,/products/interior-doors/stain-grade-wood-door-2035/,301
/upcp_product/stain-grade-wood-door-2035/,/products/interior-doors/stain-grade-wood-door-2035/,301
/mouldings/product/stain-grade-wood-door-2035/,/products/interior-doors/stain-grade-wood-door-2035/,301
/interior-doors/product/stain-grade-wood-door-2035/,/products/interior-doors/stain-grade-wood-door-2035/,301
/doors/product/stain-grade-wood-door-2035/,/products/interior-doors/stain-grade-wood-door-2035/,301
/upcp_product/Stain-grade-wood-door- 2036/,/products/interior-doors/stain-grade-wood-door-2036/,301
/mouldings/product/Stain-grade-wood-door- 2036/,/products/interior-doors/stain-grade-wood-door-2036/,301
/interior-doors/product/Stain-grade-wood-door- 2036/,/products/interior-doors/stain-grade-wood-door-2036/,301
/doors/product/Stain-grade-wood-door- 2036/,/products/interior-doors/stain-grade-wood-door-2036/,301
/upcp_product/stain-grade-wood-door-2036/,/products/interior-doors/stain-grade-wood-door-2036/,301
/mouldings/product/stain-grade-wood-door-2036/,/products/interior-doors/stain-grade-wood-door-2036/,301
/interior-doors/product/stain-grade-wood-door-2036/,/products/interior-doors/stain-grade-wood-door-2036/,301
/doors/product/stain-grade-wood-door-2036/,/products/interior-doors/stain-grade-wood-door-2036/,301
/upcp_product/Stain-grade-wood-door- 203A/,/products/interior-doors/stain-grade-wood-door-203a/,301
/mouldings/product/Stain-grade-wood-door- 203A/,/products/interior-doors/stain-grade-wood-door-203a/,301
/interior-doors/product/Stain-grade-wood-door- 203A/,/products/interior-doors/stain-grade-wood-door-203a/,301
/doors/product/Stain-grade-wood-door- 203A/,/products/interior-doors/stain-grade-wood-door-203a/,301
/upcp_product/stain-grade-wood-door-203a/,/products/interior-doors/stain-grade-wood-door-203a/,301
/mouldings/product/stain-grade-wood-door-203a/,/products/interior-doors/stain-grade-wood-door-203a/,301
/interior-doors/product/stain-grade-wood-door-203a/,/products/interior-doors/stain-grade-wood-door-203a/,301
/doors/product/stain-grade-wood-door-203a/,/products/interior-doors/stain-grade-wood-door-203a/,301
/upcp_product/Stain-grade-wood-door- 203AC/,/products/interior-doors/stain-grade-wood-door-203ac/,301
/mouldings/product/Stain-grade-wood-door- 203AC/,/products/interior-doors/stain-grade-wood-door-203ac/,301
/interior-doors/product/Stain-grade-wood-door- 203AC/,/products/interior-doors/stain-grade-wood-door-203ac/,301
/doors/product/Stain-grade-wood-door- 203AC/,/products/interior-doors/stain-grade-wood-door-203ac/,301
/upcp_product/stain-grade-wood-door-203ac/,/products/interior-doors/stain-grade-wood-door-203ac/,301
/mouldings/product/stain-grade-wood-door-203ac/,/products/interior-doors/stain-grade-wood-door-203ac/,301
/interior-doors/product/stain-grade-wood-door-203ac/,/products/interior-doors/stain-grade-wood-door-203ac/,301
/doors/product/stain-grade-wood-door-203ac/,/products/interior-doors/stain-grade-wood-door-203ac/,301
/upcp_product/Stain-grade-wood-door- 203AS/,/products/interior-doors/stain-grade-wood-door-203as/,301
/mouldings/product/Stain-grade-wood-door- 203AS/,/products/interior-doors/stain-grade-wood-door-203as/,301
/interior-doors/product/Stain-grade-wood-door- 203AS/,/products/interior-doors/stain-grade-wood-door-203as/,301
/doors/product/Stain-grade-wood-door- 203AS/,/products/interior-doors/stain-grade-wood-door-203as/,301
/upcp_product/stain-grade-wood-door-203as/,/products/interior-doors/stain-grade-wood-door-203as/,301
/mouldings/product/stain-grade-wood-door-203as/,/products/interior-doors/stain-grade-wood-door-203as/,301
/interior-doors/product/stain-grade-wood-door-203as/,/products/interior-doors/stain-grade-wood-door-203as/,301
/doors/product/stain-grade-wood-door-203as/,/products/interior-doors/stain-grade-wood-door-203as/,301
/upcp_product/Stain-grade-wood-door- 203E/,/products/interior-doors/stain-grade-wood-door-203e/,301
/mouldings/product/Stain-grade-wood-door- 203E/,/products/interior-doors/stain-grade-wood-door-203e/,301
/interior-doors/product/Stain-grade-wood-door- 203E/,/products/interior-doors/stain-grade-wood-door-203e/,301
/doors/product/Stain-grade-wood-door- 203E/,/products/interior-doors/stain-grade-wood-door-203e/,301
/upcp_product/stain-grade-wood-door-203e/,/products/interior-doors/stain-grade-wood-door-203e/,301
/mouldings/product/stain-grade-wood-door-203e/,/products/interior-doors/stain-grade-wood-door-203e/,301
/interior-doors/product/stain-grade-wood-door-203e/,/products/interior-doors/stain-grade-wood-door-203e/,301
/doors/product/stain-grade-wood-door-203e/,/products/interior-doors/stain-grade-wood-door-203e/,301
/upcp_product/Stain-grade-wood-door- 203H/,/products/interior-doors/stain-grade-wood-door-203h/,301
/mouldings/product/Stain-grade-wood-door- 203H/,/products/interior-doors/stain-grade-wood-door-203h/,301
/interior-doors/product/Stain-grade-wood-door- 203H/,/products/interior-doors/stain-grade-wood-door-203h/,301
/doors/product/Stain-grade-wood-door- 203H/,/products/interior-doors/stain-grade-wood-door-203h/,301
/upcp_product/stain-grade-wood-door-203h/,/products/interior-doors/stain-grade-wood-door-203h/,301
/mouldings/product/stain-grade-wood-door-203h/,/products/interior-doors/stain-grade-wood-door-203h/,301
/interior-doors/product/stain-grade-wood-door-203h/,/products/interior-doors/stain-grade-wood-door-203h/,301
/doors/product/stain-grade-wood-door-203h/,/products/interior-doors/stain-grade-wood-door-203h/,301
/upcp_product/Stain-grade-wood-door- 203K/,/products/interior-doors/stain-grade-wood-door-203k/,301
/mouldings/product/Stain-grade-wood-door- 203K/,/products/interior-doors/stain-grade-wood-door-203k/,301
/interior-doors/product/Stain-grade-wood-door- 203K/,/products/interior-doors/stain-grade-wood-door-203k/,301
/doors/product/Stain-grade-wood-door- 203K/,/products/interior-doors/stain-grade-wood-door-203k/,301
/upcp_product/stain-grade-wood-door-203k/,/products/interior-doors/stain-grade-wood-door-203k/,301
/mouldings/product/stain-grade-wood-door-203k/,/products/interior-doors/stain-grade-wood-door-203k/,301
/interior-doors/product/stain-grade-wood-door-203k/,/products/interior-doors/stain-grade-wood-door-203k/,301
/doors/product/stain-grade-wood-door-203k/,/products/interior-doors/stain-grade-wood-door-203k/,301
/upcp_product/Stain-grade-wood-door- 203KC/,/products/interior-doors/stain-grade-wood-door-203kc/,301
/mouldings/product/Stain-grade-wood-door- 203KC/,/products/interior-doors/stain-grade-wood-door-203kc/,301
/interior-doors/product/Stain-grade-wood-door- 203KC/,/products/interior-doors/stain-grade-wood-door-203kc/,301
/doors/product/Stain-grade-wood-door- 203KC/,/products/interior-doors/stain-grade-wood-door-203kc/,301
/upcp_product/stain-grade-wood-door-203kc/,/products/interior-doors/stain-grade-wood-door-203kc/,301
/mouldings/product/stain-grade-wood-door-203kc/,/products/interior-doors/stain-grade-wood-door-203kc/,301
/interior-doors/product/stain-grade-wood-door-203kc/,/products/interior-doors/stain-grade-wood-door-203kc/,301
/doors/product/stain-grade-wood-door-203kc/,/products/interior-doors/stain-grade-wood-door-203kc/,301
/upcp_product/Stain-grade-wood-door- 203KS/,/products/interior-doors/stain-grade-wood-door-203ks/,301
/mouldings/product/Stain-grade-wood-door- 203KS/,/products/interior-doors/stain-grade-wood-door-203ks/,301
/interior-doors/product/Stain-grade-wood-door- 203KS/,/products/interior-doors/stain-grade-wood-door-203ks/,301
/doors/product/Stain-grade-wood-door- 203KS/,/products/interior-doors/stain-grade-wood-door-203ks/,301
/upcp_product/stain-grade-wood-door-203ks/,/products/interior-doors/stain-grade-wood-door-203ks/,301
/mouldings/product/stain-grade-wood-door-203ks/,/products/interior-doors/stain-grade-wood-door-203ks/,301
/interior-doors/product/stain-grade-wood-door-203ks/,/products/interior-doors/stain-grade-wood-door-203ks/,301
/doors/product/stain-grade-wood-door-203ks/,/products/interior-doors/stain-grade-wood-door-203ks/,301
/upcp_product/Stain-grade-wood-door- 203L/,/products/interior-doors/stain-grade-wood-door-203l/,301
/mouldings/product/Stain-grade-wood-door- 203L/,/products/interior-doors/stain-grade-wood-door-203l/,301
/interior-doors/product/Stain-grade-wood-door- 203L/,/products/interior-doors/stain-grade-wood-door-203l/,301
/doors/product/Stain-grade-wood-door- 203L/,/products/interior-doors/stain-grade-wood-door-203l/,301
/upcp_product/stain-grade-wood-door-203l/,/products/interior-doors/stain-grade-wood-door-203l/,301
/mouldings/product/stain-grade-wood-door-203l/,/products/interior-doors/stain-grade-wood-door-203l/,301
/interior-doors/product/stain-grade-wood-door-203l/,/products/interior-doors/stain-grade-wood-door-203l/,301
/doors/product/stain-grade-wood-door-203l/,/products/interior-doors/stain-grade-wood-door-203l/,301
/upcp_product/Stain-grade-wood-door- 203T/,/products/interior-doors/stain-grade-wood-door-203t/,301
/mouldings/product/Stain-grade-wood-door- 203T/,/products/interior-doors/stain-grade-wood-door-203t/,301
/interior-doors/product/Stain-grade-wood-door- 203T/,/products/interior-doors/stain-grade-wood-door-203t/,301
/doors/product/Stain-grade-wood-door- 203T/,/products/interior-doors/stain-grade-wood-door-203t/,301
/upcp_product/stain-grade-wood-door-203t/,/products/interior-doors/stain-grade-wood-door-203t/,301
/mouldings/product/stain-grade-wood-door-203t/,/products/interior-doors/stain-grade-wood-door-203t/,301
/interior-doors/product/stain-grade-wood-door-203t/,/products/interior-doors/stain-grade-wood-door-203t/,301
/doors/product/stain-grade-wood-door-203t/,/products/interior-doors/stain-grade-wood-door-203t/,301
/upcp_product/Stain-grade-wood-door- 203TP/,/products/interior-doors/stain-grade-wood-door-203tp/,301
/mouldings/product/Stain-grade-wood-door- 203TP/,/products/interior-doors/stain-grade-wood-door-203tp/,301
/interior-doors/product/Stain-grade-wood-door- 203TP/,/products/interior-doors/stain-grade-wood-door-203tp/,301
/doors/product/Stain-grade-wood-door- 203TP/,/products/interior-doors/stain-grade-wood-door-203tp/,301
/upcp_product/stain-grade-wood-door-203tp/,/products/interior-doors/stain-grade-wood-door-203tp/,301
/mouldings/product/stain-grade-wood-door-203tp/,/products/interior-doors/stain-grade-wood-door-203tp/,301
/interior-doors/product/stain-grade-wood-door-203tp/,/products/interior-doors/stain-grade-wood-door-203tp/,301
/doors/product/stain-grade-wood-door-203tp/,/products/interior-doors/stain-grade-wood-door-203tp/,301
/upcp_product/Stain-grade-wood-door-2040/,/products/interior-doors/stain-grade-wood-door-2040/,301
/mouldings/product/Stain-grade-wood-door-2040/,/products/interior-doors/stain-grade-wood-door-2040/,301
/interior-doors/product/Stain-grade-wood-door-2040/,/products/interior-doors/stain-grade-wood-door-2040/,301
/doors/product/Stain-grade-wood-door-2040/,/products/interior-doors/stain-grade-wood-door-2040/,301
/upcp_product/stain-grade-wood-door-2040/,/products/interior-doors/stain-grade-wood-door-2040/,301
/mouldings/product/stain-grade-wood-door-2040/,/products/interior-doors/stain-grade-wood-door-2040/,301
/interior-doors/product/stain-grade-wood-door-2040/,/products/interior-doors/stain-grade-wood-door-2040/,301
/doors/product/stain-grade-wood-door-2040/,/products/interior-doors/stain-grade-wood-door-2040/,301
/upcp_product/Stain-grade-wood-door- 2040C/,/products/interior-doors/stain-grade-wood-door-2040c/,301
/mouldings/product/Stain-grade-wood-door- 2040C/,/products/interior-doors/stain-grade-wood-door-2040c/,301
/interior-doors/product/Stain-grade-wood-door- 2040C/,/products/interior-doors/stain-grade-wood-door-2040c/,301
/doors/product/Stain-grade-wood-door- 2040C/,/products/interior-doors/stain-grade-wood-door-2040c/,301
/upcp_product/stain-grade-wood-door-2040c/,/products/interior-doors/stain-grade-wood-door-2040c/,301
/mouldings/product/stain-grade-wood-door-2040c/,/products/interior-doors/stain-grade-wood-door-2040c/,301
/interior-doors/product/stain-grade-wood-door-2040c/,/products/interior-doors/stain-grade-wood-door-2040c/,301
/doors/product/stain-grade-wood-door-2040c/,/products/interior-doors/stain-grade-wood-door-2040c/,301
/upcp_product/Stain-grade-wood-door- 2040S/,/products/interior-doors/stain-grade-wood-door-2040s/,301
/mouldings/product/Stain-grade-wood-door- 2040S/,/products/interior-doors/stain-grade-wood-door-2040s/,301
/interior-doors/product/Stain-grade-wood-door- 2040S/,/products/interior-doors/stain-grade-wood-door-2040s/,301
/doors/product/Stain-grade-wood-door- 2040S/,/products/interior-doors/stain-grade-wood-door-2040s/,301
/upcp_product/stain-grade-wood-door-2040s/,/products/interior-doors/stain-grade-wood-door-2040s/,301
/mouldings/product/stain-grade-wood-door-2040s/,/products/interior-doors/stain-grade-wood-door-2040s/,301
/interior-doors/product/stain-grade-wood-door-2040s/,/products/interior-doors/stain-grade-wood-door-2040s/,301
/doors/product/stain-grade-wood-door-2040s/,/products/interior-doors/stain-grade-wood-door-2040s/,301
/upcp_product/Stain-grade-wood-door- 204F/,/products/interior-doors/stain-grade-wood-door-204f/,301
/mouldings/product/Stain-grade-wood-door- 204F/,/products/interior-doors/stain-grade-wood-door-204f/,301
/interior-doors/product/Stain-grade-wood-door- 204F/,/products/interior-doors/stain-grade-wood-door-204f/,301
/doors/product/Stain-grade-wood-door- 204F/,/products/interior-doors/stain-grade-wood-door-204f/,301
/upcp_product/stain-grade-wood-door-204f/,/products/interior-doors/stain-grade-wood-door-204f/,301
/mouldings/product/stain-grade-wood-door-204f/,/products/interior-doors/stain-grade-wood-door-204f/,301
/interior-doors/product/stain-grade-wood-door-204f/,/products/interior-doors/stain-grade-wood-door-204f/,301
/doors/product/stain-grade-wood-door-204f/,/products/interior-doors/stain-grade-wood-door-204f/,301
/upcp_product/Stain-grade-wood-door- 204H/,/products/interior-doors/stain-grade-wood-door-204h/,301
/mouldings/product/Stain-grade-wood-door- 204H/,/products/interior-doors/stain-grade-wood-door-204h/,301
/interior-doors/product/Stain-grade-wood-door- 204H/,/products/interior-doors/stain-grade-wood-door-204h/,301
/doors/product/Stain-grade-wood-door- 204H/,/products/interior-doors/stain-grade-wood-door-204h/,301
/upcp_product/stain-grade-wood-door-204h/,/products/interior-doors/stain-grade-wood-door-204h/,301
/mouldings/product/stain-grade-wood-door-204h/,/products/interior-doors/stain-grade-wood-door-204h/,301
/interior-doors/product/stain-grade-wood-door-204h/,/products/interior-doors/stain-grade-wood-door-204h/,301
/doors/product/stain-grade-wood-door-204h/,/products/interior-doors/stain-grade-wood-door-204h/,301
/upcp_product/Stain-grade-wood-door- 204L/,/products/interior-doors/stain-grade-wood-door-204l/,301
/mouldings/product/Stain-grade-wood-door- 204L/,/products/interior-doors/stain-grade-wood-door-204l/,301
/interior-doors/product/Stain-grade-wood-door- 204L/,/products/interior-doors/stain-grade-wood-door-204l/,301
/doors/product/Stain-grade-wood-door- 204L/,/products/interior-doors/stain-grade-wood-door-204l/,301
/upcp_product/stain-grade-wood-door-204l/,/products/interior-doors/stain-grade-wood-door-204l/,301
/mouldings/product/stain-grade-wood-door-204l/,/products/interior-doors/stain-grade-wood-door-204l/,301
/interior-doors/product/stain-grade-wood-door-204l/,/products/interior-doors/stain-grade-wood-door-204l/,301
/doors/product/stain-grade-wood-door-204l/,/products/interior-doors/stain-grade-wood-door-204l/,301
/upcp_product/Stain-grade-wood-door- 204Z/,/products/interior-doors/stain-grade-wood-door-204z/,301
/mouldings/product/Stain-grade-wood-door- 204Z/,/products/interior-doors/stain-grade-wood-door-204z/,301
/interior-doors/product/Stain-grade-wood-door- 204Z/,/products/interior-doors/stain-grade-wood-door-204z/,301
/doors/product/Stain-grade-wood-door- 204Z/,/products/interior-doors/stain-grade-wood-door-204z/,301
/upcp_product/stain-grade-wood-door-204z/,/products/interior-doors/stain-grade-wood-door-204z/,301
/mouldings/product/stain-grade-wood-door-204z/,/products/interior-doors/stain-grade-wood-door-204z/,301
/interior-doors/product/stain-grade-wood-door-204z/,/products/interior-doors/stain-grade-wood-door-204z/,301
/doors/product/stain-grade-wood-door-204z/,/products/interior-doors/stain-grade-wood-door-204z/,301
/upcp_product/Stain-grade-wood-door- 2050/,/products/interior-doors/stain-grade-wood-door-2050/,301
/mouldings/product/Stain-grade-wood-door- 2050/,/products/interior-doors/stain-grade-wood-door-2050/,301
/interior-doors/product/Stain-grade-wood-door- 2050/,/products/interior-doors/stain-grade-wood-door-2050/,301
/doors/product/Stain-grade-wood-door- 2050/,/products/interior-doors/stain-grade-wood-door-2050/,301
/upcp_product/stain-grade-wood-door-2050/,/products/interior-doors/stain-grade-wood-door-2050/,301
/mouldings/product/stain-grade-wood-door-2050/,/products/interior-doors/stain-grade-wood-door-2050/,301
/interior-doors/product/stain-grade-wood-door-2050/,/products/interior-doors/stain-grade-wood-door-2050/,301
/doors/product/stain-grade-wood-door-2050/,/products/interior-doors/stain-grade-wood-door-2050/,301
/upcp_product/Stain-grade-wood-door- 205H/,/products/interior-doors/stain-grade-wood-door-205h/,301
/mouldings/product/Stain-grade-wood-door- 205H/,/products/interior-doors/stain-grade-wood-door-205h/,301
/interior-doors/product/Stain-grade-wood-door- 205H/,/products/interior-doors/stain-grade-wood-door-205h/,301
/doors/product/Stain-grade-wood-door- 205H/,/products/interior-doors/stain-grade-wood-door-205h/,301
/upcp_product/stain-grade-wood-door-205h/,/products/interior-doors/stain-grade-wood-door-205h/,301
/mouldings/product/stain-grade-wood-door-205h/,/products/interior-doors/stain-grade-wood-door-205h/,301
/interior-doors/product/stain-grade-wood-door-205h/,/products/interior-doors/stain-grade-wood-door-205h/,301
/doors/product/stain-grade-wood-door-205h/,/products/interior-doors/stain-grade-wood-door-205h/,301
/upcp_product/Stain-grade-wood-door- 205L/,/products/interior-doors/stain-grade-wood-door-205l/,301
/mouldings/product/Stain-grade-wood-door- 205L/,/products/interior-doors/stain-grade-wood-door-205l/,301
/interior-doors/product/Stain-grade-wood-door- 205L/,/products/interior-doors/stain-grade-wood-door-205l/,301
/doors/product/Stain-grade-wood-door- 205L/,/products/interior-doors/stain-grade-wood-door-205l/,301
/upcp_product/stain-grade-wood-door-205l/,/products/interior-doors/stain-grade-wood-door-205l/,301
/mouldings/product/stain-grade-wood-door-205l/,/products/interior-doors/stain-grade-wood-door-205l/,301
/interior-doors/product/stain-grade-wood-door-205l/,/products/interior-doors/stain-grade-wood-door-205l/,301
/doors/product/stain-grade-wood-door-205l/,/products/interior-doors/stain-grade-wood-door-205l/,301
/upcp_product/Stain-grade-wood-door- 2060/,/products/interior-doors/stain-grade-wood-door-2060/,301
/mouldings/product/Stain-grade-wood-door- 2060/,/products/interior-doors/stain-grade-wood-door-2060/,301
/interior-doors/product/Stain-grade-wood-door- 2060/,/products/interior-doors/stain-grade-wood-door-2060/,301
/doors/product/Stain-grade-wood-door- 2060/,/products/interior-doors/stain-grade-wood-door-2060/,301
/upcp_product/stain-grade-wood-door-2060/,/products/interior-doors/stain-grade-wood-door-2060/,301
/mouldings/product/stain-grade-wood-door-2060/,/products/interior-doors/stain-grade-wood-door-2060/,301
/interior-doors/product/stain-grade-wood-door-2060/,/products/interior-doors/stain-grade-wood-door-2060/,301
/doors/product/stain-grade-wood-door-2060/,/products/interior-doors/stain-grade-wood-door-2060/,301
/upcp_product/Stain-grade-wood-door- 206R/,/products/interior-doors/stain-grade-wood-door-206r/,301
/mouldings/product/Stain-grade-wood-door- 206R/,/products/interior-doors/stain-grade-wood-door-206r/,301
/interior-doors/product/Stain-grade-wood-door- 206R/,/products/interior-doors/stain-grade-wood-door-206r/,301
/doors/product/Stain-grade-wood-door- 206R/,/products/interior-doors/stain-grade-wood-door-206r/,301
/upcp_product/stain-grade-wood-door-206r/,/products/interior-doors/stain-grade-wood-door-206r/,301
/mouldings/product/stain-grade-wood-door-206r/,/products/interior-doors/stain-grade-wood-door-206r/,301
/interior-doors/product/stain-grade-wood-door-206r/,/products/interior-doors/stain-grade-wood-door-206r/,301
/doors/product/stain-grade-wood-door-206r/,/products/interior-doors/stain-grade-wood-door-206r/,301
/upcp_product/Stain-grade-wood-door- 206T/,/products/interior-doors/stain-grade-wood-door-206t/,301
/mouldings/product/Stain-grade-wood-door- 206T/,/products/interior-doors/stain-grade-wood-door-206t/,301
/interior-doors/product/Stain-grade-wood-door- 206T/,/products/interior-doors/stain-grade-wood-door-206t/,301
/doors/product/Stain-grade-wood-door- 206T/,/products/interior-doors/stain-grade-wood-door-206t/,301
/upcp_product/stain-grade-wood-door-206t/,/products/interior-doors/stain-grade-wood-door-206t/,301
/mouldings/product/stain-grade-wood-door-206t/,/products/interior-doors/stain-grade-wood-door-206t/,301
/interior-doors/product/stain-grade-wood-door-206t/,/products/interior-doors/stain-grade-wood-door-206t/,301
/doors/product/stain-grade-wood-door-206t/,/products/interior-doors/stain-grade-wood-door-206t/,301
/upcp_product/Stain-grade-wood-door- 2080/,/products/interior-doors/stain-grade-wood-door-2080/,301
/mouldings/product/Stain-grade-wood-door- 2080/,/products/interior-doors/stain-grade-wood-door-2080/,301
/interior-doors/product/Stain-grade-wood-door- 2080/,/products/interior-doors/stain-grade-wood-door-2080/,301
/doors/product/Stain-grade-wood-door- 2080/,/products/interior-doors/stain-grade-wood-door-2080/,301
/upcp_product/stain-grade-wood-door-2080/,/products/interior-doors/stain-grade-wood-door-2080/,301
/mouldings/product/stain-grade-wood-door-2080/,/products/interior-doors/stain-grade-wood-door-2080/,301
/interior-doors/product/stain-grade-wood-door-2080/,/products/interior-doors/stain-grade-wood-door-2080/,301
/doors/product/stain-grade-wood-door-2080/,/products/interior-doors/stain-grade-wood-door-2080/,301
/upcp_product/Stain-grade-wood-door- 792A/,/products/interior-doors/stain-grade-wood-door-792a/,301
/mouldings/product/Stain-grade-wood-door- 792A/,/products/interior-doors/stain-grade-wood-door-792a/,301
/interior-doors/product/Stain-grade-wood-door- 792A/,/products/interior-doors/stain-grade-wood-door-792a/,301
/doors/product/Stain-grade-wood-door- 792A/,/products/interior-doors/stain-grade-wood-door-792a/,301
/upcp_product/stain-grade-wood-door-792a/,/products/interior-doors/stain-grade-wood-door-792a/,301
/mouldings/product/stain-grade-wood-door-792a/,/products/interior-doors/stain-grade-wood-door-792a/,301
/interior-doors/product/stain-grade-wood-door-792a/,/products/interior-doors/stain-grade-wood-door-792a/,301
/doors/product/stain-grade-wood-door-792a/,/products/interior-doors/stain-grade-wood-door-792a/,301
/upcp_product/Stain-grade-wood-door- 7935/,/products/interior-doors/stain-grade-wood-door-7935/,301
/mouldings/product/Stain-grade-wood-door- 7935/,/products/interior-doors/stain-grade-wood-door-7935/,301
/interior-doors/product/Stain-grade-wood-door- 7935/,/products/interior-doors/stain-grade-wood-door-7935/,301
/doors/product/Stain-grade-wood-door- 7935/,/products/interior-doors/stain-grade-wood-door-7935/,301
/upcp_product/stain-grade-wood-door-7935/,/products/interior-doors/stain-grade-wood-door-7935/,301
/mouldings/product/stain-grade-wood-door-7935/,/products/interior-doors/stain-grade-wood-door-7935/,301
/interior-doors/product/stain-grade-wood-door-7935/,/products/interior-doors/stain-grade-wood-door-7935/,301
/doors/product/stain-grade-wood-door-7935/,/products/interior-doors/stain-grade-wood-door-7935/,301
/upcp_product/Stain-grade-wood-door- 7936/,/products/interior-doors/stain-grade-wood-door-7936/,301
/mouldings/product/Stain-grade-wood-door- 7936/,/products/interior-doors/stain-grade-wood-door-7936/,301
/interior-doors/product/Stain-grade-wood-door- 7936/,/products/interior-doors/stain-grade-wood-door-7936/,301
/doors/product/Stain-grade-wood-door- 7936/,/products/interior-doors/stain-grade-wood-door-7936/,301
/upcp_product/stain-grade-wood-door-7936/,/products/interior-doors/stain-grade-wood-door-7936/,301
/mouldings/product/stain-grade-wood-door-7936/,/products/interior-doors/stain-grade-wood-door-7936/,301
/interior-doors/product/stain-grade-wood-door-7936/,/products/interior-doors/stain-grade-wood-door-7936/,301
/doors/product/stain-grade-wood-door-7936/,/products/interior-doors/stain-grade-wood-door-7936/,301
/upcp_product/Stain-grade-wood-door- 793A/,/products/interior-doors/stain-grade-wood-door-793a/,301
/mouldings/product/Stain-grade-wood-door- 793A/,/products/interior-doors/stain-grade-wood-door-793a/,301
/interior-doors/product/Stain-grade-wood-door- 793A/,/products/interior-doors/stain-grade-wood-door-793a/,301
/doors/product/Stain-grade-wood-door- 793A/,/products/interior-doors/stain-grade-wood-door-793a/,301
/upcp_product/stain-grade-wood-door-793a/,/products/interior-doors/stain-grade-wood-door-793a/,301
/mouldings/product/stain-grade-wood-door-793a/,/products/interior-doors/stain-grade-wood-door-793a/,301
/interior-doors/product/stain-grade-wood-door-793a/,/products/interior-doors/stain-grade-wood-door-793a/,301
/doors/product/stain-grade-wood-door-793a/,/products/interior-doors/stain-grade-wood-door-793a/,301
/upcp_product/Stain-grade-wood-door- 793K/,/products/interior-doors/stain-grade-wood-door-793k/,301
/mouldings/product/Stain-grade-wood-door- 793K/,/products/interior-doors/stain-grade-wood-door-793k/,301
/interior-doors/product/Stain-grade-wood-door- 793K/,/products/interior-doors/stain-grade-wood-door-793k/,301
/doors/product/Stain-grade-wood-door- 793K/,/products/interior-doors/stain-grade-wood-door-793k/,301
/upcp_product/stain-grade-wood-door-793k/,/products/interior-doors/stain-grade-wood-door-793k/,301
/mouldings/product/stain-grade-wood-door-793k/,/products/interior-doors/stain-grade-wood-door-793k/,301
/interior-doors/product/stain-grade-wood-door-793k/,/products/interior-doors/stain-grade-wood-door-793k/,301
/doors/product/stain-grade-wood-door-793k/,/products/interior-doors/stain-grade-wood-door-793k/,301
/upcp_product/Stain-grade-wood-door- 793L/,/products/interior-doors/stain-grade-wood-door-793l/,301
/mouldings/product/Stain-grade-wood-door- 793L/,/products/interior-doors/stain-grade-wood-door-793l/,301
/interior-doors/product/Stain-grade-wood-door- 793L/,/products/interior-doors/stain-grade-wood-door-793l/,301
/doors/product/Stain-grade-wood-door- 793L/,/products/interior-doors/stain-grade-wood-door-793l/,301
/upcp_product/stain-grade-wood-door-793l/,/products/interior-doors/stain-grade-wood-door-793l/,301
/mouldings/product/stain-grade-wood-door-793l/,/products/interior-doors/stain-grade-wood-door-793l/,301
/interior-doors/product/stain-grade-wood-door-793l/,/products/interior-doors/stain-grade-wood-door-793l/,301
/doors/product/stain-grade-wood-door-793l/,/products/interior-doors/stain-grade-wood-door-793l/,301
/upcp_product/Stain-grade-wood-door- 793T/,/products/interior-doors/stain-grade-wood-door-793t/,301
/mouldings/product/Stain-grade-wood-door- 793T/,/products/interior-doors/stain-grade-wood-door-793t/,301
/interior-doors/product/Stain-grade-wood-door- 793T/,/products/interior-doors/stain-grade-wood-door-793t/,301
/doors/product/Stain-grade-wood-door- 793T/,/products/interior-doors/stain-grade-wood-door-793t/,301
/upcp_product/stain-grade-wood-door-793t/,/products/interior-doors/stain-grade-wood-door-793t/,301
/mouldings/product/stain-grade-wood-door-793t/,/products/interior-doors/stain-grade-wood-door-793t/,301
/interior-doors/product/stain-grade-wood-door-793t/,/products/interior-doors/stain-grade-wood-door-793t/,301
/doors/product/stain-grade-wood-door-793t/,/products/interior-doors/stain-grade-wood-door-793t/,301
/upcp_product/Stain-grade-wood-door- 794F/,/products/interior-doors/stain-grade-wood-door-794f/,301
/mouldings/product/Stain-grade-wood-door- 794F/,/products/interior-doors/stain-grade-wood-door-794f/,301
/interior-doors/product/Stain-grade-wood-door- 794F/,/products/interior-doors/stain-grade-wood-door-794f/,301
/doors/product/Stain-grade-wood-door- 794F/,/products/interior-doors/stain-grade-wood-door-794f/,301
/upcp_product/stain-grade-wood-door-794f/,/products/interior-doors/stain-grade-wood-door-794f/,301
/mouldings/product/stain-grade-wood-door-794f/,/products/interior-doors/stain-grade-wood-door-794f/,301
/interior-doors/product/stain-grade-wood-door-794f/,/products/interior-doors/stain-grade-wood-door-794f/,301
/doors/product/stain-grade-wood-door-794f/,/products/interior-doors/stain-grade-wood-door-794f/,301
/upcp_product/Stain-grade-wood-door- 794L/,/products/interior-doors/stain-grade-wood-door-794l/,301
/mouldings/product/Stain-grade-wood-door- 794L/,/products/interior-doors/stain-grade-wood-door-794l/,301
/interior-doors/product/Stain-grade-wood-door- 794L/,/products/interior-doors/stain-grade-wood-door-794l/,301
/doors/product/Stain-grade-wood-door- 794L/,/products/interior-doors/stain-grade-wood-door-794l/,301
/upcp_product/stain-grade-wood-door-794l/,/products/interior-doors/stain-grade-wood-door-794l/,301
/mouldings/product/stain-grade-wood-door-794l/,/products/interior-doors/stain-grade-wood-door-794l/,301
/interior-doors/product/stain-grade-wood-door-794l/,/products/interior-doors/stain-grade-wood-door-794l/,301
/doors/product/stain-grade-wood-door-794l/,/products/interior-doors/stain-grade-wood-door-794l/,301
/upcp_product/Stain-grade-wood-door- 794Z/,/products/interior-doors/stain-grade-wood-door-794z/,301
/mouldings/product/Stain-grade-wood-door- 794Z/,/products/interior-doors/stain-grade-wood-door-794z/,301
/interior-doors/product/Stain-grade-wood-door- 794Z/,/products/interior-doors/stain-grade-wood-door-794z/,301
/doors/product/Stain-grade-wood-door- 794Z/,/products/interior-doors/stain-grade-wood-door-794z/,301
/upcp_product/stain-grade-wood-door-794z/,/products/interior-doors/stain-grade-wood-door-794z/,301
/mouldings/product/stain-grade-wood-door-794z/,/products/interior-doors/stain-grade-wood-door-794z/,301
/interior-doors/product/stain-grade-wood-door-794z/,/products/interior-doors/stain-grade-wood-door-794z/,301
/doors/product/stain-grade-wood-door-794z/,/products/interior-doors/stain-grade-wood-door-794z/,301
/upcp_product/Stain-grade-wood-door- 795L/,/products/interior-doors/stain-grade-wood-door-795l/,301
/mouldings/product/Stain-grade-wood-door- 795L/,/products/interior-doors/stain-grade-wood-door-795l/,301
/interior-doors/product/Stain-grade-wood-door- 795L/,/products/interior-doors/stain-grade-wood-door-795l/,301
/doors/product/Stain-grade-wood-door- 795L/,/products/interior-doors/stain-grade-wood-door-795l/,301
/upcp_product/stain-grade-wood-door-795l/,/products/interior-doors/stain-grade-wood-door-795l/,301
/mouldings/product/stain-grade-wood-door-795l/,/products/interior-doors/stain-grade-wood-door-795l/,301
/interior-doors/product/stain-grade-wood-door-795l/,/products/interior-doors/stain-grade-wood-door-795l/,301
/doors/product/stain-grade-wood-door-795l/,/products/interior-doors/stain-grade-wood-door-795l/,301
/upcp_product/Stain-grade-wood-door- 796R/,/products/interior-doors/stain-grade-wood-door-796r/,301
/mouldings/product/Stain-grade-wood-door- 796R/,/products/interior-doors/stain-grade-wood-door-796r/,301
/interior-doors/product/Stain-grade-wood-door- 796R/,/products/interior-doors/stain-grade-wood-door-796r/,301
/doors/product/Stain-grade-wood-door- 796R/,/products/interior-doors/stain-grade-wood-door-796r/,301
/upcp_product/stain-grade-wood-door-796r/,/products/interior-doors/stain-grade-wood-door-796r/,301
/mouldings/product/stain-grade-wood-door-796r/,/products/interior-doors/stain-grade-wood-door-796r/,301
/interior-doors/product/stain-grade-wood-door-796r/,/products/interior-doors/stain-grade-wood-door-796r/,301
/doors/product/stain-grade-wood-door-796r/,/products/interior-doors/stain-grade-wood-door-796r/,301
/upcp_product/Stain-grade-wood-door- 796T/,/products/interior-doors/stain-grade-wood-door-796t/,301
/mouldings/product/Stain-grade-wood-door- 796T/,/products/interior-doors/stain-grade-wood-door-796t/,301
/interior-doors/product/Stain-grade-wood-door- 796T/,/products/interior-doors/stain-grade-wood-door-796t/,301
/doors/product/Stain-grade-wood-door- 796T/,/products/interior-doors/stain-grade-wood-door-796t/,301
/upcp_product/stain-grade-wood-door-796t/,/products/interior-doors/stain-grade-wood-door-796t/,301
/mouldings/product/stain-grade-wood-door-796t/,/products/interior-doors/stain-grade-wood-door-796t/,301
/interior-doors/product/stain-grade-wood-door-796t/,/products/interior-doors/stain-grade-wood-door-796t/,301
/doors/product/stain-grade-wood-door-796t/,/products/interior-doors/stain-grade-wood-door-796t/,301
/upcp_product/Stain-grade-wood-door- 7980/,/products/interior-doors/stain-grade-wood-door-7980/,301
/mouldings/product/Stain-grade-wood-door- 7980/,/products/interior-doors/stain-grade-wood-door-7980/,301
/interior-doors/product/Stain-grade-wood-door- 7980/,/products/interior-doors/stain-grade-wood-door-7980/,301
/doors/product/Stain-grade-wood-door- 7980/,/products/interior-doors/stain-grade-wood-door-7980/,301
/upcp_product/stain-grade-wood-door-7980/,/products/interior-doors/stain-grade-wood-door-7980/,301
/mouldings/product/stain-grade-wood-door-7980/,/products/interior-doors/stain-grade-wood-door-7980/,301
/interior-doors/product/stain-grade-wood-door-7980/,/products/interior-doors/stain-grade-wood-door-7980/,301
/doors/product/stain-grade-wood-door-7980/,/products/interior-doors/stain-grade-wood-door-7980/,301
/upcp_product/Stain-grade-wood-door- pine-knotty-2-panel-staved-arch/,/products/interior-doors/stain-grade-wood-door-pine-knotty-2-panel-staved-arch/,301
/mouldings/product/Stain-grade-wood-door- pine-knotty-2-panel-staved-arch/,/products/interior-doors/stain-grade-wood-door-pine-knotty-2-panel-staved-arch/,301
/interior-doors/product/Stain-grade-wood-door- pine-knotty-2-panel-staved-arch/,/products/interior-doors/stain-grade-wood-door-pine-knotty-2-panel-staved-arch/,301
/doors/product/Stain-grade-wood-door- pine-knotty-2-panel-staved-arch/,/products/interior-doors/stain-grade-wood-door-pine-knotty-2-panel-staved-arch/,301
/upcp_product/Stain-grade-wood-door- pine-knotty-2-panel-square/,/products/interior-doors/stain-grade-wood-door-pine-knotty-2-panel-square/,301
/mouldings/product/Stain-grade-wood-door- pine-knotty-2-panel-square/,/products/interior-doors/stain-grade-wood-door-pine-knotty-2-panel-square/,301
/interior-doors/product/Stain-grade-wood-door- pine-knotty-2-panel-square/,/products/interior-doors/stain-grade-wood-door-pine-knotty-2-panel-square/,301
/doors/product/Stain-grade-wood-door- pine-knotty-2-panel-square/,/products/interior-doors/stain-grade-wood-door-pine-knotty-2-panel-square/,301
/upcp_product/stain-grade-wood-door-pine-knotty-2-panel-square/,/products/interior-doors/stain-grade-wood-door-pine-knotty-2-panel-square/,301
/mouldings/product/stain-grade-wood-door-pine-knotty-2-panel-square/,/products/interior-doors/stain-grade-wood-door-pine-knotty-2-panel-square/,301
/interior-doors/product/stain-grade-wood-door-pine-knotty-2-panel-square/,/products/interior-doors/stain-grade-wood-door-pine-knotty-2-panel-square/,301
/doors/product/stain-grade-wood-door-pine-knotty-2-panel-square/,/products/interior-doors/stain-grade-wood-door-pine-knotty-2-panel-square/,301
/upcp_product/z-style-barn-door-fir/,/products/interior-doors/z-style-barn-door-fir/,301
/mouldings/product/z-style-barn-door-fir/,/products/interior-doors/z-style-barn-door-fir/,301
/interior-doors/product/z-style-barn-door-fir/,/products/interior-doors/z-style-barn-door-fir/,301
/doors/product/z-style-barn-door-fir/,/products/interior-doors/z-style-barn-door-fir/,301
/upcp_product/z-style-barn-door-knotty-alder/,/products/interior-doors/z-style-barn-door-knotty-alder/,301
/mouldings/product/z-style-barn-door-knotty-alder/,/products/interior-doors/z-style-barn-door-knotty-alder/,301
/interior-doors/product/z-style-barn-door-knotty-alder/,/products/interior-doors/z-style-barn-door-knotty-alder/,301
/doors/product/z-style-barn-door-knotty-alder/,/products/interior-doors/z-style-barn-door-knotty-alder/,301
/upcp_product/z-style-barn-door-primed/,/products/interior-doors/z-style-barn-door-primed/,301
/mouldings/product/z-style-barn-door-primed/,/products/interior-doors/z-style-barn-door-primed/,301
/interior-doors/product/z-style-barn-door-primed/,/products/interior-doors/z-style-barn-door-primed/,301
/doors/product/z-style-barn-door-primed/,/products/interior-doors/z-style-barn-door-primed/,301
/upcp_product/louvered-door1/,/products/interior-doors/louvered-door1/,301
/mouldings/product/louvered-door1/,/products/interior-doors/louvered-door1/,301
/interior-doors/product/louvered-door1/,/products/interior-doors/louvered-door1/,301
/doors/product/louvered-door1/,/products/interior-doors/louvered-door1/,301
/upcp_product/one-or-two-sided-mirror-door/,/products/interior-doors/one-or-two-sided-mirror-door/,301
/mouldings/product/one-or-two-sided-mirror-door/,/products/interior-doors/one-or-two-sided-mirror-door/,301
/interior-doors/product/one-or-two-sided-mirror-door/,/products/interior-doors/one-or-two-sided-mirror-door/,301
/doors/product/one-or-two-sided-mirror-door/,/products/interior-doors/one-or-two-sided-mirror-door/,301
/upcp_product/chalk-board-door/,/products/interior-doors/chalk-board-door/,301
/mouldings/product/chalk-board-door/,/products/interior-doors/chalk-board-door/,301
/interior-doors/product/chalk-board-door/,/products/interior-doors/chalk-board-door/,301
/doors/product/chalk-board-door/,/products/interior-doors/chalk-board-door/,301
/upcp_product/handrail/,/products/trim-mouldings/handrail/,301
/mouldings/product/handrail/,/products/trim-mouldings/handrail/,301
/interior-doors/product/handrail/,/products/trim-mouldings/handrail/,301
/doors/product/handrail/,/products/trim-mouldings/handrail/,301
/upcp_product/baseboard-colonial-builder-5-1/4/,/products/trim-mouldings/baseboard-colonial-builder-5-1-4/,301
/mouldings/product/baseboard-colonial-builder-5-1/4/,/products/trim-mouldings/baseboard-colonial-builder-5-1-4/,301
/interior-doors/product/baseboard-colonial-builder-5-1/4/,/products/trim-mouldings/baseboard-colonial-builder-5-1-4/,301
/doors/product/baseboard-colonial-builder-5-1/4/,/products/trim-mouldings/baseboard-colonial-builder-5-1-4/,301
/upcp_product/baseboard-colonial-builder-5-1-4/,/products/trim-mouldings/baseboard-colonial-builder-5-1-4/,301
/mouldings/product/baseboard-colonial-builder-5-1-4/,/products/trim-mouldings/baseboard-colonial-builder-5-1-4/,301
/interior-doors/product/baseboard-colonial-builder-5-1-4/,/products/trim-mouldings/baseboard-colonial-builder-5-1-4/,301
/doors/product/baseboard-colonial-builder-5-1-4/,/products/trim-mouldings/baseboard-colonial-builder-5-1-4/,301
/upcp_product/halifax-lever-satin-nickel/,/products/door-hardware/halifax-lever-satin-nickel/,301
/mouldings/product/halifax-lever-satin-nickel/,/products/door-hardware/halifax-lever-satin-nickel/,301
/interior-doors/product/halifax-lever-satin-nickel/,/products/door-hardware/halifax-lever-satin-nickel/,301
/doors/product/halifax-lever-satin-nickel/,/products/door-hardware/halifax-lever-satin-nickel/,301
/upcp_product/taymor-orleans-lever/,/products/door-hardware/taymor-orleans-lever/,301
/mouldings/product/taymor-orleans-lever/,/products/door-hardware/taymor-orleans-lever/,301
/interior-doors/product/taymor-orleans-lever/,/products/door-hardware/taymor-orleans-lever/,301
/doors/product/taymor-orleans-lever/,/products/door-hardware/taymor-orleans-lever/,301
/upcp_product/1-lite-shaker-white-laminate-glass/,/products/interior-doors/1-lite-shaker-white-laminate-glass/,301
/mouldings/product/1-lite-shaker-white-laminate-glass/,/products/interior-doors/1-lite-shaker-white-laminate-glass/,301
/interior-doors/product/1-lite-shaker-white-laminate-glass/,/products/interior-doors/1-lite-shaker-white-laminate-glass/,301
/doors/product/1-lite-shaker-white-laminate-glass/,/products/interior-doors/1-lite-shaker-white-laminate-glass/,301
/upcp_product/nos-425-stair-nosing/,/products/trim-mouldings/nos-425-stair-nosing/,301
/mouldings/product/nos-425-stair-nosing/,/products/trim-mouldings/nos-425-stair-nosing/,301
/interior-doors/product/nos-425-stair-nosing/,/products/trim-mouldings/nos-425-stair-nosing/,301
/doors/product/nos-425-stair-nosing/,/products/trim-mouldings/nos-425-stair-nosing/,301
/upcp_product/8-panel-shaker-french/,/products/interior-doors/8-panel-shaker-french/,301
/mouldings/product/8-panel-shaker-french/,/products/interior-doors/8-panel-shaker-french/,301
/interior-doors/product/8-panel-shaker-french/,/products/interior-doors/8-panel-shaker-french/,301
/doors/product/8-panel-shaker-french/,/products/interior-doors/8-panel-shaker-french/,301
/upcp_product/8-panel-shaker-fir/,/products/interior-doors/8-panel-shaker-fir/,301
/mouldings/product/8-panel-shaker-fir/,/products/interior-doors/8-panel-shaker-fir/,301
/interior-doors/product/8-panel-shaker-fir/,/products/interior-doors/8-panel-shaker-fir/,301
/doors/product/8-panel-shaker-fir/,/products/interior-doors/8-panel-shaker-fir/,301
/upcp_product/crown-molding-cro-314/,/products/trim-mouldings/crown-molding-cro-314/,301
/mouldings/product/crown-molding-cro-314/,/products/trim-mouldings/crown-molding-cro-314/,301
/interior-doors/product/crown-molding-cro-314/,/products/trim-mouldings/crown-molding-cro-314/,301
/doors/product/crown-molding-cro-314/,/products/trim-mouldings/crown-molding-cro-314/,301
/upcp_product/crown-moulding-cro-705/,/products/trim-mouldings/crown-moulding-cro-705/,301
/mouldings/product/crown-moulding-cro-705/,/products/trim-mouldings/crown-moulding-cro-705/,301
/interior-doors/product/crown-moulding-cro-705/,/products/trim-mouldings/crown-moulding-cro-705/,301
/doors/product/crown-moulding-cro-705/,/products/trim-mouldings/crown-moulding-cro-705/,301
/upcp_product/crown-moulding-623-contemporary-6-inch/,/products/trim-mouldings/crown-moulding-623-contemporary-6-inch/,301
/mouldings/product/crown-moulding-623-contemporary-6-inch/,/products/trim-mouldings/crown-moulding-623-contemporary-6-inch/,301
/interior-doors/product/crown-moulding-623-contemporary-6-inch/,/products/trim-mouldings/crown-moulding-623-contemporary-6-inch/,301
/doors/product/crown-moulding-623-contemporary-6-inch/,/products/trim-mouldings/crown-moulding-623-contemporary-6-inch/,301
/upcp_product/door-stop-shoe-moulding/,/products/trim-mouldings/door-stop-shoe-moulding/,301
/mouldings/product/door-stop-shoe-moulding/,/products/trim-mouldings/door-stop-shoe-moulding/,301
/interior-doors/product/door-stop-shoe-moulding/,/products/trim-mouldings/door-stop-shoe-moulding/,301
/doors/product/door-stop-shoe-moulding/,/products/trim-mouldings/door-stop-shoe-moulding/,301
/upcp_product/bevelled-door-stop/,/products/trim-mouldings/bevelled-door-stop/,301
/mouldings/product/bevelled-door-stop/,/products/trim-mouldings/bevelled-door-stop/,301
/interior-doors/product/bevelled-door-stop/,/products/trim-mouldings/bevelled-door-stop/,301
/doors/product/bevelled-door-stop/,/products/trim-mouldings/bevelled-door-stop/,301
/upcp_product/birkdale-door/,/products/interior-doors/birkdale-door/,301
/mouldings/product/birkdale-door/,/products/interior-doors/birkdale-door/,301
/interior-doors/product/birkdale-door/,/products/interior-doors/birkdale-door/,301
/doors/product/birkdale-door/,/products/interior-doors/birkdale-door/,301
/upcp_product/bas-3f0-REALSTAR/,/products/trim-mouldings/bas-3f0-realstar/,301
/mouldings/product/bas-3f0-REALSTAR/,/products/trim-mouldings/bas-3f0-realstar/,301
/interior-doors/product/bas-3f0-REALSTAR/,/products/trim-mouldings/bas-3f0-realstar/,301
/doors/product/bas-3f0-REALSTAR/,/products/trim-mouldings/bas-3f0-realstar/,301
/upcp_product/bas-3f0-realstar/,/products/trim-mouldings/bas-3f0-realstar/,301
/mouldings/product/bas-3f0-realstar/,/products/trim-mouldings/bas-3f0-realstar/,301
/interior-doors/product/bas-3f0-realstar/,/products/trim-mouldings/bas-3f0-realstar/,301
/doors/product/bas-3f0-realstar/,/products/trim-mouldings/bas-3f0-realstar/,301
/upcp_product/door-stop-196/,/products/trim-mouldings/door-stop-196/,301
/mouldings/product/door-stop-196/,/products/trim-mouldings/door-stop-196/,301
/interior-doors/product/door-stop-196/,/products/trim-mouldings/door-stop-196/,301
/doors/product/door-stop-196/,/products/trim-mouldings/door-stop-196/,301
/upcp_product/shiplap-tg-1x6x16-fl-wr/,/products/trim-mouldings/shiplap-tg-1x6x16-fl-wr/,301
/mouldings/product/shiplap-tg-1x6x16-fl-wr/,/products/trim-mouldings/shiplap-tg-1x6x16-fl-wr/,301
/interior-doors/product/shiplap-tg-1x6x16-fl-wr/,/products/trim-mouldings/shiplap-tg-1x6x16-fl-wr/,301
/doors/product/shiplap-tg-1x6x16-fl-wr/,/products/trim-mouldings/shiplap-tg-1x6x16-fl-wr/,301
/upcp_product/baseboard-5cn/,/products/trim-mouldings/baseboard-5cn/,301
/mouldings/product/baseboard-5cn/,/products/trim-mouldings/baseboard-5cn/,301
/interior-doors/product/baseboard-5cn/,/products/trim-mouldings/baseboard-5cn/,301
/doors/product/baseboard-5cn/,/products/trim-mouldings/baseboard-5cn/,301
/upcp_product/modern-base-cap-backband/,/products/trim-mouldings/modern-base-cap-backband/,301
/mouldings/product/modern-base-cap-backband/,/products/trim-mouldings/modern-base-cap-backband/,301
/interior-doors/product/modern-base-cap-backband/,/products/trim-mouldings/modern-base-cap-backband/,301
/doors/product/modern-base-cap-backband/,/products/trim-mouldings/modern-base-cap-backband/,301
/upcp_product/contemporary-base-cap-backband/,/products/trim-mouldings/contemporary-base-cap-backband/,301
/mouldings/product/contemporary-base-cap-backband/,/products/trim-mouldings/contemporary-base-cap-backband/,301
/interior-doors/product/contemporary-base-cap-backband/,/products/trim-mouldings/contemporary-base-cap-backband/,301
/doors/product/contemporary-base-cap-backband/,/products/trim-mouldings/contemporary-base-cap-backband/,301
/upcp_product/newel-post-chamfered/,/products/stair-railing/newel-post-chamfered/,301
/mouldings/product/newel-post-chamfered/,/products/stair-railing/newel-post-chamfered/,301
/interior-doors/product/newel-post-chamfered/,/products/stair-railing/newel-post-chamfered/,301
/doors/product/newel-post-chamfered/,/products/stair-railing/newel-post-chamfered/,301
/upcp_product/spindle-chamfered/,/products/stair-railing/spindle-chamfered/,301
/mouldings/product/spindle-chamfered/,/products/stair-railing/spindle-chamfered/,301
/interior-doors/product/spindle-chamfered/,/products/stair-railing/spindle-chamfered/,301
/doors/product/spindle-chamfered/,/products/stair-railing/spindle-chamfered/,301
/upcp_product/spindle-colonial/,/products/stair-railing/spindle-colonial/,301
/mouldings/product/spindle-colonial/,/products/stair-railing/spindle-colonial/,301
/interior-doors/product/spindle-colonial/,/products/stair-railing/spindle-colonial/,301
/doors/product/spindle-colonial/,/products/stair-railing/spindle-colonial/,301
/upcp_product/newel-post-fluted/,/products/stair-railing/newel-post-fluted/,301
/mouldings/product/newel-post-fluted/,/products/stair-railing/newel-post-fluted/,301
/interior-doors/product/newel-post-fluted/,/products/stair-railing/newel-post-fluted/,301
/doors/product/newel-post-fluted/,/products/stair-railing/newel-post-fluted/,301
/upcp_product/newel-post-plain-square-modern/,/products/stair-railing/newel-post-plain-square-modern/,301
/mouldings/product/newel-post-plain-square-modern/,/products/stair-railing/newel-post-plain-square-modern/,301
/interior-doors/product/newel-post-plain-square-modern/,/products/stair-railing/newel-post-plain-square-modern/,301
/doors/product/newel-post-plain-square-modern/,/products/stair-railing/newel-post-plain-square-modern/,301
/upcp_product/spindle-plain-square-modern/,/products/stair-railing/spindle-plain-square-modern/,301
/mouldings/product/spindle-plain-square-modern/,/products/stair-railing/spindle-plain-square-modern/,301
/interior-doors/product/spindle-plain-square-modern/,/products/stair-railing/spindle-plain-square-modern/,301
/doors/product/spindle-plain-square-modern/,/products/stair-railing/spindle-plain-square-modern/,301
/upcp_product/newel-post-shaker/,/products/stair-railing/newel-post-shaker/,301
/mouldings/product/newel-post-shaker/,/products/stair-railing/newel-post-shaker/,301
/interior-doors/product/newel-post-shaker/,/products/stair-railing/newel-post-shaker/,301
/doors/product/newel-post-shaker/,/products/stair-railing/newel-post-shaker/,301
/upcp_product/newel-post-simcoe/,/products/stair-railing/newel-post-simcoe/,301
/mouldings/product/newel-post-simcoe/,/products/stair-railing/newel-post-simcoe/,301
/interior-doors/product/newel-post-simcoe/,/products/stair-railing/newel-post-simcoe/,301
/doors/product/newel-post-simcoe/,/products/stair-railing/newel-post-simcoe/,301
/upcp_product/newel-caps/,/products/stair-railing/newel-caps/,301
/mouldings/product/newel-caps/,/products/stair-railing/newel-caps/,301
/interior-doors/product/newel-caps/,/products/stair-railing/newel-caps/,301
/doors/product/newel-caps/,/products/stair-railing/newel-caps/,301
/upcp_product/newel-post-colonial/,/products/stair-railing/newel-post-colonial/,301
/mouldings/product/newel-post-colonial/,/products/stair-railing/newel-post-colonial/,301
/interior-doors/product/newel-post-colonial/,/products/stair-railing/newel-post-colonial/,301
/doors/product/newel-post-colonial/,/products/stair-railing/newel-post-colonial/,301
/upcp_product/tread-cover-closed-stringer/,/products/stair-railing/tread-cover-closed-stringer/,301
/mouldings/product/tread-cover-closed-stringer/,/products/stair-railing/tread-cover-closed-stringer/,301
/interior-doors/product/tread-cover-closed-stringer/,/products/stair-railing/tread-cover-closed-stringer/,301
/doors/product/tread-cover-closed-stringer/,/products/stair-railing/tread-cover-closed-stringer/,301
/upcp_product/tread-cover-open-stringer/,/products/stair-railing/tread-cover-open-stringer/,301
/mouldings/product/tread-cover-open-stringer/,/products/stair-railing/tread-cover-open-stringer/,301
/interior-doors/product/tread-cover-open-stringer/,/products/stair-railing/tread-cover-open-stringer/,301
/doors/product/tread-cover-open-stringer/,/products/stair-railing/tread-cover-open-stringer/,301
/upcp_product/stair-tread/,/products/stair-railing/stair-tread/,301
/mouldings/product/stair-tread/,/products/stair-railing/stair-tread/,301
/interior-doors/product/stair-tread/,/products/stair-railing/stair-tread/,301
/doors/product/stair-tread/,/products/stair-railing/stair-tread/,301
/upcp_product/stair-tread-open-stringer/,/products/stair-railing/stair-tread-open-stringer/,301
/mouldings/product/stair-tread-open-stringer/,/products/stair-railing/stair-tread-open-stringer/,301
/interior-doors/product/stair-tread-open-stringer/,/products/stair-railing/stair-tread-open-stringer/,301
/doors/product/stair-tread-open-stringer/,/products/stair-railing/stair-tread-open-stringer/,301
/upcp_product/risers/,/products/stair-railing/risers/,301
/mouldings/product/risers/,/products/stair-railing/risers/,301
/interior-doors/product/risers/,/products/stair-railing/risers/,301
/doors/product/risers/,/products/stair-railing/risers/,301
/upcp_product/spindle-metal/,/products/stair-railing/spindle-metal/,301
/mouldings/product/spindle-metal/,/products/stair-railing/spindle-metal/,301
/interior-doors/product/spindle-metal/,/products/stair-railing/spindle-metal/,301
/doors/product/spindle-metal/,/products/stair-railing/spindle-metal/,301
/upcp_product/spindle-black-steel/,/products/stair-railing/spindle-black-steel/,301
/mouldings/product/spindle-black-steel/,/products/stair-railing/spindle-black-steel/,301
/interior-doors/product/spindle-black-steel/,/products/stair-railing/spindle-black-steel/,301
/doors/product/spindle-black-steel/,/products/stair-railing/spindle-black-steel/,301
/upcp_product/spindle-black-steel-accessories/,/products/stair-railing/spindle-black-steel-accessories/,301
/mouldings/product/spindle-black-steel-accessories/,/products/stair-railing/spindle-black-steel-accessories/,301
/interior-doors/product/spindle-black-steel-accessories/,/products/stair-railing/spindle-black-steel-accessories/,301
/doors/product/spindle-black-steel-accessories/,/products/stair-railing/spindle-black-steel-accessories/,301
/upcp_product/architrave-mdf/,/products/trim-mouldings/architrave-mdf/,301
/mouldings/product/architrave-mdf/,/products/trim-mouldings/architrave-mdf/,301
/interior-doors/product/architrave-mdf/,/products/trim-mouldings/architrave-mdf/,301
/doors/product/architrave-mdf/,/products/trim-mouldings/architrave-mdf/,301
/upcp_product/contemporary-backband-casing-mdf/,/products/trim-mouldings/contemporary-backband-casing-mdf/,301
/mouldings/product/contemporary-backband-casing-mdf/,/products/trim-mouldings/contemporary-backband-casing-mdf/,301
/interior-doors/product/contemporary-backband-casing-mdf/,/products/trim-mouldings/contemporary-backband-casing-mdf/,301
/doors/product/contemporary-backband-casing-mdf/,/products/trim-mouldings/contemporary-backband-casing-mdf/,301
/upcp_product/contemporary-backband-casing-fj-poplar/,/products/trim-mouldings/contemporary-backband-casing-fj-poplar/,301
/mouldings/product/contemporary-backband-casing-fj-poplar/,/products/trim-mouldings/contemporary-backband-casing-fj-poplar/,301
/interior-doors/product/contemporary-backband-casing-fj-poplar/,/products/trim-mouldings/contemporary-backband-casing-fj-poplar/,301
/doors/product/contemporary-backband-casing-fj-poplar/,/products/trim-mouldings/contemporary-backband-casing-fj-poplar/,301
/upcp_product/newel-post-shaker-1-panel/,/products/stair-railing/newel-post-shaker-1-panel/,301
/mouldings/product/newel-post-shaker-1-panel/,/products/stair-railing/newel-post-shaker-1-panel/,301
/interior-doors/product/newel-post-shaker-1-panel/,/products/stair-railing/newel-post-shaker-1-panel/,301
/doors/product/newel-post-shaker-1-panel/,/products/stair-railing/newel-post-shaker-1-panel/,301
/upcp_product/halifax-lever-flat-black/,/products/door-hardware/halifax-lever-flat-black/,301
/mouldings/product/halifax-lever-flat-black/,/products/door-hardware/halifax-lever-flat-black/,301
/interior-doors/product/halifax-lever-flat-black/,/products/door-hardware/halifax-lever-flat-black/,301
/doors/product/halifax-lever-flat-black/,/products/door-hardware/halifax-lever-flat-black/,301
/upcp_product/stair-nosing-to-match-2-38-stair-cover/,/products/trim-mouldings/stair-nosing-to-match-2-38-stair-cover/,301
/mouldings/product/stair-nosing-to-match-2-38-stair-cover/,/products/trim-mouldings/stair-nosing-to-match-2-38-stair-cover/,301
/interior-doors/product/stair-nosing-to-match-2-38-stair-cover/,/products/trim-mouldings/stair-nosing-to-match-2-38-stair-cover/,301
/doors/product/stair-nosing-to-match-2-38-stair-cover/,/products/trim-mouldings/stair-nosing-to-match-2-38-stair-cover/,301
/upcp_product/stair-nosing-for-tread-cover/,/products/stair-railing/stair-nosing-for-tread-cover/,301
/mouldings/product/stair-nosing-for-tread-cover/,/products/stair-railing/stair-nosing-for-tread-cover/,301
/interior-doors/product/stair-nosing-for-tread-cover/,/products/stair-railing/stair-nosing-for-tread-cover/,301
/doors/product/stair-nosing-for-tread-cover/,/products/stair-railing/stair-nosing-for-tread-cover/,301
/upcp_product/quarter-turn-handrail/,/products/stair-railing/quarter-turn-handrail/,301
/mouldings/product/quarter-turn-handrail/,/products/stair-railing/quarter-turn-handrail/,301
/interior-doors/product/quarter-turn-handrail/,/products/stair-railing/quarter-turn-handrail/,301
/doors/product/quarter-turn-handrail/,/products/stair-railing/quarter-turn-handrail/,301
/upcp_product/side-easement-oak/,/products/stair-railing/side-easement-oak/,301
/mouldings/product/side-easement-oak/,/products/stair-railing/side-easement-oak/,301
/interior-doors/product/side-easement-oak/,/products/stair-railing/side-easement-oak/,301
/doors/product/side-easement-oak/,/products/stair-railing/side-easement-oak/,301
/upcp_product/decorative-black-metal-shoe/,/products/stair-railing/decorative-black-metal-shoe/,301
/mouldings/product/decorative-black-metal-shoe/,/products/stair-railing/decorative-black-metal-shoe/,301
/interior-doors/product/decorative-black-metal-shoe/,/products/stair-railing/decorative-black-metal-shoe/,301
/doors/product/decorative-black-metal-shoe/,/products/stair-railing/decorative-black-metal-shoe/,301
/upcp_product/plain-black-metal-collar/,/products/stair-railing/plain-black-metal-collar/,301
/mouldings/product/plain-black-metal-collar/,/products/stair-railing/plain-black-metal-collar/,301
/interior-doors/product/plain-black-metal-collar/,/products/stair-railing/plain-black-metal-collar/,301
/doors/product/plain-black-metal-collar/,/products/stair-railing/plain-black-metal-collar/,301
/upcp_product/plain-black-metal-shoe/,/products/stair-railing/plain-black-metal-shoe/,301
/mouldings/product/plain-black-metal-shoe/,/products/stair-railing/plain-black-metal-shoe/,301
/interior-doors/product/plain-black-metal-shoe/,/products/stair-railing/plain-black-metal-shoe/,301
/doors/product/plain-black-metal-shoe/,/products/stair-railing/plain-black-metal-shoe/,301
/upcp_product/black-angled-shoe/,/products/stair-railing/black-angled-shoe/,301
/mouldings/product/black-angled-shoe/,/products/stair-railing/black-angled-shoe/,301
/interior-doors/product/black-angled-shoe/,/products/stair-railing/black-angled-shoe/,301
/doors/product/black-angled-shoe/,/products/stair-railing/black-angled-shoe/,301
/upcp_product/fancy-black-collar/,/products/stair-railing/fancy-black-collar/,301
/mouldings/product/fancy-black-collar/,/products/stair-railing/fancy-black-collar/,301
/interior-doors/product/fancy-black-collar/,/products/stair-railing/fancy-black-collar/,301
/doors/product/fancy-black-collar/,/products/stair-railing/fancy-black-collar/,301
/upcp_product/plain-square-black-metal-spindle/,/products/stair-railing/plain-square-black-metal-spindle/,301
/mouldings/product/plain-square-black-metal-spindle/,/products/stair-railing/plain-square-black-metal-spindle/,301
/interior-doors/product/plain-square-black-metal-spindle/,/products/stair-railing/plain-square-black-metal-spindle/,301
/doors/product/plain-square-black-metal-spindle/,/products/stair-railing/plain-square-black-metal-spindle/,301
/upcp_product/newel-post-mounting-plate/,/products/stair-railing/newel-post-mounting-plate/,301
/mouldings/product/newel-post-mounting-plate/,/products/stair-railing/newel-post-mounting-plate/,301
/interior-doors/product/newel-post-mounting-plate/,/products/stair-railing/newel-post-mounting-plate/,301
/doors/product/newel-post-mounting-plate/,/products/stair-railing/newel-post-mounting-plate/,301
/upcp_product/handrail-bolt-connector/,/products/stair-railing/handrail-bolt-connector/,301
/mouldings/product/handrail-bolt-connector/,/products/stair-railing/handrail-bolt-connector/,301
/interior-doors/product/handrail-bolt-connector/,/products/stair-railing/handrail-bolt-connector/,301
/doors/product/handrail-bolt-connector/,/products/stair-railing/handrail-bolt-connector/,301
/upcp_product/newel-post-mounting-kit/,/products/stair-railing/newel-post-mounting-kit/,301
/mouldings/product/newel-post-mounting-kit/,/products/stair-railing/newel-post-mounting-kit/,301
/interior-doors/product/newel-post-mounting-kit/,/products/stair-railing/newel-post-mounting-kit/,301
/doors/product/newel-post-mounting-kit/,/products/stair-railing/newel-post-mounting-kit/,301
/upcp_product/handrail-newel-connection-kit/,/products/stair-railing/handrail-newel-connection-kit/,301
/mouldings/product/handrail-newel-connection-kit/,/products/stair-railing/handrail-newel-connection-kit/,301
/interior-doors/product/handrail-newel-connection-kit/,/products/stair-railing/handrail-newel-connection-kit/,301
/doors/product/handrail-newel-connection-kit/,/products/stair-railing/handrail-newel-connection-kit/,301
/upcp_product/plain-black-metal-spindle/,/products/stair-railing/plain-black-metal-spindle/,301
/mouldings/product/plain-black-metal-spindle/,/products/stair-railing/plain-black-metal-spindle/,301
/interior-doors/product/plain-black-metal-spindle/,/products/stair-railing/plain-black-metal-spindle/,301
/doors/product/plain-black-metal-spindle/,/products/stair-railing/plain-black-metal-spindle/,301
/upcp_product/spiral-pin/,/products/stair-railing/spiral-pin/,301
/mouldings/product/spiral-pin/,/products/stair-railing/spiral-pin/,301
/interior-doors/product/spiral-pin/,/products/stair-railing/spiral-pin/,301
/doors/product/spiral-pin/,/products/stair-railing/spiral-pin/,301
/upcp_product/geo-1-spindle-black/,/products/stair-railing/geo-1-spindle-black/,301
/mouldings/product/geo-1-spindle-black/,/products/stair-railing/geo-1-spindle-black/,301
/interior-doors/product/geo-1-spindle-black/,/products/stair-railing/geo-1-spindle-black/,301
/doors/product/geo-1-spindle-black/,/products/stair-railing/geo-1-spindle-black/,301
/upcp_product/geo-3-spindle-black/,/products/stair-railing/geo-3-spindle-black/,301
/mouldings/product/geo-3-spindle-black/,/products/stair-railing/geo-3-spindle-black/,301
/interior-doors/product/geo-3-spindle-black/,/products/stair-railing/geo-3-spindle-black/,301
/doors/product/geo-3-spindle-black/,/products/stair-railing/geo-3-spindle-black/,301
/upcp_product/spindle-plug-connector/,/products/stair-railing/spindle-plug-connector/,301
/mouldings/product/spindle-plug-connector/,/products/stair-railing/spindle-plug-connector/,301
/interior-doors/product/spindle-plug-connector/,/products/stair-railing/spindle-plug-connector/,301
/doors/product/spindle-plug-connector/,/products/stair-railing/spindle-plug-connector/,301
/upcp_product/connector-plug/,/products/stair-railing/connector-plug/,301
/mouldings/product/connector-plug/,/products/stair-railing/connector-plug/,301
/interior-doors/product/connector-plug/,/products/stair-railing/connector-plug/,301
/doors/product/connector-plug/,/products/stair-railing/connector-plug/,301
/upcp_product/dowel-screw/,/products/stair-railing/dowel-screw/,301
/mouldings/product/dowel-screw/,/products/stair-railing/dowel-screw/,301
/interior-doors/product/dowel-screw/,/products/stair-railing/dowel-screw/,301
/doors/product/dowel-screw/,/products/stair-railing/dowel-screw/,301
/upcp_product/hanger-bolt-nut--washer-/,/products/stair-railing/hanger-bolt-nut-washer/,301
/mouldings/product/hanger-bolt-nut--washer-/,/products/stair-railing/hanger-bolt-nut-washer/,301
/interior-doors/product/hanger-bolt-nut--washer-/,/products/stair-railing/hanger-bolt-nut-washer/,301
/doors/product/hanger-bolt-nut--washer-/,/products/stair-railing/hanger-bolt-nut-washer/,301
/upcp_product/hanger-bolt-nut-washer/,/products/stair-railing/hanger-bolt-nut-washer/,301
/mouldings/product/hanger-bolt-nut-washer/,/products/stair-railing/hanger-bolt-nut-washer/,301
/interior-doors/product/hanger-bolt-nut-washer/,/products/stair-railing/hanger-bolt-nut-washer/,301
/doors/product/hanger-bolt-nut-washer/,/products/stair-railing/hanger-bolt-nut-washer/,301
/upcp_product/handrail-bracket/,/products/stair-railing/handrail-bracket/,301
/mouldings/product/handrail-bracket/,/products/stair-railing/handrail-bracket/,301
/interior-doors/product/handrail-bracket/,/products/stair-railing/handrail-bracket/,301
/doors/product/handrail-bracket/,/products/stair-railing/handrail-bracket/,301
/upcp_product/handrail-bracket---heavy-duty/,/products/stair-railing/handrail-bracket-heavy-duty/,301
/mouldings/product/handrail-bracket---heavy-duty/,/products/stair-railing/handrail-bracket-heavy-duty/,301
/interior-doors/product/handrail-bracket---heavy-duty/,/products/stair-railing/handrail-bracket-heavy-duty/,301
/doors/product/handrail-bracket---heavy-duty/,/products/stair-railing/handrail-bracket-heavy-duty/,301
/upcp_product/handrail-bracket-heavy-duty/,/products/stair-railing/handrail-bracket-heavy-duty/,301
/mouldings/product/handrail-bracket-heavy-duty/,/products/stair-railing/handrail-bracket-heavy-duty/,301
/interior-doors/product/handrail-bracket-heavy-duty/,/products/stair-railing/handrail-bracket-heavy-duty/,301
/doors/product/handrail-bracket-heavy-duty/,/products/stair-railing/handrail-bracket-heavy-duty/,301
/upcp_product/painted-white-spindle-plain/,/products/stair-railing/painted-white-spindle-plain/,301
/mouldings/product/painted-white-spindle-plain/,/products/stair-railing/painted-white-spindle-plain/,301
/interior-doors/product/painted-white-spindle-plain/,/products/stair-railing/painted-white-spindle-plain/,301
/doors/product/painted-white-spindle-plain/,/products/stair-railing/painted-white-spindle-plain/,301
/upcp_product/bullnose-tread-cover-oak/,/products/stair-railing/bullnose-tread-cover-oak/,301
/mouldings/product/bullnose-tread-cover-oak/,/products/stair-railing/bullnose-tread-cover-oak/,301
/interior-doors/product/bullnose-tread-cover-oak/,/products/stair-railing/bullnose-tread-cover-oak/,301
/doors/product/bullnose-tread-cover-oak/,/products/stair-railing/bullnose-tread-cover-oak/,301
/upcp_product/half-newel-posts/,/products/stair-railing/half-newel-posts/,301
/mouldings/product/half-newel-posts/,/products/stair-railing/half-newel-posts/,301
/interior-doors/product/half-newel-posts/,/products/stair-railing/half-newel-posts/,301
/doors/product/half-newel-posts/,/products/stair-railing/half-newel-posts/,301
/upcp_product/finger-pull/,/products/door-hardware/finger-pull/,301
/mouldings/product/finger-pull/,/products/door-hardware/finger-pull/,301
/interior-doors/product/finger-pull/,/products/door-hardware/finger-pull/,301
/doors/product/finger-pull/,/products/door-hardware/finger-pull/,301
/upcp_product/barn-door-track-black/,/products/door-hardware/barn-door-track-black/,301
/mouldings/product/barn-door-track-black/,/products/door-hardware/barn-door-track-black/,301
/interior-doors/product/barn-door-track-black/,/products/door-hardware/barn-door-track-black/,301
/doors/product/barn-door-track-black/,/products/door-hardware/barn-door-track-black/,301
/upcp_product/barn-door-track-black-8/,/products/door-hardware/barn-door-track-black-8/,301
/mouldings/product/barn-door-track-black-8/,/products/door-hardware/barn-door-track-black-8/,301
/interior-doors/product/barn-door-track-black-8/,/products/door-hardware/barn-door-track-black-8/,301
/doors/product/barn-door-track-black-8/,/products/door-hardware/barn-door-track-black-8/,301
/upcp_product/barn-door-track-stainless-7/,/products/door-hardware/barn-door-track-stainless-7/,301
/mouldings/product/barn-door-track-stainless-7/,/products/door-hardware/barn-door-track-stainless-7/,301
/interior-doors/product/barn-door-track-stainless-7/,/products/door-hardware/barn-door-track-stainless-7/,301
/doors/product/barn-door-track-stainless-7/,/products/door-hardware/barn-door-track-stainless-7/,301
/upcp_product/barn-door-track-stainless-8-/,/products/door-hardware/barn-door-track-stainless-8/,301
/mouldings/product/barn-door-track-stainless-8-/,/products/door-hardware/barn-door-track-stainless-8/,301
/interior-doors/product/barn-door-track-stainless-8-/,/products/door-hardware/barn-door-track-stainless-8/,301
/doors/product/barn-door-track-stainless-8-/,/products/door-hardware/barn-door-track-stainless-8/,301
/upcp_product/barn-door-track-stainless-8/,/products/door-hardware/barn-door-track-stainless-8/,301
/mouldings/product/barn-door-track-stainless-8/,/products/door-hardware/barn-door-track-stainless-8/,301
/interior-doors/product/barn-door-track-stainless-8/,/products/door-hardware/barn-door-track-stainless-8/,301
/doors/product/barn-door-track-stainless-8/,/products/door-hardware/barn-door-track-stainless-8/,301
/upcp_product/soft-close-barn-door-hardware/,/products/door-hardware/soft-close-barn-door-hardware/,301
/mouldings/product/soft-close-barn-door-hardware/,/products/door-hardware/soft-close-barn-door-hardware/,301
/interior-doors/product/soft-close-barn-door-hardware/,/products/door-hardware/soft-close-barn-door-hardware/,301
/doors/product/soft-close-barn-door-hardware/,/products/door-hardware/soft-close-barn-door-hardware/,301
/upcp_product/pocket-door-pull/,/products/door-hardware/pocket-door-pull/,301
/mouldings/product/pocket-door-pull/,/products/door-hardware/pocket-door-pull/,301
/interior-doors/product/pocket-door-pull/,/products/door-hardware/pocket-door-pull/,301
/doors/product/pocket-door-pull/,/products/door-hardware/pocket-door-pull/,301
/upcp_product/24-barn-door-pull-black/,/products/door-hardware/24-barn-door-pull-black/,301
/mouldings/product/24-barn-door-pull-black/,/products/door-hardware/24-barn-door-pull-black/,301
/interior-doors/product/24-barn-door-pull-black/,/products/door-hardware/24-barn-door-pull-black/,301
/doors/product/24-barn-door-pull-black/,/products/door-hardware/24-barn-door-pull-black/,301
/upcp_product/ball-catch-with-strike-plate/,/products/door-hardware/ball-catch-with-strike-plate/,301
/mouldings/product/ball-catch-with-strike-plate/,/products/door-hardware/ball-catch-with-strike-plate/,301
/interior-doors/product/ball-catch-with-strike-plate/,/products/door-hardware/ball-catch-with-strike-plate/,301
/doors/product/ball-catch-with-strike-plate/,/products/door-hardware/ball-catch-with-strike-plate/,301
/upcp_product/hinge-pin-door-stop/,/products/door-hardware/hinge-pin-door-stop/,301
/mouldings/product/hinge-pin-door-stop/,/products/door-hardware/hinge-pin-door-stop/,301
/interior-doors/product/hinge-pin-door-stop/,/products/door-hardware/hinge-pin-door-stop/,301
/doors/product/hinge-pin-door-stop/,/products/door-hardware/hinge-pin-door-stop/,301
/upcp_product/3-18-spring-door-stop/,/products/door-hardware/3-18-spring-door-stop/,301
/mouldings/product/3-18-spring-door-stop/,/products/door-hardware/3-18-spring-door-stop/,301
/interior-doors/product/3-18-spring-door-stop/,/products/door-hardware/3-18-spring-door-stop/,301
/doors/product/3-18-spring-door-stop/,/products/door-hardware/3-18-spring-door-stop/,301
/upcp_product/2-78-diecast-door-stop/,/products/door-hardware/2-78-diecast-door-stop/,301
/mouldings/product/2-78-diecast-door-stop/,/products/door-hardware/2-78-diecast-door-stop/,301
/interior-doors/product/2-78-diecast-door-stop/,/products/door-hardware/2-78-diecast-door-stop/,301
/doors/product/2-78-diecast-door-stop/,/products/door-hardware/2-78-diecast-door-stop/,301
/upcp_product/3-x-3-square-corner-butt-hinge/,/products/door-hardware/3-x-3-square-corner-butt-hinge/,301
/mouldings/product/3-x-3-square-corner-butt-hinge/,/products/door-hardware/3-x-3-square-corner-butt-hinge/,301
/interior-doors/product/3-x-3-square-corner-butt-hinge/,/products/door-hardware/3-x-3-square-corner-butt-hinge/,301
/doors/product/3-x-3-square-corner-butt-hinge/,/products/door-hardware/3-x-3-square-corner-butt-hinge/,301
/upcp_product/square-corner-butt-hinge-black/,/products/door-hardware/square-corner-butt-hinge-black/,301
/mouldings/product/square-corner-butt-hinge-black/,/products/door-hardware/square-corner-butt-hinge-black/,301
/interior-doors/product/square-corner-butt-hinge-black/,/products/door-hardware/square-corner-butt-hinge-black/,301
/doors/product/square-corner-butt-hinge-black/,/products/door-hardware/square-corner-butt-hinge-black/,301
/upcp_product/58-radius-corner-hinge-black/,/products/door-hardware/58-radius-corner-hinge-black/,301
/mouldings/product/58-radius-corner-hinge-black/,/products/door-hardware/58-radius-corner-hinge-black/,301
/interior-doors/product/58-radius-corner-hinge-black/,/products/door-hardware/58-radius-corner-hinge-black/,301
/doors/product/58-radius-corner-hinge-black/,/products/door-hardware/58-radius-corner-hinge-black/,301
/upcp_product/radius-corner-butt-hinge-satin-nickel/,/products/door-hardware/radius-corner-butt-hinge-satin-nickel/,301
/mouldings/product/radius-corner-butt-hinge-satin-nickel/,/products/door-hardware/radius-corner-butt-hinge-satin-nickel/,301
/interior-doors/product/radius-corner-butt-hinge-satin-nickel/,/products/door-hardware/radius-corner-butt-hinge-satin-nickel/,301
/doors/product/radius-corner-butt-hinge-satin-nickel/,/products/door-hardware/radius-corner-butt-hinge-satin-nickel/,301
/upcp_product/barcelona-knob/,/products/door-hardware/barcelona-knob/,301
/mouldings/product/barcelona-knob/,/products/door-hardware/barcelona-knob/,301
/interior-doors/product/barcelona-knob/,/products/door-hardware/barcelona-knob/,301
/doors/product/barcelona-knob/,/products/door-hardware/barcelona-knob/,301
/upcp_product/vega-lever/,/products/door-hardware/vega-lever/,301
/mouldings/product/vega-lever/,/products/door-hardware/vega-lever/,301
/interior-doors/product/vega-lever/,/products/door-hardware/vega-lever/,301
/doors/product/vega-lever/,/products/door-hardware/vega-lever/,301
/upcp_product/vega-lever-black/,/products/door-hardware/vega-lever-black/,301
/mouldings/product/vega-lever-black/,/products/door-hardware/vega-lever-black/,301
/interior-doors/product/vega-lever-black/,/products/door-hardware/vega-lever-black/,301
/doors/product/vega-lever-black/,/products/door-hardware/vega-lever-black/,301
/upcp_product/equinox-lever-/,/products/door-hardware/equinox-lever/,301
/mouldings/product/equinox-lever-/,/products/door-hardware/equinox-lever/,301
/interior-doors/product/equinox-lever-/,/products/door-hardware/equinox-lever/,301
/doors/product/equinox-lever-/,/products/door-hardware/equinox-lever/,301
/upcp_product/equinox-lever-chrome/,/products/door-hardware/equinox-lever-chrome/,301
/mouldings/product/equinox-lever-chrome/,/products/door-hardware/equinox-lever-chrome/,301
/interior-doors/product/equinox-lever-chrome/,/products/door-hardware/equinox-lever-chrome/,301
/doors/product/equinox-lever-chrome/,/products/door-hardware/equinox-lever-chrome/,301
/upcp_product/1948-lever-black/,/products/door-hardware/1948-lever-black/,301
/mouldings/product/1948-lever-black/,/products/door-hardware/1948-lever-black/,301
/interior-doors/product/1948-lever-black/,/products/door-hardware/1948-lever-black/,301
/doors/product/1948-lever-black/,/products/door-hardware/1948-lever-black/,301
/upcp_product/square-rosette-kit-/,/products/door-hardware/square-rosette-kit/,301
/mouldings/product/square-rosette-kit-/,/products/door-hardware/square-rosette-kit/,301
/interior-doors/product/square-rosette-kit-/,/products/door-hardware/square-rosette-kit/,301
/doors/product/square-rosette-kit-/,/products/door-hardware/square-rosette-kit/,301
/upcp_product/square-rosette-kit-black/,/products/door-hardware/square-rosette-kit-black/,301
/mouldings/product/square-rosette-kit-black/,/products/door-hardware/square-rosette-kit-black/,301
/interior-doors/product/square-rosette-kit-black/,/products/door-hardware/square-rosette-kit-black/,301
/doors/product/square-rosette-kit-black/,/products/door-hardware/square-rosette-kit-black/,301
/upcp_product/rectangular-pocket-door-lock-/,/products/door-hardware/rectangular-pocket-door-lock/,301
/mouldings/product/rectangular-pocket-door-lock-/,/products/door-hardware/rectangular-pocket-door-lock/,301
/interior-doors/product/rectangular-pocket-door-lock-/,/products/door-hardware/rectangular-pocket-door-lock/,301
/doors/product/rectangular-pocket-door-lock-/,/products/door-hardware/rectangular-pocket-door-lock/,301
/upcp_product/rectangular-pocket-door-lock/,/products/door-hardware/rectangular-pocket-door-lock/,301
/mouldings/product/rectangular-pocket-door-lock/,/products/door-hardware/rectangular-pocket-door-lock/,301
/interior-doors/product/rectangular-pocket-door-lock/,/products/door-hardware/rectangular-pocket-door-lock/,301
/doors/product/rectangular-pocket-door-lock/,/products/door-hardware/rectangular-pocket-door-lock/,301
/upcp_product/rectangular-pocket-door-lock-satin-nickel/,/products/door-hardware/rectangular-pocket-door-lock-satin-nickel/,301
/mouldings/product/rectangular-pocket-door-lock-satin-nickel/,/products/door-hardware/rectangular-pocket-door-lock-satin-nickel/,301
/interior-doors/product/rectangular-pocket-door-lock-satin-nickel/,/products/door-hardware/rectangular-pocket-door-lock-satin-nickel/,301
/doors/product/rectangular-pocket-door-lock-satin-nickel/,/products/door-hardware/rectangular-pocket-door-lock-satin-nickel/,301
/upcp_product/round-pocket-door-lock/,/products/door-hardware/round-pocket-door-lock/,301
/mouldings/product/round-pocket-door-lock/,/products/door-hardware/round-pocket-door-lock/,301
/interior-doors/product/round-pocket-door-lock/,/products/door-hardware/round-pocket-door-lock/,301
/doors/product/round-pocket-door-lock/,/products/door-hardware/round-pocket-door-lock/,301
/upcp_product/round-pocket-door-lock-/,/products/door-hardware/round-pocket-door-lock/,301
/mouldings/product/round-pocket-door-lock-/,/products/door-hardware/round-pocket-door-lock/,301
/interior-doors/product/round-pocket-door-lock-/,/products/door-hardware/round-pocket-door-lock/,301
/doors/product/round-pocket-door-lock-/,/products/door-hardware/round-pocket-door-lock/,301
/upcp_product/round-pocket-door-lock-2/,/products/door-hardware/round-pocket-door-lock/,301
/mouldings/product/round-pocket-door-lock-2/,/products/door-hardware/round-pocket-door-lock/,301
/interior-doors/product/round-pocket-door-lock-2/,/products/door-hardware/round-pocket-door-lock/,301
/doors/product/round-pocket-door-lock-2/,/products/door-hardware/round-pocket-door-lock/,301
/upcp_product/silver-moon-lever/,/products/door-hardware/silver-moon-lever/,301
/mouldings/product/silver-moon-lever/,/products/door-hardware/silver-moon-lever/,301
/interior-doors/product/silver-moon-lever/,/products/door-hardware/silver-moon-lever/,301
/doors/product/silver-moon-lever/,/products/door-hardware/silver-moon-lever/,301
/upcp_product/orleans-lever-/,/products/door-hardware/orleans-lever/,301
/mouldings/product/orleans-lever-/,/products/door-hardware/orleans-lever/,301
/interior-doors/product/orleans-lever-/,/products/door-hardware/orleans-lever/,301
/doors/product/orleans-lever-/,/products/door-hardware/orleans-lever/,301
/upcp_product/floor-guide-for-recessed-track/,/products/door-hardware/floor-guide-for-recessed-track/,301
/mouldings/product/floor-guide-for-recessed-track/,/products/door-hardware/floor-guide-for-recessed-track/,301
/interior-doors/product/floor-guide-for-recessed-track/,/products/door-hardware/floor-guide-for-recessed-track/,301
/doors/product/floor-guide-for-recessed-track/,/products/door-hardware/floor-guide-for-recessed-track/,301
/upcp_product/58-x-8-recessed-channel-track/,/products/door-hardware/58-x-8-recessed-channel-track/,301
/mouldings/product/58-x-8-recessed-channel-track/,/products/door-hardware/58-x-8-recessed-channel-track/,301
/interior-doors/product/58-x-8-recessed-channel-track/,/products/door-hardware/58-x-8-recessed-channel-track/,301
/doors/product/58-x-8-recessed-channel-track/,/products/door-hardware/58-x-8-recessed-channel-track/,301
/upcp_product/pocket-door-hanger-125lbs/,/products/door-hardware/pocket-door-hanger-125lbs/,301
/mouldings/product/pocket-door-hanger-125lbs/,/products/door-hardware/pocket-door-hanger-125lbs/,301
/interior-doors/product/pocket-door-hanger-125lbs/,/products/door-hardware/pocket-door-hanger-125lbs/,301
/doors/product/pocket-door-hanger-125lbs/,/products/door-hardware/pocket-door-hanger-125lbs/,301
/upcp_product/by-passing-track-for-1-34-doors-/,/products/door-hardware/by-passing-track-for-1-34-doors/,301
/mouldings/product/by-passing-track-for-1-34-doors-/,/products/door-hardware/by-passing-track-for-1-34-doors/,301
/interior-doors/product/by-passing-track-for-1-34-doors-/,/products/door-hardware/by-passing-track-for-1-34-doors/,301
/doors/product/by-passing-track-for-1-34-doors-/,/products/door-hardware/by-passing-track-for-1-34-doors/,301
/upcp_product/by-passing-track-for-1-34-doors/,/products/door-hardware/by-passing-track-for-1-34-doors/,301
/mouldings/product/by-passing-track-for-1-34-doors/,/products/door-hardware/by-passing-track-for-1-34-doors/,301
/interior-doors/product/by-passing-track-for-1-34-doors/,/products/door-hardware/by-passing-track-for-1-34-doors/,301
/doors/product/by-passing-track-for-1-34-doors/,/products/door-hardware/by-passing-track-for-1-34-doors/,301
/upcp_product/screw-type-plate-with-olive-guide/,/products/door-hardware/screw-type-plate-with-olive-guide/,301
/mouldings/product/screw-type-plate-with-olive-guide/,/products/door-hardware/screw-type-plate-with-olive-guide/,301
/interior-doors/product/screw-type-plate-with-olive-guide/,/products/door-hardware/screw-type-plate-with-olive-guide/,301
/doors/product/screw-type-plate-with-olive-guide/,/products/door-hardware/screw-type-plate-with-olive-guide/,301
/upcp_product/bottom-guide/,/products/door-hardware/bottom-guide/,301
/mouldings/product/bottom-guide/,/products/door-hardware/bottom-guide/,301
/interior-doors/product/bottom-guide/,/products/door-hardware/bottom-guide/,301
/doors/product/bottom-guide/,/products/door-hardware/bottom-guide/,301
/upcp_product/black-pvc-u-channel/,/products/door-hardware/black-pvc-u-channel/,301
/mouldings/product/black-pvc-u-channel/,/products/door-hardware/black-pvc-u-channel/,301
/interior-doors/product/black-pvc-u-channel/,/products/door-hardware/black-pvc-u-channel/,301
/doors/product/black-pvc-u-channel/,/products/door-hardware/black-pvc-u-channel/,301
/upcp_product/aluminum-u-channel/,/products/door-hardware/aluminum-u-channel/,301
/mouldings/product/aluminum-u-channel/,/products/door-hardware/aluminum-u-channel/,301
/interior-doors/product/aluminum-u-channel/,/products/door-hardware/aluminum-u-channel/,301
/doors/product/aluminum-u-channel/,/products/door-hardware/aluminum-u-channel/,301
/upcp_product/long-pocket-door-track-13/,/products/door-hardware/long-pocket-door-track-13/,301
/mouldings/product/long-pocket-door-track-13/,/products/door-hardware/long-pocket-door-track-13/,301
/interior-doors/product/long-pocket-door-track-13/,/products/door-hardware/long-pocket-door-track-13/,301
/doors/product/long-pocket-door-track-13/,/products/door-hardware/long-pocket-door-track-13/,301
/upcp_product/sliding-system-set-for-88-lbs/,/products/door-hardware/sliding-system-set-for-88-lbs/,301
/mouldings/product/sliding-system-set-for-88-lbs/,/products/door-hardware/sliding-system-set-for-88-lbs/,301
/interior-doors/product/sliding-system-set-for-88-lbs/,/products/door-hardware/sliding-system-set-for-88-lbs/,301
/doors/product/sliding-system-set-for-88-lbs/,/products/door-hardware/sliding-system-set-for-88-lbs/,301
/upcp_product/soft-cose-sliding-system-88lbs/,/products/door-hardware/soft-cose-sliding-system-88lbs/,301
/mouldings/product/soft-cose-sliding-system-88lbs/,/products/door-hardware/soft-cose-sliding-system-88lbs/,301
/interior-doors/product/soft-cose-sliding-system-88lbs/,/products/door-hardware/soft-cose-sliding-system-88lbs/,301
/doors/product/soft-cose-sliding-system-88lbs/,/products/door-hardware/soft-cose-sliding-system-88lbs/,301
/upcp_product/roller-kit-no-track/,/products/door-hardware/roller-kit-no-track/,301
/mouldings/product/roller-kit-no-track/,/products/door-hardware/roller-kit-no-track/,301
/interior-doors/product/roller-kit-no-track/,/products/door-hardware/roller-kit-no-track/,301
/doors/product/roller-kit-no-track/,/products/door-hardware/roller-kit-no-track/,301
/upcp_product/soft-close-sliding-system-176-lbs/,/products/door-hardware/soft-close-sliding-system-176-lbs/,301
/mouldings/product/soft-close-sliding-system-176-lbs/,/products/door-hardware/soft-close-sliding-system-176-lbs/,301
/interior-doors/product/soft-close-sliding-system-176-lbs/,/products/door-hardware/soft-close-sliding-system-176-lbs/,301
/doors/product/soft-close-sliding-system-176-lbs/,/products/door-hardware/soft-close-sliding-system-176-lbs/,301
/upcp_product/3-x-3-ball-bearing-hinge-58-rad/,/products/door-hardware/3-x-3-ball-bearing-hinge-58-rad/,301
/mouldings/product/3-x-3-ball-bearing-hinge-58-rad/,/products/door-hardware/3-x-3-ball-bearing-hinge-58-rad/,301
/interior-doors/product/3-x-3-ball-bearing-hinge-58-rad/,/products/door-hardware/3-x-3-ball-bearing-hinge-58-rad/,301
/doors/product/3-x-3-ball-bearing-hinge-58-rad/,/products/door-hardware/3-x-3-ball-bearing-hinge-58-rad/,301
/upcp_product/3-12-ball-bearing-sq-butt-hinge/,/products/door-hardware/3-12-ball-bearing-sq-butt-hinge/,301
/mouldings/product/3-12-ball-bearing-sq-butt-hinge/,/products/door-hardware/3-12-ball-bearing-sq-butt-hinge/,301
/interior-doors/product/3-12-ball-bearing-sq-butt-hinge/,/products/door-hardware/3-12-ball-bearing-sq-butt-hinge/,301
/doors/product/3-12-ball-bearing-sq-butt-hinge/,/products/door-hardware/3-12-ball-bearing-sq-butt-hinge/,301
/upcp_product/3-12-ball-bearing-sq-butt-hinge-nickel/,/products/door-hardware/3-12-ball-bearing-sq-butt-hinge-nickel/,301
/mouldings/product/3-12-ball-bearing-sq-butt-hinge-nickel/,/products/door-hardware/3-12-ball-bearing-sq-butt-hinge-nickel/,301
/interior-doors/product/3-12-ball-bearing-sq-butt-hinge-nickel/,/products/door-hardware/3-12-ball-bearing-sq-butt-hinge-nickel/,301
/doors/product/3-12-ball-bearing-sq-butt-hinge-nickel/,/products/door-hardware/3-12-ball-bearing-sq-butt-hinge-nickel/,301
/upcp_product/pocket-door-pull-/,/products/door-hardware/pocket-door-pull/,301
/mouldings/product/pocket-door-pull-/,/products/door-hardware/pocket-door-pull/,301
/interior-doors/product/pocket-door-pull-/,/products/door-hardware/pocket-door-pull/,301
/doors/product/pocket-door-pull-/,/products/door-hardware/pocket-door-pull/,301
/upcp_product/pocket-door-pull-2/,/products/door-hardware/pocket-door-pull/,301
/mouldings/product/pocket-door-pull-2/,/products/door-hardware/pocket-door-pull/,301
/interior-doors/product/pocket-door-pull-2/,/products/door-hardware/pocket-door-pull/,301
/doors/product/pocket-door-pull-2/,/products/door-hardware/pocket-door-pull/,301
/upcp_product/chrome-closet-rod-8-and-10/,/products/door-hardware/chrome-closet-rod-8-and-10/,301
/mouldings/product/chrome-closet-rod-8-and-10/,/products/door-hardware/chrome-closet-rod-8-and-10/,301
/interior-doors/product/chrome-closet-rod-8-and-10/,/products/door-hardware/chrome-closet-rod-8-and-10/,301
/doors/product/chrome-closet-rod-8-and-10/,/products/door-hardware/chrome-closet-rod-8-and-10/,301
/upcp_product/open-and-closed-flange-chrome-for-closet-rods/,/products/door-hardware/open-and-closed-flange-chrome-for-closet-rods/,301
/mouldings/product/open-and-closed-flange-chrome-for-closet-rods/,/products/door-hardware/open-and-closed-flange-chrome-for-closet-rods/,301
/interior-doors/product/open-and-closed-flange-chrome-for-closet-rods/,/products/door-hardware/open-and-closed-flange-chrome-for-closet-rods/,301
/doors/product/open-and-closed-flange-chrome-for-closet-rods/,/products/door-hardware/open-and-closed-flange-chrome-for-closet-rods/,301
/upcp_product/stair-tread-covers-white-oak/,/products/stair-railing/stair-tread-covers-white-oak/,301
/mouldings/product/stair-tread-covers-white-oak/,/products/stair-railing/stair-tread-covers-white-oak/,301
/interior-doors/product/stair-tread-covers-white-oak/,/products/stair-railing/stair-tread-covers-white-oak/,301
/doors/product/stair-tread-covers-white-oak/,/products/stair-railing/stair-tread-covers-white-oak/,301
/upcp_product/stair-tread-covers-hard-maple/,/products/stair-railing/stair-tread-covers-hard-maple/,301
/mouldings/product/stair-tread-covers-hard-maple/,/products/stair-railing/stair-tread-covers-hard-maple/,301
/interior-doors/product/stair-tread-covers-hard-maple/,/products/stair-railing/stair-tread-covers-hard-maple/,301
/doors/product/stair-tread-covers-hard-maple/,/products/stair-railing/stair-tread-covers-hard-maple/,301
/upcp_product/stair-tread-cover---econo-oak/,/products/stair-railing/stair-tread-cover-econo-oak/,301
/mouldings/product/stair-tread-cover---econo-oak/,/products/stair-railing/stair-tread-cover-econo-oak/,301
/interior-doors/product/stair-tread-cover---econo-oak/,/products/stair-railing/stair-tread-cover-econo-oak/,301
/doors/product/stair-tread-cover---econo-oak/,/products/stair-railing/stair-tread-cover-econo-oak/,301
/upcp_product/6-12-architrave/,/products/trim-mouldings/6-12-architrave/,301
/mouldings/product/6-12-architrave/,/products/trim-mouldings/6-12-architrave/,301
/interior-doors/product/6-12-architrave/,/products/trim-mouldings/6-12-architrave/,301
/doors/product/6-12-architrave/,/products/trim-mouldings/6-12-architrave/,301
/upcp_product/primed-mdf-crown-739/,/products/trim-mouldings/primed-mdf-crown-739/,301
/mouldings/product/primed-mdf-crown-739/,/products/trim-mouldings/primed-mdf-crown-739/,301
/interior-doors/product/primed-mdf-crown-739/,/products/trim-mouldings/primed-mdf-crown-739/,301
/doors/product/primed-mdf-crown-739/,/products/trim-mouldings/primed-mdf-crown-739/,301
/upcp_product/3-12-backband-casing/,/products/trim-mouldings/3-12-backband-casing/,301
/mouldings/product/3-12-backband-casing/,/products/trim-mouldings/3-12-backband-casing/,301
/interior-doors/product/3-12-backband-casing/,/products/trim-mouldings/3-12-backband-casing/,301
/doors/product/3-12-backband-casing/,/products/trim-mouldings/3-12-backband-casing/,301
/upcp_product/7-14-ornamental-base-771/,/products/trim-mouldings/7-14-ornamental-base-771/,301
/mouldings/product/7-14-ornamental-base-771/,/products/trim-mouldings/7-14-ornamental-base-771/,301
/interior-doors/product/7-14-ornamental-base-771/,/products/trim-mouldings/7-14-ornamental-base-771/,301
/doors/product/7-14-ornamental-base-771/,/products/trim-mouldings/7-14-ornamental-base-771/,301
/upcp_product/router-carved-mdf/,/products/interior-doors/router-carved-mdf/,301
/mouldings/product/router-carved-mdf/,/products/interior-doors/router-carved-mdf/,301
/interior-doors/product/router-carved-mdf/,/products/interior-doors/router-carved-mdf/,301
/doors/product/router-carved-mdf/,/products/interior-doors/router-carved-mdf/,301
/upcp_product/fine-line-router-carved-mdf-/,/products/interior-doors/fine-line-router-carved-mdf/,301
/mouldings/product/fine-line-router-carved-mdf-/,/products/interior-doors/fine-line-router-carved-mdf/,301
/interior-doors/product/fine-line-router-carved-mdf-/,/products/interior-doors/fine-line-router-carved-mdf/,301
/doors/product/fine-line-router-carved-mdf-/,/products/interior-doors/fine-line-router-carved-mdf/,301
/upcp_product/fine-line-router-carved-mdf/,/products/interior-doors/fine-line-router-carved-mdf/,301
/mouldings/product/fine-line-router-carved-mdf/,/products/interior-doors/fine-line-router-carved-mdf/,301
/interior-doors/product/fine-line-router-carved-mdf/,/products/interior-doors/fine-line-router-carved-mdf/,301
/doors/product/fine-line-router-carved-mdf/,/products/interior-doors/fine-line-router-carved-mdf/,301
/upcp_product/9-14-bevelled-bas-902-mdf/,/products/trim-mouldings/9-14-bevelled-bas-902-mdf/,301
/mouldings/product/9-14-bevelled-bas-902-mdf/,/products/trim-mouldings/9-14-bevelled-bas-902-mdf/,301
/interior-doors/product/9-14-bevelled-bas-902-mdf/,/products/trim-mouldings/9-14-bevelled-bas-902-mdf/,301
/doors/product/9-14-bevelled-bas-902-mdf/,/products/trim-mouldings/9-14-bevelled-bas-902-mdf/,301
/upcp_product/9-14-contemporary-step-bevel-baseboard-932/,/products/trim-mouldings/9-14-contemporary-step-bevel-baseboard-932/,301
/mouldings/product/9-14-contemporary-step-bevel-baseboard-932/,/products/trim-mouldings/9-14-contemporary-step-bevel-baseboard-932/,301
/interior-doors/product/9-14-contemporary-step-bevel-baseboard-932/,/products/trim-mouldings/9-14-contemporary-step-bevel-baseboard-932/,301
/doors/product/9-14-contemporary-step-bevel-baseboard-932/,/products/trim-mouldings/9-14-contemporary-step-bevel-baseboard-932/,301
/upcp_product/modern-oak-handrail-2l1/,/products/trim-mouldings/modern-oak-handrail-2l1/,301
/mouldings/product/modern-oak-handrail-2l1/,/products/trim-mouldings/modern-oak-handrail-2l1/,301
/interior-doors/product/modern-oak-handrail-2l1/,/products/trim-mouldings/modern-oak-handrail-2l1/,301
/doors/product/modern-oak-handrail-2l1/,/products/trim-mouldings/modern-oak-handrail-2l1/,301
/upcp_product/square-backband-1e5/,/products/trim-mouldings/square-backband-1e5/,301
/mouldings/product/square-backband-1e5/,/products/trim-mouldings/square-backband-1e5/,301
/interior-doors/product/square-backband-1e5/,/products/trim-mouldings/square-backband-1e5/,301
/doors/product/square-backband-1e5/,/products/trim-mouldings/square-backband-1e5/,301
/upcp_product/contemporary-door-stop-1m6/,/products/trim-mouldings/contemporary-door-stop-1m6/,301
/mouldings/product/contemporary-door-stop-1m6/,/products/trim-mouldings/contemporary-door-stop-1m6/,301
/interior-doors/product/contemporary-door-stop-1m6/,/products/trim-mouldings/contemporary-door-stop-1m6/,301
/doors/product/contemporary-door-stop-1m6/,/products/trim-mouldings/contemporary-door-stop-1m6/,301
